time(d),htop(cm),hbot(cm),ctop(mg/L),cbot(mg/L), water_input(cm),ET(cm),water_drainage(cm),water_tot(cm),water_MB_error(%),pfas_in(mg),pfas_decay(mg),pfas_discharge(mg),pfas_tot(mg),pfas_MB_error(%)
 1.0000000E-08,-2.9999850E+02,-3.0000000E+02, 3.5571133E-09, 4.1407000E-28, 1.0000000E-08, 2.0998493E-18, 2.2749603E-14, 5.8944146E-01, 3.7670341E-14, 1.0000000E-11, 0.0000000E+00, 9.4199280E-45, 1.0000000E-11, 1.7320872E-10
 2.0000000E-08,-2.9999701E+02,-3.0000000E+02, 7.7370302E-09, 4.1407000E-28, 2.0000000E-08,-1.9962333E-18, 4.5499206E-14, 5.8944147E-01, 1.8835170E-14, 2.0000000E-11, 0.0000000E+00, 1.8839856E-44, 2.0000000E-11, 4.6509873E-09
 3.5000000E-08,-2.9999476E+02,-3.0000000E+02, 1.4471536E-08, 4.1407000E-28, 3.5000000E-08,-6.4740035E-18, 7.9623610E-14, 5.8944148E-01, 1.8835170E-14, 3.5000000E-11, 0.0000000E+00, 3.2969748E-44, 3.5000000E-11, 3.5297866E-09
 5.7500000E-08,-2.9999139E+02,-3.0000000E+02, 2.5196671E-08, 4.1407000E-28, 5.7500000E-08,-1.3796087E-17, 1.3081022E-13, 5.8944151E-01, 1.8835169E-14, 5.7500000E-11, 0.0000000E+00, 5.4164586E-44, 5.7500000E-11, 2.4731691E-09
 9.1250000E-08,-2.9998634E+02,-3.0000000E+02, 4.2171294E-08, 4.1407000E-28, 9.1250000E-08,-8.8544176E-18, 2.0759013E-13, 5.8944154E-01, 0.0000000E+00, 9.1250000E-11, 0.0000000E+00, 8.5956843E-44, 9.1250000E-11, 1.7287757E-09
 1.4187500E-07,-2.9997877E+02,-3.0000000E+02, 6.8934670E-08, 4.1407000E-28, 1.4187500E-07,-9.1833377E-18, 3.2275305E-13, 5.8944159E-01, 1.8835166E-14, 1.4187500E-10, 0.0000000E+00, 1.3364236E-43, 1.4187500E-10, 1.2206205E-09
 2.1781250E-07,-2.9996740E+02,-3.0000000E+02, 1.1102323E-07, 4.1407000E-28, 2.1781250E-07,-1.4772882E-17, 4.9550785E-13, 5.8944167E-01, 1.8835164E-14, 2.1781250E-10, 0.0000000E+00, 2.0517493E-43, 2.1781250E-10, 8.7309264E-10
 3.3171875E-07,-2.9995036E+02,-3.0000000E+02, 1.7708835E-07, 4.1407000E-28, 3.3171875E-07,-1.2661864E-17, 7.5464004E-13, 5.8944178E-01, 1.8835160E-14, 3.3171875E-10, 0.0000000E+00, 3.1247380E-43, 3.3171875E-10, 6.3352375E-10
 5.0257813E-07,-2.9992481E+02,-3.0000000E+02, 2.8063680E-07, 4.1407000E-28, 5.0257813E-07,-1.4547756E-17, 1.1433383E-12, 5.8944195E-01, 1.8835155E-14, 5.0257813E-10, 0.0000000E+00, 4.7342210E-43, 5.0257812E-10, 4.6674733E-10
 7.5886719E-07,-2.9988650E+02,-3.0000000E+02, 4.4273780E-07, 4.1407000E-28, 7.5886719E-07,-1.4500587E-17, 1.7263858E-12, 5.8944221E-01, 1.8835146E-14, 7.5886719E-10, 0.0000000E+00, 7.1484455E-43, 7.5886719E-10, 3.4949876E-10
 1.1433008E-06,-2.9982906E+02,-3.0000000E+02, 6.9622986E-07, 4.1407000E-28, 1.1433008E-06,-1.0005065E-17, 2.6009569E-12, 5.8944259E-01, 3.7670268E-14, 1.1433008E-09, 0.0000000E+00, 1.0769782E-42, 1.1433008E-09, 2.3233970E-10
 1.7199512E-06,-2.9974299E+02,-3.0000000E+02, 1.0922524E-06, 4.1407000E-28, 1.7199512E-06,-1.0345255E-17, 3.9128137E-12, 5.8944317E-01, 1.8835116E-14, 1.7199512E-09, 0.0000000E+00, 1.6201788E-42, 1.7199512E-09, 1.5445280E-10
 2.5849268E-06,-2.9961408E+02,-3.0000000E+02, 1.7103784E-06, 4.1407000E-28, 2.5849268E-06,-9.5631261E-18, 5.8805988E-12, 5.8944403E-01, 1.8835088E-14, 2.5849268E-09, 0.0000000E+00, 2.4349795E-42, 2.5849268E-09, 1.0275611E-10
 3.8823901E-06,-2.9942111E+02,-3.0000000E+02, 2.6743195E-06, 4.1407000E-28, 3.8823901E-06,-1.4262677E-17, 8.8322764E-12, 5.8944533E-01, 0.0000000E+00, 3.8823901E-09, 0.0000000E+00, 3.6571807E-42, 3.8823901E-09, 6.8371741E-11
 5.8285852E-06,-2.9913260E+02,-3.0000000E+02, 4.1762501E-06, 4.1407000E-28, 5.8285852E-06,-1.1428928E-17, 1.3259793E-11, 5.8944728E-01, 1.8834984E-14, 5.8285852E-09, 0.0000000E+00, 5.4904824E-42, 5.8285852E-09, 4.5542059E-11
 8.7478778E-06,-2.9870190E+02,-3.0000000E+02, 6.5144503E-06, 4.1407000E-28, 8.7478778E-06,-1.2304336E-17, 1.9901068E-11, 5.8945020E-01, 0.0000000E+00, 8.7478778E-09, 0.0000000E+00, 8.2404351E-42, 8.7478778E-09, 3.0351850E-11
 1.3126817E-05,-2.9806047E+02,-3.0000000E+02, 1.0151521E-05, 4.1407000E-28, 1.3126817E-05,-1.6343837E-17, 2.9862980E-11, 5.8945457E-01, 0.0000000E+00, 1.3126817E-08, 0.0000000E+00, 1.2365364E-41, 1.3126817E-08, 2.0226859E-11
 1.9695225E-05,-2.9710856E+02,-3.0000000E+02, 1.5804366E-05, 4.1407000E-28, 1.9695225E-05,-1.8652848E-17, 4.4805848E-11, 5.8946114E-01, 3.7669083E-14, 1.9695225E-08, 0.0000000E+00, 1.8552757E-41, 1.9695225E-08, 1.3453325E-11
 2.9547838E-05,-2.9570317E+02,-3.0000000E+02, 2.4583219E-05, 4.1407000E-28, 2.9547838E-05,-2.0272375E-17, 6.7220150E-11, 5.8947100E-01, 1.8834227E-14, 2.9547838E-08, 0.0000000E+00, 2.7833847E-41, 2.9547838E-08, 8.9580921E-12
 4.4326756E-05,-2.9364394E+02,-3.0000000E+02, 3.8206439E-05, 4.1407000E-28, 4.4326756E-05,-2.0546814E-17, 1.0084160E-10, 5.8948577E-01, 1.8833754E-14, 4.4326756E-08, 0.0000000E+00, 4.1755483E-41, 4.4326756E-08, 5.9713878E-12
 6.6495135E-05,-2.9065952E+02,-3.0000000E+02, 5.9332152E-05, 4.1407000E-28, 6.6495135E-05,-2.0380796E-17, 1.5127378E-10, 5.8950794E-01, 0.0000000E+00, 6.6495135E-08, 0.0000000E+00, 6.2637935E-41, 6.6495135E-08, 3.9559014E-12
 9.9747702E-05,-2.8640096E+02,-3.0000000E+02, 9.2071565E-05, 4.1407000E-28, 9.9747702E-05,-2.0041982E-17, 2.2692205E-10, 5.8954120E-01, 1.8831984E-14, 9.9747702E-08, 0.0000000E+00, 9.3961614E-41, 9.9747702E-08, 2.6371354E-12
 1.4962655E-04,-2.8045387E+02,-3.0000000E+02, 1.4278374E-04, 4.1407000E-28, 1.4962655E-04,-2.1024541E-17, 3.4039446E-10, 5.8959107E-01, 0.0000000E+00, 1.4962655E-07, 0.0000000E+00, 1.4094713E-40, 1.4962655E-07, 1.7580315E-12
 2.2444483E-04,-2.7238537E+02,-3.0000000E+02, 2.2130794E-04, 4.1407000E-28, 2.2444483E-04,-2.1458221E-17, 5.1060306E-10, 5.8966589E-01, 1.8828001E-14, 2.2444483E-07, 0.0000000E+00, 2.1142541E-40, 2.2444483E-07, 1.1524617E-12
 3.3667224E-04,-2.6183752E+02,-3.0000000E+02, 3.4288478E-04, 4.1407000E-28, 3.3667224E-04,-1.8097195E-17, 7.6591597E-10, 5.8977812E-01, 1.8824419E-14, 3.3667224E-07, 0.0000000E+00, 3.1714283E-40, 3.3667224E-07, 7.6829637E-13
 5.0501337E-04,-2.4865681E+02,-3.0000000E+02, 5.3115548E-04, 4.1407000E-28, 5.0501337E-04,-1.7148518E-17, 1.1488853E-09, 5.8994646E-01, 1.8819047E-14, 5.0501337E-07, 0.0000000E+00, 4.7571895E-40, 5.0501337E-07, 4.8614882E-13
 7.5752505E-04,-2.3301257E+02,-3.0000000E+02, 8.2288768E-04, 4.1407000E-28, 7.5752505E-04,-1.9045872E-17, 1.7233394E-09, 5.9019897E-01, 1.8810996E-14, 7.5752505E-07, 0.0000000E+00, 7.1358314E-40, 7.5752505E-07, 3.3567197E-13
 1.1362926E-03,-2.1543870E+02,-3.0000000E+02, 1.2754418E-03, 4.1407000E-28, 1.1362926E-03,-2.4033202E-17, 2.5850205E-09, 5.9057774E-01, 0.0000000E+00, 1.1362926E-06, 0.0000000E+00, 1.0703794E-39, 1.1362926E-06, 2.4693002E-13
 1.7044439E-03,-1.9677549E+02,-3.0000000E+02, 1.9786283E-03, 4.1407000E-28, 1.7044439E-03,-2.5225824E-17, 3.8775421E-09, 5.9114589E-01, 0.0000000E+00, 1.7044439E-06, 0.0000000E+00, 1.6055738E-39, 1.7044439E-06, 1.8519697E-13
 2.5566708E-03,-1.7808031E+02,-3.0000000E+02, 3.0733264E-03, 4.1407000E-28, 2.5566708E-03,-2.9020532E-17, 5.8163245E-09, 5.9199811E-01, 1.8753827E-14, 2.5566708E-06, 0.0000000E+00, 2.4083655E-39, 2.5566708E-06, 1.7833747E-13
 3.8350112E-03,-1.6056031E+02,-3.0000000E+02, 4.7788407E-03, 4.1407000E-28, 3.8350112E-03,-3.2706819E-17, 8.7244981E-09, 5.9327645E-01, 0.0000000E+00, 3.8350112E-06, 0.0000000E+00, 3.6125529E-39, 3.8350112E-06, 1.2803699E-13
 5.7525218E-03,-1.4522628E+02,-3.0000000E+02, 7.4290854E-03, 4.1407000E-28, 5.7525218E-03,-3.8127830E-17, 1.3086759E-08, 5.9519396E-01, 0.0000000E+00, 5.7525218E-06, 0.0000000E+00, 5.4188341E-39, 5.7525218E-06, 1.5852186E-13
 7.6700324E-03,-1.3569511E+02,-3.0000000E+02, 1.0151335E-02, 4.1407000E-28, 7.6700324E-03,-4.0946756E-17, 1.7449019E-08, 5.9711146E-01, 0.0000000E+00, 7.6700324E-06, 0.0000000E+00, 7.2251153E-39, 7.6700324E-06, 3.6581951E-13
 9.5875430E-03,-1.2909698E+02,-3.0000000E+02, 1.2917576E-02, 4.1407000E-28, 9.5875430E-03,-3.0104734E-17, 2.1811279E-08, 5.9902897E-01, 1.8533711E-14, 9.5875430E-06, 0.0000000E+00, 9.0313965E-39, 9.5875430E-06, 4.9751440E-13
 1.1505054E-02,-1.2420474E+02,-3.0000000E+02, 1.5709758E-02, 4.1407000E-28, 1.1505054E-02,-2.6852127E-17, 2.6173540E-08, 6.0094648E-01, 1.8474573E-14, 1.1505054E-05, 0.0000000E+00, 1.0837678E-38, 1.1505054E-05, 5.9750494E-13
 1.3422564E-02,-1.2040942E+02,-3.0000000E+02, 1.8514840E-02, 4.1407000E-28, 1.3422564E-02,-2.3274260E-17, 3.0535800E-08, 6.0286398E-01, 1.8415812E-14, 1.3422564E-05, 0.0000000E+00, 1.2643959E-38, 1.3422564E-05, 7.1073464E-13
 1.5340075E-02,-1.1737047E+02,-3.0000000E+02, 2.1322901E-02, 4.1407000E-28, 1.5340075E-02,-2.0780595E-17, 3.4898061E-08, 6.0478149E-01, 0.0000000E+00, 1.5340075E-05, 0.0000000E+00, 1.4450240E-38, 1.5340075E-05, 8.5967528E-13
 1.7257585E-02,-1.1487727E+02,-3.0000000E+02, 2.4126446E-02, 4.1407000E-28, 1.7257585E-02,-6.1438658E-18, 3.9260321E-08, 6.0669899E-01, 1.8299403E-14, 1.7257585E-05, 0.0000000E+00, 1.6256521E-38, 1.7257585E-05, 1.0242939E-12
 1.9175096E-02,-1.1278970E+02,-3.0000000E+02, 2.6920011E-02, 4.1407000E-28, 1.9175096E-02, 2.0960707E-18, 4.3622582E-08, 6.0861650E-01, 0.0000000E+00, 1.9175096E-05, 0.0000000E+00, 1.8062802E-38, 1.9175096E-05, 1.1998870E-12
 2.1092607E-02,-1.1101032E+02,-3.0000000E+02, 2.9699716E-02, 4.1407000E-28, 2.1092607E-02, 3.6134723E-19, 4.7984842E-08, 6.1053401E-01, 0.0000000E+00, 2.1092607E-05, 0.0000000E+00, 1.9869084E-38, 2.1092607E-05, 1.3967642E-12
 2.3010117E-02,-1.0946971E+02,-3.0000000E+02, 3.2462812E-02, 4.1407000E-28, 2.3010117E-02, 6.4328794E-18, 5.2347102E-08, 6.1245151E-01, 1.8127524E-14, 2.3010117E-05, 0.0000000E+00, 2.1675365E-38, 2.3010117E-05, 1.5852165E-12
 2.4927628E-02,-1.0811775E+02,-3.0000000E+02, 3.5207297E-02, 4.1407000E-28, 2.4927628E-02, 2.2750122E-17, 5.6709363E-08, 6.1436902E-01, 1.8070946E-14, 2.4927628E-05, 0.0000000E+00, 2.3481646E-38, 2.4927628E-05, 1.8459798E-12
 2.6845138E-02,-1.0691782E+02,-3.0000000E+02, 3.7931628E-02, 4.1407000E-28, 2.6845138E-02, 2.6436409E-17, 6.1071623E-08, 6.1628652E-01, 1.8014720E-14, 2.6845138E-05, 0.0000000E+00, 2.5287927E-38, 2.6845138E-05, 2.1531071E-12
 2.8762649E-02,-1.0584269E+02,-3.0000000E+02, 4.0634584E-02, 4.1407000E-28, 2.8762649E-02, 2.2858542E-17, 6.5433884E-08, 6.1820403E-01, 1.7958843E-14, 2.8762649E-05, 0.0000000E+00, 2.7094208E-38, 2.8762649E-05, 2.3997737E-12
 3.0680159E-02,-1.0487162E+02,-3.0000000E+02, 4.3315188E-02, 4.1407000E-28, 3.0680159E-02, 2.9255335E-17, 6.9796144E-08, 6.2012154E-01, 1.7903311E-14, 3.0680159E-05, 0.0000000E+00, 2.8900489E-38, 3.0680159E-05, 2.7253527E-12
 3.2597670E-02,-1.0398842E+02,-3.0000000E+02, 4.5972699E-02, 4.1407000E-28, 3.2597670E-02, 2.0202247E-17, 7.4158405E-08, 6.2203904E-01, 0.0000000E+00, 3.2597670E-05, 0.0000000E+00, 3.0706771E-38, 3.2597670E-05, 3.0470583E-12
 3.4515181E-02,-1.0318013E+02,-3.0000000E+02, 4.8606582E-02, 4.1407000E-28, 3.4515181E-02, 1.2558622E-17, 7.8520665E-08, 6.2395655E-01, 1.7793272E-14, 3.4515181E-05, 0.0000000E+00, 3.2513052E-38, 3.4515181E-05, 3.3817947E-12
 3.6432691E-02,-1.0243620E+02,-3.0000000E+02, 5.1216504E-02, 4.1407000E-28, 3.6432691E-02, 3.4351085E-17, 8.2882925E-08, 6.2587406E-01, 1.7738759E-14, 3.6432691E-05, 0.0000000E+00, 3.4319333E-38, 3.6432691E-05, 3.7429073E-12
 3.8350202E-02,-1.0174797E+02,-3.0000000E+02, 5.3802260E-02, 4.1407000E-28, 3.8350202E-02, 3.9067365E-17, 8.7245186E-08, 6.2779156E-01, 1.7684578E-14, 3.8350202E-05, 0.0000000E+00, 3.6125614E-38, 3.8350202E-05, 4.1557053E-12
 4.0267712E-02,-1.0110829E+02,-3.0000000E+02, 5.6363774E-02, 4.1407000E-28, 4.0267712E-02, 2.8062713E-17, 9.1607446E-08, 6.2970907E-01, 1.7630727E-14, 4.0267712E-05, 0.0000000E+00, 3.7931895E-38, 4.0267712E-05, 4.5570610E-12
 4.2185223E-02,-1.0051129E+02,-3.0000000E+02, 5.8901025E-02, 4.1407000E-28, 4.2185223E-02, 2.7412191E-17, 9.5969707E-08, 6.3162657E-01, 3.5154406E-14, 4.2185223E-05, 0.0000000E+00, 3.9738176E-38, 4.2185223E-05, 4.9618375E-12
 4.4102734E-02,-9.9952057E+01,-3.0000000E+02, 6.1414045E-02, 4.1407000E-28, 4.4102734E-02, 2.2045391E-17, 1.0033197E-07, 6.3354408E-01, 1.7524003E-14, 4.4102734E-05, 0.0000000E+00, 4.1544458E-38, 4.4102734E-05, 5.3823125E-12
 4.6020244E-02,-9.9426523E+01,-3.0000000E+02, 6.3902894E-02, 4.1407000E-28, 4.6020244E-02, 1.9605936E-17, 1.0469423E-07, 6.3546159E-01, 1.7471124E-14, 4.6020244E-05, 0.0000000E+00, 4.3350739E-38, 4.6020244E-05, 5.8531058E-12
 4.7937755E-02,-9.8931232E+01,-3.0000000E+02, 6.6367670E-02, 4.1407000E-28, 4.7937755E-02, 1.0010747E-17, 1.0905649E-07, 6.3737909E-01, 1.7418564E-14, 4.7937755E-05, 0.0000000E+00, 4.5157020E-38, 4.7937755E-05, 6.3330604E-12
 4.9855265E-02,-9.8463224E+01,-3.0000000E+02, 6.8808510E-02, 4.1407000E-28, 4.9855265E-02, 2.6084044E-17, 1.1341875E-07, 6.3929660E-01, 1.7366318E-14, 4.9855265E-05, 0.0000000E+00, 4.6963301E-38, 4.9855265E-05, 6.8211193E-12
 5.1772776E-02,-9.8019921E+01,-3.0000000E+02, 7.1225597E-02, 4.1407000E-28, 5.1772776E-02, 2.7683242E-17, 1.1778101E-07, 6.4121411E-01, 3.4628771E-14, 5.1772776E-05, 0.0000000E+00, 4.8769582E-38, 5.1772776E-05, 7.3488993E-12
 5.3690287E-02,-9.7599064E+01,-3.0000000E+02, 7.3619142E-02, 4.1407000E-28, 5.3690287E-02, 2.2723017E-17, 1.2214327E-07, 6.4313161E-01, 3.4525525E-14, 5.3690287E-05, 0.0000000E+00, 5.0575863E-38, 5.3690287E-05, 7.8807886E-12
 5.5607797E-02,-9.7198657E+01,-3.0000000E+02, 7.5989394E-02, 4.1407000E-28, 5.5607797E-02, 2.3319328E-17, 1.2650553E-07, 6.4504912E-01, 3.4422892E-14, 5.5607797E-05, 0.0000000E+00, 5.2382145E-38, 5.5607797E-05, 8.4769115E-12
 5.7525308E-02,-9.6816940E+01,-3.0000000E+02, 7.8336627E-02, 4.1407000E-28, 5.7525308E-02, 6.3244592E-18, 1.3086779E-07, 6.4696662E-01, 1.7160434E-14, 5.7525308E-05, 0.0000000E+00, 5.4188426E-38, 5.7525308E-05, 9.0918239E-12
 5.9442818E-02,-9.6452362E+01,-3.0000000E+02, 8.0661129E-02, 4.1407000E-28, 5.9442818E-02, 3.3700083E-18, 1.3523005E-07, 6.4888413E-01, 1.7109723E-14, 5.9442818E-05, 0.0000000E+00, 5.5994707E-38, 5.9442818E-05, 9.7048265E-12
 6.1360329E-02,-9.6103558E+01,-3.0000000E+02, 8.2963199E-02, 4.1407000E-28, 6.1360329E-02, 9.4957505E-18, 1.3959231E-07, 6.5080164E-01, 1.7059312E-14, 6.1360329E-05, 0.0000000E+00, 5.7800988E-38, 6.1360329E-05, 1.0279516E-11
 6.3277840E-02,-9.5769324E+01,-3.0000000E+02, 8.5243121E-02, 4.1407000E-28, 6.3277840E-02, 6.5684047E-18, 1.4395457E-07, 6.5271914E-01, 1.7009196E-14, 6.3277840E-05, 0.0000000E+00, 5.9607269E-38, 6.3277840E-05, 1.0961270E-11
 6.5195350E-02,-9.5448591E+01,-3.0000000E+02, 8.7501206E-02, 4.1407000E-28, 6.5195350E-02, 2.0879873E-17, 1.4831683E-07, 6.5463665E-01, 1.6959374E-14, 6.5195350E-05, 0.0000000E+00, 6.1413551E-38, 6.5195350E-05, 1.1637351E-11
 6.7112861E-02,-9.5140403E+01,-3.0000000E+02, 8.9737754E-02, 4.1407000E-28, 6.7112861E-02, 1.5540178E-17, 1.5267909E-07, 6.5655416E-01, 0.0000000E+00, 6.7112861E-05, 0.0000000E+00, 6.3219832E-38, 6.7112861E-05, 1.2341691E-11
 6.9030371E-02,-9.4843893E+01,-3.0000000E+02, 9.1953083E-02, 4.1407000E-28, 6.9030371E-02, 3.8172898E-17, 1.5704135E-07, 6.5847166E-01, 3.3721201E-14, 6.9030371E-05, 0.0000000E+00, 6.5026113E-38, 6.9030371E-05, 1.3071935E-11
 7.1906637E-02,-9.4422127E+01,-3.0000000E+02, 9.5226997E-02, 4.1407000E-28, 7.1906637E-02, 3.9582361E-17, 1.6358474E-07, 6.6134792E-01, 3.3574544E-14, 7.1906637E-05, 0.0000000E+00, 6.7735535E-38, 7.1906637E-05, 1.3626029E-11
 7.4782903E-02,-9.4021944E+01,-3.0000000E+02, 9.8455737E-02, 4.1407000E-28, 7.4782903E-02, 3.5923178E-17, 1.7012813E-07, 6.6422418E-01, 3.3429158E-14, 7.4782903E-05, 0.0000000E+00, 7.0444956E-38, 7.4782903E-05, 1.5128026E-11
 7.7659169E-02,-9.3640943E+01,-3.0000000E+02, 1.0164069E-01, 4.1407000E-28, 7.7659169E-02, 4.0774983E-17, 1.7667152E-07, 6.6710044E-01, 1.6642512E-14, 7.7659169E-05, 0.0000000E+00, 7.3154378E-38, 7.7659169E-05, 1.6663285E-11
 8.0535435E-02,-9.3276862E+01,-3.0000000E+02, 1.0478339E-01, 4.1407000E-28, 8.0535435E-02, 3.9202890E-17, 1.8321492E-07, 6.6997670E-01, 0.0000000E+00, 8.0535435E-05, 0.0000000E+00, 7.5863800E-38, 8.0535435E-05, 1.8242178E-11
 8.3411701E-02,-9.2927521E+01,-3.0000000E+02, 1.0788553E-01, 4.1407000E-28, 8.3411701E-02, 4.0232882E-17, 1.8975831E-07, 6.7285296E-01, 1.6500228E-14, 8.3411701E-05, 0.0000000E+00, 7.8573222E-38, 8.3411701E-05, 1.9860191E-11
 8.6287967E-02,-9.2590758E+01,-3.0000000E+02, 1.1094898E-01, 4.1407000E-28, 8.6287967E-02, 4.7957823E-17, 1.9630170E-07, 6.7572922E-01, 1.6429994E-14, 8.6287967E-05, 0.0000000E+00, 8.1282643E-38, 8.6287967E-05, 2.1539427E-11
 9.0602365E-02,-9.2106132E+01,-3.0000000E+02, 1.1545988E-01, 4.1407000E-28, 9.0602365E-02, 6.4762956E-17, 2.0611678E-07, 6.8004361E-01, 1.6325757E-14, 9.0602365E-05, 0.0000000E+00, 8.5346776E-38, 9.0602365E-05, 2.2867369E-11
 9.4916764E-02,-9.1635818E+01,-3.0000000E+02, 1.1989912E-01, 4.1407000E-28, 9.4916764E-02, 5.2836732E-17, 2.1593187E-07, 6.8435800E-01, 1.6222835E-14, 9.4916764E-05, 0.0000000E+00, 8.9410909E-38, 9.4916764E-05, 2.6262114E-11
 9.9231163E-02,-9.1171990E+01,-3.0000000E+02, 1.2427610E-01, 4.1407000E-28, 9.9231163E-02, 3.6682120E-17, 2.2574695E-07, 6.8867239E-01, 0.0000000E+00, 9.9231163E-05, 0.0000000E+00, 9.3475041E-38, 9.9231163E-05, 2.9734905E-11
 1.0000000E-01,-9.1089981E+01,-3.0000000E+02, 1.2505586E-01, 4.1407000E-28, 1.0000000E-01, 1.9192584E-17, 2.2749603E-07, 6.8944122E-01, 0.0000000E+00, 1.0000000E-04, 0.0000000E+00, 9.4199280E-38, 1.0000000E-04, 3.4444583E-11
 1.0115326E-01,-9.0966887E+01,-3.0000000E+02, 1.2418806E-01, 4.1407000E-28, 1.0115326E-01, 2.0114156E-17, 2.3011964E-07, 6.9059447E-01, 1.6076333E-14, 1.0000000E-04, 0.0000000E+00, 9.5285638E-38, 1.0000000E-04, 3.5050646E-11
 1.0288314E-01,-9.0781629E+01,-3.0000000E+02, 1.2291577E-01, 4.1407000E-28, 1.0288314E-01, 3.2175905E-17, 2.3405505E-07, 6.9232435E-01, 1.6036163E-14, 1.0000000E-04, 0.0000000E+00, 9.6915176E-38, 1.0000000E-04, 3.4612934E-11
 1.0547796E-01,-9.0500979E+01,-3.0000000E+02, 1.2107230E-01, 4.1407000E-28, 1.0547796E-01, 4.9009624E-19, 2.3995817E-07, 6.9491917E-01, 1.5976285E-14, 1.0000000E-04, 0.0000000E+00, 9.9359481E-38, 1.0000000E-04, 3.4074212E-11
 1.0937020E-01,-9.0070095E+01,-3.0000000E+02, 1.1844841E-01, 4.1407000E-28, 1.0937020E-01, 7.9710912E-18, 2.4881286E-07, 6.9881140E-01, 0.0000000E+00, 1.0000000E-04, 0.0000000E+00, 1.0302594E-37, 1.0000000E-04, 3.3513042E-11
 1.1520855E-01,-8.9394148E+01,-3.0000000E+02, 1.1481084E-01, 4.1407000E-28, 1.1520855E-01, 2.6890419E-17, 2.6209488E-07, 7.0464974E-01, 0.0000000E+00, 1.0000000E-04, 0.0000000E+00, 1.0852563E-37, 1.0000000E-04, 3.3041660E-11
 1.2396609E-01,-8.8308957E+01,-3.0000000E+02, 1.0995088E-01, 4.1407000E-28, 1.2396609E-01, 5.0417606E-17, 2.8201792E-07, 7.1340725E-01, 1.5562255E-14, 1.0000000E-04, 0.0000000E+00, 1.1677516E-37, 1.0000000E-04, 3.2985543E-11
 1.3272362E-01,-8.7162297E+01,-3.0000000E+02, 1.0561104E-01, 4.1407000E-28, 1.3272362E-01, 7.4161634E-17, 3.0194096E-07, 7.2216476E-01,-3.0747071E-14, 1.0000000E-04, 0.0000000E+00, 1.2502469E-37, 1.0000000E-04, 3.3636499E-11
 1.4585992E-01,-8.5354298E+01,-3.0000000E+02, 1.0004751E-01, 4.1407000E-28, 1.4585992E-01, 3.9250324E-17, 3.3182552E-07, 7.3530103E-01,-3.0197769E-14, 1.0000000E-04, 0.0000000E+00, 1.3739899E-37, 1.0000000E-04, 3.4085435E-11
 1.6556436E-01,-8.2611972E+01,-3.0000000E+02, 9.3259292E-02, 4.1407000E-28, 1.6556436E-01, 9.6929879E-17, 3.7665235E-07, 7.5500544E-01,-2.9409655E-14, 1.0000000E-04, 0.0000000E+00, 1.5596044E-37, 1.0000000E-04, 3.5252667E-11
 1.9512104E-01,-7.8701890E+01,-3.0000000E+02, 8.5417599E-02, 4.1407000E-28, 1.9512104E-01, 2.7473904E-16, 4.4389260E-07, 7.8456204E-01,-3.2546967E-13, 1.0000000E-04, 0.0000000E+00, 1.8380261E-37, 1.0000000E-04, 3.6958623E-11
 2.2467771E-01,-7.5156264E+01,-3.0000000E+02, 7.9167072E-02, 4.1407000E-28, 2.2467771E-01, 6.8673586E-16, 5.1113286E-07, 8.1411864E-01,-6.0003272E-13, 1.0000000E-04, 0.0000000E+00, 2.1164478E-37, 1.0000000E-04, 3.8967610E-11
 2.5423438E-01,-7.1970629E+01,-3.0000000E+02, 7.4057187E-02, 4.1407000E-28, 2.5423438E-01,-2.1011618E-16, 5.7837311E-07, 8.4367525E-01,-5.7901165E-13, 1.0000000E-04, 0.0000000E+00, 2.3948695E-37, 1.0000000E-04, 3.9966491E-11
 2.8379105E-01,-6.9105423E+01,-3.0000000E+02, 6.9790448E-02, 4.1407000E-28, 2.8379105E-01, 1.6111465E-16, 6.4561336E-07, 8.7323185E-01,-6.7383910E-13, 1.0000000E-04, 0.0000000E+00, 2.6732913E-37, 1.0000000E-04, 4.0482767E-11
 2.9856938E-01,-6.7774469E+01,-3.0000000E+02, 6.7818897E-02, 4.1407000E-28, 2.9856938E-01, 1.6068097E-16, 6.7923349E-07, 8.8801015E-01,-8.3765805E-13, 1.0000000E-04, 0.0000000E+00, 2.8125021E-37, 1.0000000E-04, 4.0797022E-11
 3.1334772E-01,-6.6506856E+01,-3.0000000E+02, 6.6007072E-02, 4.1407000E-28, 3.1334772E-01, 1.0994031E-16, 7.1285362E-07, 9.0278846E-01,-1.0207091E-12, 1.0000000E-04, 0.0000000E+00, 2.9517130E-37, 1.0000000E-04, 4.0841916E-11
 3.2812606E-01,-6.5298159E+01,-3.0000000E+02, 6.4333379E-02, 4.1407000E-28, 3.2812606E-01, 1.0516982E-16, 7.4647374E-07, 9.1756676E-01,-1.3188600E-12, 1.0000000E-04, 0.0000000E+00, 3.0909238E-37, 1.0000000E-04, 4.0886809E-11
 3.4290439E-01,-6.4144110E+01,-3.0000000E+02, 6.2779798E-02, 4.1407000E-28, 3.4290439E-01, 7.9905921E-16, 7.8009387E-07, 9.3234506E-01,-9.4071980E-13, 1.0000000E-04, 0.0000000E+00, 3.2301347E-37, 1.0000000E-04, 4.0909256E-11
 3.5768273E-01,-6.3040914E+01,-3.0000000E+02, 6.1331024E-02, 4.1407000E-28, 3.5768273E-01, 6.6331709E-16, 8.1371400E-07, 9.4712336E-01,-8.4398709E-13, 1.0000000E-04, 0.0000000E+00, 3.3693455E-37, 1.0000000E-04, 4.0909256E-11
 3.7246106E-01,-6.1985317E+01,-3.0000000E+02, 5.9973919E-02, 4.1407000E-28, 3.7246106E-01, 1.2574599E-15, 8.4733412E-07, 9.6190166E-01,-9.6952376E-13, 1.0000000E-04, 0.0000000E+00, 3.5085564E-37, 1.0000000E-04, 4.0931703E-11
 3.8723940E-01,-6.0974664E+01,-3.0000000E+02, 5.8697065E-02, 4.1407000E-28, 3.8723940E-01, 9.8640934E-16, 8.8095425E-07, 9.7667996E-01,-1.1367306E-12, 1.0000000E-04, 0.0000000E+00, 3.6477673E-37, 1.0000000E-04, 4.0931703E-11
 4.0201773E-01,-6.0006954E+01,-3.0000000E+02, 5.7490388E-02, 4.1407000E-28, 4.0201773E-01, 7.1752720E-16, 9.1457437E-07, 9.9145827E-01,-3.2473821E-13, 1.0000000E-04, 0.0000000E+00, 3.7869781E-37, 1.0000000E-04, 4.0909256E-11
 4.0940690E-01,-5.9536614E+01,-3.0000000E+02, 5.6900538E-02, 4.1407000E-28, 4.0940690E-01, 3.6039101E-16, 9.3138444E-07, 9.9884742E-01,-2.5564571E-13, 1.0000000E-04, 0.0000000E+00, 3.8565835E-37, 1.0000000E-04, 4.0931703E-11
 4.1679607E-01,-5.9076471E+01,-3.0000000E+02, 5.6326126E-02, 4.1407000E-28, 4.1679607E-01, 1.0393184E-15, 9.4819450E-07, 1.0062366E+00,-3.5306909E-13, 1.0000000E-04, 0.0000000E+00, 3.9261890E-37, 1.0000000E-04, 4.0909256E-11
 4.2418524E-01,-5.8626454E+01,-3.0000000E+02, 5.5766052E-02, 4.1407000E-28, 4.2418524E-01, 6.5355927E-16, 9.6500456E-07, 1.0136257E+00,-3.5049528E-13, 1.0000000E-04, 0.0000000E+00, 3.9957944E-37, 1.0000000E-04, 4.0909256E-11
 4.3157440E-01,-5.8186526E+01,-3.0000000E+02, 5.5219275E-02, 4.1407000E-28, 4.3157440E-01,-8.6408708E-17, 9.8181463E-07, 1.0210149E+00,-6.5242260E-13, 1.0000000E-04, 0.0000000E+00, 4.0653998E-37, 1.0000000E-04, 4.0909256E-11
 4.3526899E-01,-5.7969671E+01,-3.0000000E+02, 5.4948450E-02, 4.1407000E-28, 4.3526899E-01,-1.1815598E-17, 9.9021966E-07, 1.0247094E+00,-6.5007029E-13, 1.0000000E-04, 0.0000000E+00, 4.1002025E-37, 1.0000000E-04, 4.0931703E-11
 4.3896357E-01,-5.7755328E+01,-3.0000000E+02, 5.4680719E-02, 4.1407000E-28, 4.3896357E-01, 2.1071690E-16, 9.9862469E-07, 1.0284040E+00,-6.0455257E-13, 1.0000000E-04, 0.0000000E+00, 4.1350053E-37, 1.0000000E-04, 4.0572554E-11
 4.4265816E-01,-5.7543505E+01,-3.0000000E+02, 5.4415955E-02, 4.1407000E-28, 4.4265816E-01, 2.7647376E-16, 1.0070297E-06, 1.0320986E+00,-6.2390234E-13, 1.0000000E-04, 0.0000000E+00, 4.1698080E-37, 1.0000000E-04, 4.0258299E-11
 4.4635274E-01,-5.7334211E+01,-3.0000000E+02, 5.4154043E-02, 4.1407000E-28, 4.4635274E-01, 4.6295653E-16, 1.0154348E-06, 1.0357932E+00,-7.0742548E-13, 1.0000000E-04, 0.0000000E+00, 4.2046107E-37, 1.0000000E-04, 3.9944044E-11
 4.5004732E-01,-5.7127459E+01,-3.0000000E+02, 5.3894860E-02, 4.1407000E-28, 4.5004732E-01, 8.4703515E-16, 1.0238398E-06, 1.0394877E+00,-7.2627206E-13, 1.0000000E-04, 0.0000000E+00, 4.2394134E-37, 1.0000000E-04, 3.9674683E-11
 4.5374191E-01,-5.6923264E+01,-3.0000000E+02, 5.3638295E-02, 4.1407000E-28, 4.5374191E-01, 1.1152668E-15, 1.0322448E-06, 1.0431823E+00,-7.6627045E-13, 1.0000000E-04, 0.0000000E+00, 4.2742161E-37, 1.0000000E-04, 3.9405322E-11
 4.5743649E-01,-5.6721645E+01,-3.0000000E+02, 5.3384230E-02, 4.1407000E-28, 4.5743649E-01, 9.5800324E-16, 1.0406498E-06, 1.0468769E+00,-8.0598651E-13, 1.0000000E-04, 0.0000000E+00, 4.3090188E-37, 1.0000000E-04, 3.9158407E-11
 4.6113108E-01,-5.6522626E+01,-3.0000000E+02, 5.3132555E-02, 4.1407000E-28, 4.6113108E-01, 6.8050170E-16, 1.0490549E-06, 1.0505715E+00,-8.6655881E-13, 1.0000000E-04, 0.0000000E+00, 4.3438215E-37, 1.0000000E-04, 3.8933939E-11
 4.6482566E-01,-5.6326233E+01,-3.0000000E+02, 5.2883160E-02, 4.1407000E-28, 4.6482566E-01, 6.5616136E-16, 1.0574599E-06, 1.0542661E+00,-8.2139901E-13, 1.0000000E-04, 0.0000000E+00, 4.3786243E-37, 1.0000000E-04, 3.8709472E-11
 4.6852024E-01,-5.6132497E+01,-3.0000000E+02, 5.2635935E-02, 4.1407000E-28, 4.6852024E-01, 5.1830505E-16, 1.0658649E-06, 1.0579606E+00,-9.2347036E-13, 1.0000000E-04, 0.0000000E+00, 4.4134270E-37, 1.0000000E-04, 3.8507451E-11
 4.7221483E-01,-5.5941450E+01,-3.0000000E+02, 5.2390771E-02, 4.1407000E-28, 4.7221483E-01, 5.5690265E-16, 1.0742700E-06, 1.0616552E+00,-9.4117159E-13, 1.0000000E-04, 0.0000000E+00, 4.4482297E-37, 1.0000000E-04, 3.8305430E-11
 4.7590941E-01,-5.5753129E+01,-3.0000000E+02, 5.2147565E-02, 4.1407000E-28, 4.7590941E-01, 4.8268901E-16, 1.0826750E-06, 1.0653498E+00,-7.0864134E-13, 1.0000000E-04, 0.0000000E+00, 4.4830324E-37, 1.0000000E-04, 3.8103409E-11
 4.7960400E-01,-5.5567574E+01,-3.0000000E+02, 5.1906212E-02, 4.1407000E-28, 4.7960400E-01, 4.7005806E-16, 1.0910800E-06, 1.0690444E+00,-7.4773302E-13, 1.0000000E-04, 0.0000000E+00, 4.5178351E-37, 1.0000000E-04, 3.7923834E-11
 4.8329858E-01,-5.5384822E+01,-3.0000000E+02, 5.1666612E-02, 4.1407000E-28, 4.8329858E-01, 6.0265598E-16, 1.0994851E-06, 1.0727389E+00,-7.0376013E-13, 1.0000000E-04, 0.0000000E+00, 4.5526378E-37, 1.0000000E-04, 3.7755483E-11
 4.8699316E-01,-5.5204911E+01,-3.0000000E+02, 5.1428669E-02, 4.1407000E-28, 4.8699316E-01, 7.4100018E-16, 1.1078901E-06, 1.0764335E+00,-6.8071687E-13, 1.0000000E-04, 0.0000000E+00, 4.5874405E-37, 1.0000000E-04, 3.7632026E-11
 4.9068775E-01,-5.5027874E+01,-3.0000000E+02, 5.1192295E-02, 4.1407000E-28, 4.9068775E-01, 8.6915288E-16, 1.1162951E-06, 1.0801281E+00,-6.9894570E-13, 1.0000000E-04, 0.0000000E+00, 4.6222433E-37, 1.0000000E-04, 3.7474899E-11
 4.9438233E-01,-5.4853737E+01,-3.0000000E+02, 5.0957404E-02, 4.1407000E-28, 4.9438233E-01, 1.3876726E-15, 1.1247002E-06, 1.0838227E+00,-5.9412735E-13, 1.0000000E-04, 0.0000000E+00, 4.6570460E-37, 1.0000000E-04, 3.7340218E-11
 4.9807692E-01,-5.4682518E+01,-3.0000000E+02, 5.0723924E-02, 4.1407000E-28, 4.9807692E-01, 8.1548487E-16, 1.1331052E-06, 1.0875172E+00,-2.2459305E-13, 1.0000000E-04, 0.0000000E+00, 4.6918487E-37, 1.0000000E-04, 3.7183091E-11
 5.0000000E-01,-5.4594260E+01,-3.0000000E+02, 5.0602662E-02, 4.1407000E-28, 5.0000000E-01, 5.9888838E-16, 1.1374801E-06, 1.0894403E+00,-1.6305207E-13, 1.0000000E-04, 0.0000000E+00, 4.7099640E-37, 1.0000000E-04, 3.7093303E-11
 5.0288463E-01,-5.4463605E+01,-3.0000000E+02, 5.0421663E-02, 4.1407000E-28, 5.0288463E-01, 1.0449834E-15, 1.1440426E-06, 1.0923249E+00,-3.2524296E-13, 1.0000000E-04, 0.0000000E+00, 4.7371370E-37, 1.0000000E-04, 3.6621921E-11
 5.0576925E-01,-5.4334737E+01,-3.0000000E+02, 5.0241447E-02, 4.1407000E-28, 5.0576925E-01, 1.3195034E-15, 1.1506050E-06, 1.0952096E+00,-2.0274145E-13, 1.0000000E-04, 0.0000000E+00, 4.7643100E-37, 1.0000000E-04, 3.6262773E-11
 5.0865388E-01,-5.4207650E+01,-3.0000000E+02, 5.0061988E-02, 4.1407000E-28, 5.0865388E-01, 1.0627643E-15, 1.1571674E-06, 1.0980942E+00,-1.6176709E-13, 1.0000000E-04, 0.0000000E+00, 4.7914830E-37, 1.0000000E-04, 3.5903624E-11
 5.1153851E-01,-5.4082339E+01,-3.0000000E+02, 4.9883266E-02, 4.1407000E-28, 5.1153851E-01, 9.1336122E-16, 1.1637298E-06, 1.1009788E+00,-1.8151116E-13, 1.0000000E-04, 0.0000000E+00, 4.8186559E-37, 1.0000000E-04, 3.5544476E-11
 5.1442314E-01,-5.3958796E+01,-3.0000000E+02, 4.9705262E-02, 4.1407000E-28, 5.1442314E-01, 1.1162697E-15, 1.1702922E-06, 1.1038634E+00,-2.4138244E-13, 1.0000000E-04, 0.0000000E+00, 4.8458289E-37, 1.0000000E-04, 3.5218997E-11
 5.1730776E-01,-5.3837012E+01,-3.0000000E+02, 4.9527955E-02, 4.1407000E-28, 5.1730776E-01, 1.0364724E-15, 1.1768546E-06, 1.1067480E+00,-2.2069053E-13, 1.0000000E-04, 0.0000000E+00, 4.8730019E-37, 1.0000000E-04, 3.4915966E-11
 5.2019239E-01,-5.3716978E+01,-3.0000000E+02, 4.9351330E-02, 4.1407000E-28, 5.2019239E-01, 1.1849539E-15, 1.1834170E-06, 1.1096327E+00,-2.0010619E-13, 1.0000000E-04, 0.0000000E+00, 4.9001749E-37, 1.0000000E-04, 3.4579264E-11
 5.2307702E-01,-5.3598685E+01,-3.0000000E+02, 4.9175369E-02, 4.1407000E-28, 5.2307702E-01, 1.2601433E-15, 1.1899794E-06, 1.1125173E+00,-1.1975241E-13, 1.0000000E-04, 0.0000000E+00, 4.9273479E-37, 1.0000000E-04, 3.4276233E-11
 5.2596164E-01,-5.3482124E+01,-3.0000000E+02, 4.9000057E-02, 4.1407000E-28, 5.2596164E-01, 1.4375730E-15, 1.1965419E-06, 1.1154019E+00,-1.5925694E-13, 1.0000000E-04, 0.0000000E+00, 4.9545208E-37, 1.0000000E-04, 3.3995648E-11
 5.2884627E-01,-5.3367287E+01,-3.0000000E+02, 4.8825378E-02, 4.1407000E-28, 5.2884627E-01, 1.4034748E-15, 1.2031043E-06, 1.1182865E+00,-9.9278835E-14, 1.0000000E-04, 0.0000000E+00, 4.9816938E-37, 1.0000000E-04, 3.3681393E-11
 5.3173090E-01,-5.3254166E+01,-2.9999999E+02, 4.8651316E-02, 4.1407000E-28, 5.3173090E-01, 2.0221748E-15, 1.2096667E-06, 1.1211711E+00, 1.9804681E-14, 1.0000000E-04, 0.0000000E+00, 5.0088668E-37, 1.0000000E-04, 3.3389585E-11
 5.3461553E-01,-5.3142754E+01,-2.9999999E+02, 4.8477859E-02, 4.1407000E-28, 5.3461553E-01, 2.1793299E-15, 1.2162291E-06, 1.1240558E+00,-1.9753857E-14, 1.0000000E-04, 0.0000000E+00, 5.0360398E-37, 1.0000000E-04, 3.3120223E-11
 5.3750015E-01,-5.3033043E+01,-2.9999998E+02, 4.8304992E-02, 4.1407000E-28, 5.3750015E-01, 2.1445270E-15, 1.2227915E-06, 1.1269404E+00,-1.3792305E-13, 1.0000000E-04, 0.0000000E+00, 5.0632128E-37, 1.0000000E-04, 3.2873309E-11
 5.4038478E-01,-5.2925028E+01,-2.9999998E+02, 4.8132698E-02, 4.1407000E-28, 5.4038478E-01, 2.2324558E-15, 1.2293539E-06, 1.1298250E+00,-2.9479481E-13, 1.0000000E-04, 0.0000000E+00, 5.0903858E-37, 1.0000000E-04, 3.2603947E-11
 5.4326941E-01,-5.2818701E+01,-2.9999996E+02, 4.7960969E-02, 4.1407000E-28, 5.4326941E-01, 1.6946915E-15, 1.2359163E-06, 1.1327096E+00,-2.7444113E-13, 1.0000000E-04, 0.0000000E+00, 5.1175588E-37, 1.0000000E-04, 3.2379480E-11
 5.4615404E-01,-5.2714058E+01,-2.9999995E+02, 4.7789790E-02, 4.1407000E-28, 5.4615404E-01, 1.5719056E-15, 1.2424788E-06, 1.1355942E+00,-2.7374400E-13, 1.0000000E-04, 0.0000000E+00, 5.1447318E-37, 1.0000000E-04, 3.2143788E-11
 5.4903866E-01,-5.2611091E+01,-2.9999992E+02, 4.7619147E-02, 4.1407000E-28, 5.4903866E-01, 1.7980702E-15, 1.2490412E-06, 1.1384789E+00,-2.7305040E-13, 1.0000000E-04, 0.0000000E+00, 5.1719049E-37, 1.0000000E-04, 3.1885651E-11
 5.5192329E-01,-5.2509796E+01,-2.9999988E+02, 4.7449032E-02, 4.1407000E-28, 5.5192329E-01, 1.4868500E-15, 1.2556036E-06, 1.1413635E+00,-4.8635769E-13, 1.0000000E-04, 0.0000000E+00, 5.1990780E-37, 1.0000000E-04, 3.1683630E-11
 5.5480792E-01,-5.2410165E+01,-2.9999981E+02, 4.7279431E-02, 4.1407000E-28, 5.5480792E-01, 1.5486495E-15, 1.2621661E-06, 1.1442481E+00,-6.4037370E-13, 1.0000000E-04, 0.0000000E+00, 5.2262511E-37, 1.0000000E-04, 3.1481608E-11
 5.5769254E-01,-5.2312193E+01,-2.9999971E+02, 4.7110336E-02, 4.1407000E-28, 5.5769254E-01, 1.0876467E-15, 1.2687286E-06, 1.1471327E+00,-4.6455519E-13, 1.0000000E-04, 0.0000000E+00, 5.2534244E-37, 1.0000000E-04, 3.1279587E-11
 5.6057717E-01,-5.2215874E+01,-2.9999955E+02, 4.6941737E-02, 4.1407000E-28, 5.6057717E-01, 1.3955330E-15, 1.2752911E-06, 1.1500173E+00,-5.0200576E-13, 1.0000000E-04, 0.0000000E+00, 5.2805977E-37, 1.0000000E-04, 3.1077566E-11
 5.6346180E-01,-5.2121199E+01,-2.9999931E+02, 4.6773624E-02, 4.1407000E-28, 5.6346180E-01, 1.0283680E-15, 1.2818536E-06, 1.1529020E+00,-6.3556695E-13, 1.0000000E-04, 0.0000000E+00, 5.3077713E-37, 1.0000000E-04, 3.0875545E-11
 5.6634643E-01,-5.2028163E+01,-2.9999894E+02, 4.6605991E-02, 4.1407000E-28, 5.6634643E-01, 1.0726034E-15, 1.2884163E-06, 1.1557866E+00,-8.2609605E-13, 1.0000000E-04, 0.0000000E+00, 5.3349452E-37, 1.0000000E-04, 3.0695971E-11
 5.6923105E-01,-5.1936758E+01,-2.9999836E+02, 4.6438828E-02, 4.1407000E-28, 5.6923105E-01, 4.5758973E-16, 1.2949790E-06, 1.1586712E+00,-7.6654829E-13, 1.0000000E-04, 0.0000000E+00, 5.3621196E-37, 1.0000000E-04, 3.0527620E-11
 5.7211568E-01,-5.1846976E+01,-2.9999747E+02, 4.6272130E-02, 4.1407000E-28, 5.7211568E-01, 8.7731150E-16, 1.3015419E-06, 1.1615558E+00,-6.8818017E-13, 1.0000000E-04, 0.0000000E+00, 5.3892947E-37, 1.0000000E-04, 3.0359270E-11
 5.7500031E-01,-5.1758808E+01,-2.9999608E+02, 4.6105889E-02, 4.1407000E-28, 5.7500031E-01, 1.3475300E-15, 1.3081052E-06, 1.1644404E+00,-7.2461288E-13, 1.0000000E-04, 0.0000000E+00, 5.4164711E-37, 1.0000000E-04, 3.0202142E-11
 5.7788493E-01,-5.1672245E+01,-2.9999388E+02, 4.5940101E-02, 4.1407000E-28, 5.7788493E-01, 1.1839239E-15, 1.3146689E-06, 1.1673251E+00,-5.8967079E-13, 1.0000000E-04, 0.0000000E+00, 5.4436493E-37, 1.0000000E-04, 3.0045015E-11
 5.8076956E-01,-5.1587279E+01,-2.9999041E+02, 4.5774761E-02, 4.1407000E-28, 5.8076956E-01, 8.4486675E-16, 1.3212333E-06, 1.1702097E+00,-6.2616673E-13, 1.0000000E-04, 0.0000000E+00, 5.4708306E-37, 1.0000000E-04, 2.9899111E-11
 5.8365419E-01,-5.1503899E+01,-2.9998490E+02, 4.5609863E-02, 4.1407000E-28, 5.8365419E-01, 9.1135545E-16, 1.3277988E-06, 1.1730943E+00,-5.8677081E-13, 1.0000000E-04, 0.0000000E+00, 5.4980165E-37, 1.0000000E-04, 2.9753206E-11
 5.8653882E-01,-5.1422096E+01,-2.9997614E+02, 4.5445405E-02, 4.1407000E-28, 5.8653882E-01, 1.5633404E-15, 1.3343662E-06, 1.1759789E+00,-4.9092318E-13, 1.0000000E-04, 0.0000000E+00, 5.5252100E-37, 1.0000000E-04, 2.9596079E-11
 5.8942344E-01,-5.1341858E+01,-2.9996225E+02, 4.5281383E-02, 4.1407000E-28, 5.8942344E-01, 1.6538984E-15, 1.3409364E-06, 1.1788636E+00,-5.4622829E-13, 1.0000000E-04, 0.0000000E+00, 5.5524155E-37, 1.0000000E-04, 2.9506292E-11
 5.9230807E-01,-5.1263174E+01,-2.9994029E+02, 4.5117795E-02, 4.1407000E-28, 5.9230807E-01, 1.9073307E-15, 1.3475113E-06, 1.1817482E+00,-4.5094755E-13, 1.0000000E-04, 0.0000000E+00, 5.5796399E-37, 1.0000000E-04, 2.9371611E-11
 5.9519270E-01,-5.1186033E+01,-2.9990568E+02, 4.4954640E-02, 4.1407000E-28, 5.9519270E-01, 2.3187583E-15, 1.3540933E-06, 1.1846328E+00,-4.6859321E-13, 1.0000000E-04, 0.0000000E+00, 5.6068941E-37, 1.0000000E-04, 2.9259377E-11
 5.9807733E-01,-5.1110421E+01,-2.9985113E+02, 4.4791915E-02, 4.1407000E-28, 5.9807733E-01, 2.9258031E-15, 1.3606867E-06, 1.1875174E+00,-4.6745494E-13, 1.0000000E-04, 0.0000000E+00, 5.6341954E-37, 1.0000000E-04, 2.9169590E-11
 6.0096195E-01,-5.1036327E+01,-2.9976481E+02, 4.4629619E-02, 4.1407000E-28, 6.0096195E-01, 3.1228297E-15, 1.3672982E-06, 1.1904020E+00,-2.0518176E-13, 1.0000000E-04, 0.0000000E+00, 5.6615715E-37, 1.0000000E-04, 2.9034910E-11
 6.0384658E-01,-5.0963737E+01,-2.9962718E+02, 4.4467755E-02, 4.1407000E-28, 6.0384658E-01, 2.5832494E-15, 1.3739385E-06, 1.1932867E+00,-2.0468576E-13, 1.0000000E-04, 0.0000000E+00, 5.6890671E-37, 1.0000000E-04, 2.8967569E-11
 6.0673121E-01,-5.0892638E+01,-2.9940578E+02, 4.4306318E-02, 4.1407000E-28, 6.0673121E-01, 2.9011375E-15, 1.3806256E-06, 1.1961713E+00,-4.2694722E-13, 1.0000000E-04, 0.0000000E+00, 5.7167564E-37, 1.0000000E-04, 2.8866559E-11
 6.0961583E-01,-5.0823014E+01,-2.9904739E+02, 4.4145313E-02, 4.1407000E-28, 6.0961583E-01, 2.8491229E-15, 1.3873892E-06, 1.1990559E+00,-4.2592009E-13, 1.0000000E-04, 0.0000000E+00, 5.7447623E-37, 1.0000000E-04, 2.8810442E-11
 6.1250046E-01,-5.0754851E+01,-2.9846733E+02, 4.3984737E-02, 4.1407000E-28, 6.1250046E-01, 2.7722801E-15, 1.3942786E-06, 1.2019405E+00,-3.3252879E-13, 1.0000000E-04, 0.0000000E+00, 5.7732893E-37, 1.0000000E-04, 2.8743101E-11
 6.1538509E-01,-5.0688135E+01,-2.9753735E+02, 4.3824596E-02, 4.1407000E-28, 6.1538509E-01, 2.4347137E-15, 1.4013751E-06, 1.2048251E+00,-3.5016223E-13, 1.0000000E-04, 0.0000000E+00, 5.8026739E-37, 1.0000000E-04, 2.8675761E-11
 6.1826972E-01,-5.0622849E+01,-2.9607608E+02, 4.3664889E-02, 4.1407000E-28, 6.1826972E-01, 2.1580795E-15, 1.4088112E-06, 1.2077098E+00,-4.5963930E-13, 1.0000000E-04, 0.0000000E+00, 5.8334646E-37, 1.0000000E-04, 2.8630867E-11
 6.2115434E-01,-5.0558978E+01,-2.9385016E+02, 4.3505618E-02, 4.1407000E-28, 6.2115434E-01, 2.5446789E-15, 1.4167996E-06, 1.2105944E+00,-4.5854406E-13, 1.0000000E-04, 0.0000000E+00, 5.8665420E-37, 1.0000000E-04, 2.8585974E-11
 6.2403897E-01,-5.0496505E+01,-2.9059702E+02, 4.3346788E-02, 4.1407000E-28, 6.2403897E-01, 3.0318923E-15, 1.4256784E-06, 1.2134790E+00,-5.6724300E-13, 1.0000000E-04, 0.0000000E+00, 5.9033063E-37, 1.0000000E-04, 2.8552304E-11
 6.2692360E-01,-5.0435413E+01,-2.8607628E+02, 4.3188400E-02, 4.1407000E-28, 6.2692360E-01, 3.1298770E-15, 1.4359819E-06, 1.2163636E+00,-5.1113348E-13, 1.0000000E-04, 0.0000000E+00, 5.9459705E-37, 1.0000000E-04, 2.8496187E-11
 6.2980822E-01,-5.0375685E+01,-2.8014160E+02, 4.3030458E-02, 4.1407432E-28, 6.2980822E-01, 3.1291181E-15, 1.4485539E-06, 1.2192482E+00,-4.7350103E-13, 1.0000000E-04, 0.0000000E+00, 5.9980278E-37, 1.0000000E-04, 2.8473740E-11
 6.3269285E-01,-5.0317304E+01,-2.7280373E+02, 4.2872965E-02, 4.1409470E-28, 6.3269285E-01, 2.9801216E-15, 1.4647276E-06, 1.2221328E+00,-4.5421482E-13, 1.0000000E-04, 0.0000000E+00, 6.0650021E-37, 1.0000000E-04, 2.8451293E-11
 6.3557748E-01,-5.0260252E+01,-2.6424881E+02, 4.2715925E-02, 4.1416079E-28, 6.3557748E-01, 3.1317202E-15, 1.4866113E-06, 1.2250174E+00,-5.4377430E-13, 1.0000000E-04, 0.0000000E+00, 6.1556359E-37, 1.0000000E-04, 2.8451293E-11
 6.3846211E-01,-5.0204510E+01,-2.5479798E+02, 4.2559342E-02, 4.1435078E-28, 6.3846211E-01, 3.4351071E-15, 1.5175284E-06, 1.2279020E+00,-7.2332914E-13, 1.0000000E-04, 0.0000000E+00, 6.2837410E-37, 1.0000000E-04, 2.8417623E-11
 6.4134673E-01,-5.0150061E+01,-2.4483006E+02, 4.2403221E-02, 4.1486119E-28, 6.4134673E-01, 3.9791868E-15, 1.5626732E-06, 1.2307866E+00,-5.7730708E-13, 1.0000000E-04, 0.0000000E+00, 6.4710294E-37, 1.0000000E-04, 2.8406400E-11
 6.4423136E-01,-5.0096885E+01,-2.3470540E+02, 4.2247566E-02, 4.1616591E-28, 6.4423136E-01, 4.2557126E-15, 1.6300576E-06, 1.2336712E+00,-5.3995987E-13, 1.0000000E-04, 0.0000000E+00, 6.7514602E-37, 1.0000000E-04, 2.8406400E-11
 6.4711599E-01,-5.0044963E+01,-2.2471737E+02, 4.2092381E-02, 4.1936671E-28, 6.4711599E-01, 4.4641233E-15, 1.7318276E-06, 1.2365557E+00,-6.4644031E-13, 1.0000000E-04, 0.0000000E+00, 7.1782497E-37, 1.0000000E-04, 2.8428846E-11
 6.5000062E-01,-4.9994277E+01,-2.1507593E+02, 4.1937673E-02, 4.2694674E-28, 6.5000062E-01, 4.2778574E-15, 1.8860379E-06, 1.2394402E+00,-8.4199954E-13, 1.0000000E-04, 0.0000000E+00, 7.8366454E-37, 1.0000000E-04, 2.8428846E-11
 6.5288524E-01,-4.9944807E+01,-2.0591330E+02, 4.1783445E-02, 4.4436181E-28, 6.5288524E-01, 3.8627706E-15, 2.1189662E-06, 1.2423246E+00,-7.1493145E-13, 1.0000000E-04, 0.0000000E+00, 8.8716901E-37, 1.0000000E-04, 2.8451293E-11
 6.5576987E-01,-4.9896533E+01,-1.9729997E+02, 4.1629703E-02, 4.8338302E-28, 6.5576987E-01, 3.4431573E-15, 2.4680436E-06, 1.2452088E+00,-7.1327525E-13, 1.0000000E-04, 0.0000000E+00, 1.0559071E-36, 1.0000000E-04, 2.8473740E-11
 6.5865450E-01,-4.9849436E+01,-1.8926228E+02, 4.1476451E-02, 5.6918607E-28, 6.5865450E-01, 2.8122329E-15, 2.9854523E-06, 1.2480930E+00,-8.1837072E-13, 1.0000000E-04, 0.0000000E+00, 1.3504089E-36, 1.0000000E-04, 2.8473740E-11
 6.6153912E-01,-4.9803496E+01,-1.8179762E+02, 4.1323696E-02, 7.5565228E-28, 6.6153912E-01, 2.3403068E-15, 3.7424132E-06, 1.2509768E+00,-7.9873401E-13, 1.0000000E-04, 0.0000000E+00, 1.9224081E-36, 1.0000000E-04, 2.8507410E-11
 6.6442375E-01,-4.9758694E+01,-1.7488590E+02, 4.1171443E-02, 1.1585182E-27, 6.6442375E-01, 1.6072777E-15, 4.8341314E-06, 1.2538604E+00,-6.5522597E-13, 1.0000000E-04, 0.0000000E+00, 3.1871835E-36, 1.0000000E-04, 2.8552304E-11
 6.6730838E-01,-4.9715008E+01,-1.6849756E+02, 4.1019697E-02, 2.0253789E-27, 6.6730838E-01, 1.7993306E-15, 6.3852999E-06, 1.2567434E+00,-6.0071753E-13, 1.0000000E-04, 0.0000000E+00, 6.3288875E-36, 1.0000000E-04, 2.8563527E-11
 6.7019301E-01,-4.9672418E+01,-1.6259887E+02, 4.0868464E-02, 3.8775962E-27, 6.7019301E-01, 1.4965536E-15, 8.5559722E-06, 1.2596259E+00,-5.8171416E-13, 1.0000000E-04, 0.0000000E+00, 1.4745878E-35, 1.0000000E-04, 2.8608421E-11
 6.7307763E-01,-4.9630906E+01,-1.5715520E+02, 4.0717748E-02, 7.7883617E-27, 6.7307763E-01, 1.6736309E-15, 1.1547510E-05, 1.2625075E+00,-5.2762277E-13, 1.0000000E-04, 0.0000000E+00, 3.8045054E-35, 1.0000000E-04, 2.8675761E-11
 6.7596226E-01,-4.9590450E+01,-1.5213290E+02, 4.0567556E-02, 1.5914040E-26, 6.7596226E-01, 2.0288833E-15, 1.5608199E-05, 1.2653881E+00,-4.9132533E-13, 1.0000000E-04, 0.0000000E+00, 1.0266703E-34, 1.0000000E-04, 2.8731878E-11
 6.7884689E-01,-4.9551031E+01,-1.4750024E+02, 4.0417894E-02, 3.2485809E-26, 6.7884689E-01, 2.0313227E-15, 2.1038047E-05, 1.2682673E+00,-5.4273012E-13, 1.0000000E-04, 0.0000000E+00, 2.7906004E-34, 1.0000000E-04, 2.8810442E-11
 6.8173151E-01,-4.9512628E+01,-1.4322781E+02, 4.0268766E-02, 6.5615592E-26, 6.8173151E-01, 1.7838536E-15, 2.8192206E-05, 1.2711448E+00,-5.2403082E-13, 1.0000000E-04, 0.0000000E+00, 7.4848437E-34, 1.0000000E-04, 2.8877782E-11
 6.8461614E-01,-4.9475222E+01,-1.3928850E+02, 4.0120179E-02, 1.3050502E-25, 6.8461614E-01, 1.8458700E-15, 3.7482516E-05, 1.2740201E+00,-5.4027250E-13, 1.0000000E-04, 0.0000000E+00, 1.9609165E-33, 1.0000000E-04, 2.8967569E-11
 6.8750077E-01,-4.9438791E+01,-1.3565722E+02, 3.9972136E-02, 2.5501249E-25, 6.8750077E-01, 2.0015614E-15, 4.9376798E-05, 1.2768928E+00,-4.1733059E-13, 1.0000000E-04, 0.0000000E+00, 4.9941069E-33, 1.0000000E-04, 2.9034910E-11
 6.9038540E-01,-4.9403317E+01,-1.3231063E+02, 3.9824645E-02, 4.8909424E-25, 6.9038540E-01, 2.0608672E-15, 6.4395727E-05, 1.2797624E+00,-4.3373954E-13, 1.0000000E-04, 0.0000000E+00, 1.2339779E-32, 1.0000000E-04, 2.9147143E-11
 6.9327002E-01,-4.9368779E+01,-1.2922683E+02, 3.9677711E-02, 9.2048278E-25, 6.9327002E-01, 2.5836560E-15, 8.3107469E-05, 1.2826284E+00,-4.1545356E-13, 1.0000000E-04, 0.0000000E+00, 2.9563615E-32, 1.0000000E-04, 2.9214484E-11
 6.9615465E-01,-4.9335157E+01,-1.2638505E+02, 3.9531338E-02, 1.7002367E-24, 6.9615465E-01, 2.8409236E-15, 1.0612052E-04, 1.2854900E+00,-4.6633654E-13, 1.0000000E-04, 0.0000000E+00, 6.8691252E-32, 1.0000000E-04, 2.9326718E-11
 6.9903928E-01,-4.9302432E+01,-1.2376553E+02, 3.9385531E-02, 3.0836923E-24, 6.9903928E-01, 2.9511057E-15, 1.3407545E-04, 1.2883466E+00,-3.9636029E-13, 1.0000000E-04, 0.0000000E+00, 1.5489564E-31, 1.0000000E-04, 2.9416505E-11
 7.0192390E-01,-4.9270583E+01,-1.2134943E+02, 3.9240296E-02, 5.4951683E-24, 7.0192390E-01, 2.7304299E-15, 1.6763626E-04, 1.2911977E+00,-3.4389122E-13, 1.0000000E-04, 0.0000000E+00, 3.3931797E-31, 1.0000000E-04, 2.9517515E-11
 7.0480853E-01,-4.9239593E+01,-1.1911888E+02, 3.9095638E-02, 9.6289420E-24, 7.0480853E-01, 2.6360501E-15, 2.0748220E-04, 1.2940425E+00,-3.9459347E-13, 1.0000000E-04, 0.0000000E+00, 7.2299223E-31, 1.0000000E-04, 2.9618526E-11
 7.0769316E-01,-4.9209440E+01,-1.1705700E+02, 3.8951562E-02, 1.6605145E-23, 7.0769316E-01, 2.5620126E-15, 2.5430036E-04, 1.2968803E+00,-4.7930638E-13, 1.0000000E-04, 0.0000000E+00, 1.5004145E-30, 1.0000000E-04, 2.9708313E-11
 7.1057779E-01,-4.9180105E+01,-1.1514807E+02, 3.8808072E-02, 2.8208163E-23, 7.1057779E-01, 3.1624844E-15, 3.0877948E-04, 1.2997105E+00,-4.7824284E-13, 1.0000000E-04, 0.0000000E+00, 3.0371705E-30, 1.0000000E-04, 2.9842994E-11
 7.1346241E-01,-4.9151571E+01,-1.1337751E+02, 3.8665173E-02, 4.7248083E-23, 7.1346241E-01, 3.2340011E-15, 3.7160504E-04, 1.3025323E+00,-5.9648002E-13, 1.0000000E-04, 0.0000000E+00, 6.0055574E-30, 1.0000000E-04, 2.9932781E-11
 7.1634704E-01,-4.9123816E+01,-1.1173201E+02, 3.8522870E-02, 7.8104461E-23, 7.1634704E-01, 3.2637218E-15, 4.4345540E-04, 1.3053450E+00,-5.4414841E-13, 1.0000000E-04, 0.0000000E+00, 1.1617391E-29, 1.0000000E-04, 3.0056238E-11
 7.1923167E-01,-4.9096824E+01,-1.1019944E+02, 3.8381167E-02, 1.2753856E-22, 7.1923167E-01, 3.5267221E-15, 5.2499906E-04, 1.3081481E+00,-5.0901467E-13, 1.0000000E-04, 0.0000000E+00, 2.2017352E-29, 1.0000000E-04, 3.0157248E-11
 7.2211630E-01,-4.9070574E+01,-1.0876891E+02, 3.8240068E-02, 2.0589876E-22, 7.2211630E-01, 3.3629670E-15, 6.1689262E-04, 1.3109409E+00,-4.7403547E-13, 1.0000000E-04, 0.0000000E+00, 4.0938122E-29, 1.0000000E-04, 3.0291929E-11
 7.2500092E-01,-4.9045049E+01,-1.0743063E+02, 3.8099579E-02, 3.2889898E-22, 7.2500092E-01, 3.2546687E-15, 7.1977943E-04, 1.3137226E+00,-5.4056591E-13, 1.0000000E-04, 0.0000000E+00, 7.4777489E-29, 1.0000000E-04, 3.0426610E-11
 7.2788555E-01,-4.9020230E+01,-1.0617586E+02, 3.7959702E-02, 5.2022817E-22, 7.2788555E-01, 3.6408480E-15, 8.3428872E-04, 1.3164927E+00,-5.3938220E-13, 1.0000000E-04, 0.0000000E+00, 1.3434844E-28, 1.0000000E-04, 3.0527620E-11
 7.3077018E-01,-4.8996099E+01,-1.0499681E+02, 3.7820442E-02, 8.1536050E-22, 7.3077018E-01, 3.9419580E-15, 9.6103509E-04, 1.3192506E+00,-5.2138480E-13, 1.0000000E-04, 0.0000000E+00, 2.3769243E-28, 1.0000000E-04, 3.0673524E-11
 7.3365480E-01,-4.8972638E+01,-1.0388653E+02, 3.7681803E-02, 1.2670931E-21, 7.3365480E-01, 3.9295236E-15, 1.1006184E-03, 1.3219956E+00,-4.6990149E-13, 1.0000000E-04, 0.0000000E+00, 4.1455744E-28, 1.0000000E-04, 3.0796982E-11
 7.3653943E-01,-4.8949829E+01,-1.0283885E+02, 3.7543787E-02, 1.9535604E-21, 7.3653943E-01, 4.2210655E-15, 1.2536237E-03, 1.3247273E+00,-3.8515080E-13, 1.0000000E-04, 0.0000000E+00, 7.1346250E-28, 1.0000000E-04, 3.0920439E-11
 7.3942406E-01,-4.8927654E+01,-1.0184826E+02, 3.7406399E-02, 2.9897860E-21, 7.3942406E-01, 4.3301837E-15, 1.4206216E-03, 1.3274449E+00,-2.0051203E-13, 1.0000000E-04, 0.0000000E+00, 1.2127505E-27, 1.0000000E-04, 3.1100013E-11
 7.4230869E-01,-4.8906097E+01,-1.0090984E+02, 3.7269643E-02, 4.5442716E-21, 7.4230869E-01, 4.5947561E-15, 1.6021687E-03, 1.3301480E+00,-2.8344343E-13, 1.0000000E-04, 0.0000000E+00, 2.0377499E-27, 1.0000000E-04, 3.1234694E-11
 7.4519331E-01,-4.8885140E+01,-1.0001919E+02, 3.7133521E-02, 6.8627319E-21, 7.4519331E-01, 4.4085715E-15, 1.7988080E-03, 1.3328360E+00,-4.3256477E-13, 1.0000000E-04, 0.0000000E+00, 3.3872326E-27, 1.0000000E-04, 3.1358151E-11
 7.4807794E-01,-4.8864767E+01,-9.9172379E+01, 3.6998037E-02, 1.0301937E-20, 7.4807794E-01, 4.6231284E-15, 2.0110694E-03, 1.3355083E+00,-4.4823308E-13, 1.0000000E-04, 0.0000000E+00, 5.5739366E-27, 1.0000000E-04, 3.1526502E-11
 7.5096257E-01,-4.8844961E+01,-9.8365889E+01, 3.6863192E-02, 1.5377805E-20, 7.5096257E-01, 4.9213585E-15, 2.2394706E-03, 1.3381645E+00,-4.9696495E-13, 1.0000000E-04, 0.0000000E+00, 9.0862454E-27, 1.0000000E-04, 3.1683630E-11
 7.5384719E-01,-4.8825706E+01,-9.7596549E+01, 3.6728990E-02, 2.2833521E-20, 7.5384719E-01, 4.7014213E-15, 2.4845173E-03, 1.3408041E+00,-4.1324812E-13, 1.0000000E-04, 0.0000000E+00, 1.4681525E-26, 1.0000000E-04, 3.1863204E-11
 7.5673182E-01,-4.8806985E+01,-9.6861514E+01, 3.6595435E-02, 3.3735707E-20, 7.5673182E-01, 4.3908651E-15, 2.7467041E-03, 1.3434266E+00,-4.1236260E-13, 1.0000000E-04, 0.0000000E+00, 2.3526582E-26, 1.0000000E-04, 3.1986661E-11
 7.5961645E-01,-4.8788784E+01,-9.6158222E+01, 3.6462526E-02, 4.9609782E-20, 7.5961645E-01, 3.8584812E-15, 3.0265150E-03, 1.3460314E+00,-3.9502163E-13, 1.0000000E-04, 0.0000000E+00, 3.7407938E-26, 1.0000000E-04, 3.2166235E-11
 7.6250108E-01,-4.8771087E+01,-9.5484360E+01, 3.6330267E-02, 7.2629863E-20, 7.6250108E-01, 3.8264905E-15, 3.3244235E-03, 1.3486181E+00,-4.2702701E-13, 1.0000000E-04, 0.0000000E+00, 5.9044997E-26, 1.0000000E-04, 3.2334586E-11
 7.6538570E-01,-4.8753880E+01,-9.4837844E+01, 3.6198661E-02, 1.0588437E-19, 7.6538570E-01, 3.9116884E-15, 3.6408937E-03, 1.3511863E+00,-6.2278756E-13, 1.0000000E-04, 0.0000000E+00, 9.2554240E-26, 1.0000000E-04, 3.2491714E-11
 7.6827033E-01,-4.8737147E+01,-9.4216786E+01, 3.6067708E-02, 1.5374634E-19, 7.6827033E-01, 3.8682729E-15, 3.9763798E-03, 1.3537354E+00,-4.2521247E-13, 1.0000000E-04, 0.0000000E+00, 1.4413400E-25, 1.0000000E-04, 3.2660064E-11
 7.7115496E-01,-4.8720874E+01,-9.3619482E+01, 3.5937411E-02, 2.2238819E-19, 7.7115496E-01, 3.7369218E-15, 4.3313269E-03, 1.3562651E+00,-4.8958957E-13, 1.0000000E-04, 0.0000000E+00, 2.2307004E-25, 1.0000000E-04, 3.2805968E-11
 7.7403959E-01,-4.8705048E+01,-9.3044387E+01, 3.5807770E-02, 3.2049498E-19, 7.7403959E-01, 3.3478965E-15, 4.7061708E-03, 1.3587749E+00,-5.3740916E-13, 1.0000000E-04, 0.0000000E+00, 3.4320561E-25, 1.0000000E-04, 3.2985543E-11
 7.7692421E-01,-4.8689655E+01,-9.2490097E+01, 3.5678787E-02, 4.6024966E-19, 7.7692421E-01, 4.0945798E-15, 5.1013380E-03, 1.3612643E+00,-5.5252534E-13, 1.0000000E-04, 0.0000000E+00, 5.2508120E-25, 1.0000000E-04, 3.3131447E-11
 7.7980884E-01,-4.8674681E+01,-9.1955343E+01, 3.5550464E-02, 6.5868974E-19, 7.7980884E-01, 3.4725053E-15, 5.5172459E-03, 1.3637330E+00,-5.8379435E-13, 1.0000000E-04, 0.0000000E+00, 7.9903547E-25, 1.0000000E-04, 3.3344691E-11
 7.8269347E-01,-4.8660115E+01,-9.1438967E+01, 3.5422800E-02, 9.3956972E-19, 7.8269347E-01, 3.6263400E-15, 5.9543024E-03, 1.3661806E+00,-5.5020221E-13, 1.0000000E-04, 0.0000000E+00, 1.2096805E-24, 1.0000000E-04, 3.3524265E-11
 7.8557809E-01,-4.8645943E+01,-9.0939917E+01, 3.5295796E-02, 1.3359093E-18, 7.8557809E-01, 4.5102223E-15, 6.4129055E-03, 1.3686066E+00,-7.2668111E-13, 1.0000000E-04, 0.0000000E+00, 1.8223328E-24, 1.0000000E-04, 3.3681393E-11
 7.8846272E-01,-4.8632153E+01,-9.0457235E+01, 3.5169454E-02, 1.8934696E-18, 7.8846272E-01, 4.9416805E-15, 6.8934436E-03, 1.3710107E+00,-8.2184778E-13, 1.0000000E-04, 0.0000000E+00, 2.7322169E-24, 1.0000000E-04, 3.3860967E-11
 7.9134735E-01,-4.8618734E+01,-8.9990046E+01, 3.5043773E-02, 2.6754784E-18, 7.9134735E-01, 5.0178186E-15, 7.3962942E-03, 1.3733925E+00,-9.0053583E-13, 1.0000000E-04, 0.0000000E+00, 4.0775830E-24, 1.0000000E-04, 3.4051765E-11
 7.9423198E-01,-4.8605674E+01,-8.9537551E+01, 3.4918754E-02, 3.7690359E-18, 7.9423198E-01, 5.3921733E-15, 7.9218246E-03, 1.3757516E+00,-8.8261096E-13, 1.0000000E-04, 0.0000000E+00, 6.0583257E-24, 1.0000000E-04, 3.4253786E-11
 7.9711660E-01,-4.8592962E+01,-8.9099016E+01, 3.4794396E-02, 5.2937657E-18, 7.9711660E-01, 4.9831648E-15, 8.4703903E-03, 1.3780877E+00,-8.9678884E-13, 1.0000000E-04, 0.0000000E+00, 8.9623044E-24, 1.0000000E-04, 3.4433360E-11
 8.0000123E-01,-4.8580588E+01,-8.8673771E+01, 3.4670700E-02, 7.4134644E-18, 8.0000123E-01, 4.8931828E-15, 9.0423356E-03, 1.3804003E+00,-1.0547354E-12, 1.0000000E-04, 0.0000000E+00, 1.3202400E-23, 1.0000000E-04, 3.4624158E-11
 8.0288586E-01,-4.8568540E+01,-8.8261200E+01, 3.4547664E-02, 1.0351734E-17, 8.0288586E-01, 4.7769224E-15, 9.6379924E-03, 1.3826893E+00,-1.0047070E-12, 1.0000000E-04, 0.0000000E+00, 1.9368481E-23, 1.0000000E-04, 3.4803732E-11
 8.0577048E-01,-4.8556809E+01,-8.7860733E+01, 3.4425291E-02, 1.4412895E-17, 8.0577048E-01, 4.6417766E-15, 1.0257680E-02, 1.3849543E+00,-1.0026298E-12, 1.0000000E-04, 0.0000000E+00, 2.8299971E-23, 1.0000000E-04, 3.5005753E-11
 8.0865511E-01,-4.8545385E+01,-8.7471848E+01, 3.4303575E-02, 2.0009858E-17, 8.0865511E-01, 5.0883595E-15, 1.0901704E-02, 1.3871949E+00,-9.8467916E-13, 1.0000000E-04, 0.0000000E+00, 4.1186806E-23, 1.0000000E-04, 3.5174104E-11
 8.1153974E-01,-4.8534259E+01,-8.7094060E+01, 3.4182520E-02, 2.7701166E-17, 8.1153974E-01, 4.6342482E-15, 1.1570358E-02, 1.3894108E+00,-1.0301994E-12, 1.0000000E-04, 0.0000000E+00, 5.9709292E-23, 1.0000000E-04, 3.5376125E-11
 8.1442437E-01,-4.8523420E+01,-8.6726920E+01, 3.4062123E-02, 3.8240041E-17, 8.1442437E-01, 4.1890274E-15, 1.2263919E-02, 1.3916019E+00,-9.6481592E-13, 1.0000000E-04, 0.0000000E+00, 8.6231109E-23, 1.0000000E-04, 3.5589369E-11
 8.1730899E-01,-4.8512862E+01,-8.6370010E+01, 3.3942383E-02, 5.2639111E-17, 8.1730899E-01, 4.2603137E-15, 1.2982652E-02, 1.3937678E+00,-1.1206797E-12, 1.0000000E-04, 0.0000000E+00, 1.2406458E-22, 1.0000000E-04, 3.5802614E-11
 8.2019362E-01,-4.8502574E+01,-8.6022943E+01, 3.3823301E-02, 7.2255549E-17, 8.2019362E-01, 4.3833909E-15, 1.3726806E-02, 1.3959083E+00,-1.2444018E-12, 1.0000000E-04, 0.0000000E+00, 1.7783384E-22, 1.0000000E-04, 3.5993411E-11
 8.2307825E-01,-4.8492549E+01,-8.5685356E+01, 3.3704871E-02, 9.8902671E-17, 8.2307825E-01, 4.3347238E-15, 1.4496615E-02, 1.3980231E+00,-1.2261407E-12, 1.0000000E-04, 0.0000000E+00, 2.5396996E-22, 1.0000000E-04, 3.6195432E-11
 8.2596287E-01,-4.8482779E+01,-8.5356910E+01, 3.3587096E-02, 1.3499572E-16, 8.2596287E-01, 4.2132661E-15, 1.5292296E-02, 1.4001120E+00,-1.1452032E-12, 1.0000000E-04, 0.0000000E+00, 3.6138353E-22, 1.0000000E-04, 3.6408677E-11
 8.2884750E-01,-4.8473255E+01,-8.5037287E+01, 3.3469973E-02, 1.8374167E-16, 8.2884750E-01, 3.6183067E-15, 1.6114053E-02, 1.4021749E+00,-1.0959066E-12, 1.0000000E-04, 0.0000000E+00, 5.1237442E-22, 1.0000000E-04, 3.6633144E-11
 8.3173213E-01,-4.8463971E+01,-8.4726189E+01, 3.3353499E-02, 2.4938545E-16, 8.3173213E-01, 3.6130517E-15, 1.6962070E-02, 1.4042115E+00,-9.6868994E-13, 1.0000000E-04, 0.0000000E+00, 7.2385767E-22, 1.0000000E-04, 3.6823942E-11
 8.3461676E-01,-4.8454919E+01,-8.4423335E+01, 3.3237675E-02, 3.3752837E-16, 8.3461676E-01, 3.6867707E-15, 1.7836519E-02, 1.4062217E+00,-1.0446896E-12, 1.0000000E-04, 0.0000000E+00, 1.0190089E-21, 1.0000000E-04, 3.7048410E-11
 8.3750138E-01,-4.8446092E+01,-8.4128458E+01, 3.3122498E-02, 4.5553833E-16, 8.3750138E-01, 3.9368826E-15, 1.8737552E-02, 1.4082053E+00,-1.0425778E-12, 1.0000000E-04, 0.0000000E+00, 1.4294639E-21, 1.0000000E-04, 3.7272878E-11
 8.4038601E-01,-4.8437484E+01,-8.3841308E+01, 3.3007964E-02, 6.1307664E-16, 8.4038601E-01, 4.0276032E-15, 1.9665305E-02, 1.4101622E+00,-1.0404744E-12, 1.0000000E-04, 0.0000000E+00, 1.9982479E-21, 1.0000000E-04, 3.7497345E-11
 8.4327064E-01,-4.8429087E+01,-8.3561647E+01, 3.2894073E-02, 8.2277215E-16, 8.4327064E-01, 4.3951816E-15, 2.0619899E-02, 1.4120922E+00,-1.0383795E-12, 1.0000000E-04, 0.0000000E+00, 2.7836614E-21, 1.0000000E-04, 3.7710590E-11
 8.4615527E-01,-4.8420897E+01,-8.3289248E+01, 3.2780823E-02, 1.1010810E-15, 8.4615527E-01, 4.8631978E-15, 2.1601437E-02, 1.4139953E+00,-1.0517601E-12, 1.0000000E-04, 0.0000000E+00, 3.8644139E-21, 1.0000000E-04, 3.7923834E-11
 8.4903989E-01,-4.8412905E+01,-8.3023897E+01, 3.2668211E-02, 1.4693790E-15, 8.4903989E-01, 4.6072584E-15, 2.2610004E-02, 1.4158713E+00,-1.0187789E-12, 1.0000000E-04, 0.0000000E+00, 5.3463817E-21, 1.0000000E-04, 3.8148302E-11
 8.5192452E-01,-4.8405107E+01,-8.2765388E+01, 3.2556234E-02, 1.9553457E-15, 8.5192452E-01, 4.8221879E-15, 2.3645671E-02, 1.4177203E+00,-1.0783606E-12, 1.0000000E-04, 0.0000000E+00, 7.3714678E-21, 1.0000000E-04, 3.8361546E-11
 8.5480915E-01,-4.8397498E+01,-8.2513525E+01, 3.2444892E-02, 2.5947107E-15, 8.5480915E-01, 4.4241264E-15, 2.4708489E-02, 1.4195421E+00,-9.9933484E-13, 1.0000000E-04, 0.0000000E+00, 1.0129174E-20, 1.0000000E-04, 3.8574791E-11
 8.5769377E-01,-4.8390071E+01,-8.2268121E+01, 3.2334181E-02, 3.4334507E-15, 8.5769377E-01, 4.3663690E-15, 2.5798495E-02, 1.4213367E+00,-1.1200927E-12, 1.0000000E-04, 0.0000000E+00, 1.3871656E-20, 1.0000000E-04, 3.8810482E-11
 8.6057840E-01,-4.8382821E+01,-8.2028998E+01, 3.2224097E-02, 4.5305430E-15, 8.6057840E-01, 4.3303633E-15, 2.6915709E-02, 1.4231041E+00,-1.2250569E-12, 1.0000000E-04, 0.0000000E+00, 1.8933238E-20, 1.0000000E-04, 3.9023726E-11
 8.6346303E-01,-4.8375743E+01,-8.1795982E+01, 3.2114640E-02, 5.9614059E-15, 8.6346303E-01, 4.5184859E-15, 2.8060132E-02, 1.4248443E+00,-1.1309278E-12, 1.0000000E-04, 0.0000000E+00, 2.5755613E-20, 1.0000000E-04, 3.9225747E-11
 8.6634766E-01,-4.8368833E+01,-8.1568908E+01, 3.2005806E-02, 7.8221820E-15, 8.6634766E-01, 5.3755003E-15, 2.9231754E-02, 1.4265574E+00,-1.0981818E-12, 1.0000000E-04, 0.0000000E+00, 3.4920248E-20, 1.0000000E-04, 3.9461439E-11
 8.6923228E-01,-4.8362085E+01,-8.1347618E+01, 3.1897593E-02, 1.0235052E-14, 8.6923228E-01, 5.3809145E-15, 3.0430544E-02, 1.4282432E+00,-9.8945357E-13, 1.0000000E-04, 0.0000000E+00, 4.7189928E-20, 1.0000000E-04, 3.9697130E-11
 8.7211691E-01,-4.8355495E+01,-8.1131958E+01, 3.1789997E-02, 1.3354806E-14, 8.7211691E-01, 5.1705725E-15, 3.1656459E-02, 1.4299019E+00,-1.0026930E-12, 1.0000000E-04, 0.0000000E+00, 6.3561781E-20, 1.0000000E-04, 3.9910374E-11
 8.7500154E-01,-4.8349058E+01,-8.0921781E+01, 3.1683016E-02, 1.7376943E-14, 8.7500154E-01, 5.4849302E-15, 3.2909438E-02, 1.4315335E+00,-1.0462051E-12, 1.0000000E-04, 0.0000000E+00, 8.5334736E-20, 1.0000000E-04, 4.0146065E-11
 8.7788616E-01,-4.8342771E+01,-8.0716944E+01, 3.1576648E-02, 2.2547616E-14, 8.7788616E-01, 5.6767391E-15, 3.4189408E-02, 1.4331382E+00,-1.1046787E-12, 1.0000000E-04, 0.0000000E+00, 1.1419501E-19, 1.0000000E-04, 4.0359310E-11
 8.8077079E-01,-4.8336629E+01,-8.0517309E+01, 3.1470889E-02, 2.9175812E-14, 8.8077079E-01, 5.6589378E-15, 3.5496279E-02, 1.4347160E+00,-1.0723055E-12, 1.0000000E-04, 0.0000000E+00, 1.5232403E-19, 1.0000000E-04, 4.0583778E-11
 8.8365542E-01,-4.8330629E+01,-8.0322744E+01, 3.1365734E-02, 3.7648208E-14, 8.8365542E-01, 5.8706588E-15, 3.6829948E-02, 1.4362669E+00,-1.2661589E-12, 1.0000000E-04, 0.0000000E+00, 2.0253427E-19, 1.0000000E-04, 4.0808245E-11
 8.8654005E-01,-4.8324765E+01,-8.0133120E+01, 3.1261184E-02, 4.8447234E-14, 8.8654005E-01, 6.0001634E-15, 3.8190297E-02, 1.4377912E+00,-1.1884650E-12, 1.0000000E-04, 0.0000000E+00, 2.6843941E-19, 1.0000000E-04, 4.1021490E-11
 8.8942467E-01,-4.8319036E+01,-7.9948311E+01, 3.1157233E-02, 6.2172977E-14, 8.8942467E-01, 6.0657203E-15, 3.9577195E-02, 1.4392889E+00,-1.2311904E-12, 1.0000000E-04, 0.0000000E+00, 3.5466700E-19, 1.0000000E-04, 4.1234734E-11
 8.9230930E-01,-4.8313437E+01,-7.9768198E+01, 3.1053879E-02, 7.9569632E-14, 8.9230930E-01, 5.9826620E-15, 4.0990499E-02, 1.4407602E+00,-1.3037200E-12, 1.0000000E-04, 0.0000000E+00, 4.6712306E-19, 1.0000000E-04, 4.1481649E-11
 8.9519393E-01,-4.8307964E+01,-7.9592661E+01, 3.0951120E-02, 1.0155736E-13, 8.9519393E-01, 6.2244120E-15, 4.2430052E-02, 1.4422053E+00,-1.3909239E-12, 1.0000000E-04, 0.0000000E+00, 6.1332024E-19, 1.0000000E-04, 4.1739787E-11
 8.9807856E-01,-4.8302614E+01,-7.9421589E+01, 3.0848950E-02, 1.2927051E-13, 8.9807856E-01, 5.3354560E-15, 4.3895685E-02, 1.4436243E+00,-1.3583723E-12, 1.0000000E-04, 0.0000000E+00, 8.0278340E-19, 1.0000000E-04, 4.1941808E-11
 9.0096318E-01,-4.8297385E+01,-7.9254868E+01, 3.0747368E-02, 1.6410340E-13, 9.0096318E-01, 5.1183919E-15, 4.5387218E-02, 1.4450174E+00,-1.4600311E-12, 1.0000000E-04, 0.0000000E+00, 1.0475491E-18, 1.0000000E-04, 4.2199946E-11
 9.0384781E-01,-4.8292273E+01,-7.9092393E+01, 3.0646370E-02, 2.0776484E-13, 9.0384781E-01, 5.1062133E-15, 4.6904460E-02, 1.4463848E+00,-1.3828632E-12, 1.0000000E-04, 0.0000000E+00, 1.3627786E-18, 1.0000000E-04, 4.2435637E-11
 9.0673244E-01,-4.8287275E+01,-7.8934059E+01, 3.0545953E-02, 2.6234299E-13, 9.0673244E-01, 4.2292784E-15, 4.8447208E-02, 1.4477267E+00,-1.0982213E-12, 1.0000000E-04, 0.0000000E+00, 1.7675077E-18, 1.0000000E-04, 4.2648881E-11
 9.0961706E-01,-4.8282388E+01,-7.8779763E+01, 3.0446114E-02, 3.3038228E-13, 9.0961706E-01, 3.9830222E-15, 5.0015249E-02, 1.4490433E+00,-8.8873624E-13, 1.0000000E-04, 0.0000000E+00, 2.2855608E-18, 1.0000000E-04, 4.2884573E-11
 9.1250169E-01,-4.8277610E+01,-7.8629406E+01, 3.0346849E-02, 4.1497415E-13, 9.1250169E-01, 3.6461402E-15, 5.1608362E-02, 1.4503348E+00,-7.5397494E-13, 1.0000000E-04, 0.0000000E+00, 2.9466615E-18, 1.0000000E-04, 4.3120264E-11
 9.1538632E-01,-4.8272937E+01,-7.8482893E+01, 3.0248154E-02, 5.1986408E-13, 9.1538632E-01, 4.1188778E-15, 5.3226315E-02, 1.4516015E+00,-9.1483994E-13, 1.0000000E-04, 0.0000000E+00, 3.7877769E-18, 1.0000000E-04, 4.3355955E-11
 9.1827095E-01,-4.8268367E+01,-7.8340128E+01, 3.0150028E-02, 6.4957714E-13, 9.1827095E-01, 3.6637805E-15, 5.4868867E-02, 1.4528435E+00,-8.6890787E-13, 1.0000000E-04, 0.0000000E+00, 4.8547410E-18, 1.0000000E-04, 4.3591646E-11
 9.2115557E-01,-4.8263897E+01,-7.8201021E+01, 3.0052466E-02, 8.0956504E-13, 9.2115557E-01, 4.1831252E-15, 5.6535769E-02, 1.4540613E+00,-8.5254948E-13, 1.0000000E-04, 0.0000000E+00, 6.2042070E-18, 1.0000000E-04, 4.3816114E-11
 9.2404020E-01,-4.8259526E+01,-7.8065481E+01, 2.9955466E-02, 1.0063777E-12, 9.2404020E-01, 3.5321516E-15, 5.8226766E-02, 1.4552549E+00,-8.0691122E-13, 1.0000000E-04, 0.0000000E+00, 7.9059883E-18, 1.0000000E-04, 4.4051805E-11
 9.2692483E-01,-4.8255250E+01,-7.7933422E+01, 2.9859023E-02, 1.2478631E-12, 9.2692483E-01, 3.9622241E-15, 5.9941593E-02, 1.4564247E+00,-7.4680340E-13, 1.0000000E-04, 0.0000000E+00, 1.0045858E-17, 1.0000000E-04, 4.4265050E-11
 9.2980945E-01,-4.8251068E+01,-7.7804758E+01, 2.9763134E-02, 1.5433985E-12, 9.2980945E-01, 3.3196734E-15, 6.1679980E-02, 1.4575709E+00,-7.0153923E-13, 1.0000000E-04, 0.0000000E+00, 1.2728881E-17, 1.0000000E-04, 4.4500741E-11
 9.3269408E-01,-4.8246977E+01,-7.7679407E+01, 2.9667796E-02, 1.9041590E-12, 9.3269408E-01, 3.8194025E-15, 6.3441649E-02, 1.4586939E+00,-7.4397283E-13, 1.0000000E-04, 0.0000000E+00, 1.6083381E-17, 1.0000000E-04, 4.4758879E-11
 9.3557871E-01,-4.8242975E+01,-7.7557288E+01, 2.9573005E-02, 2.3434265E-12, 9.3557871E-01, 3.8586557E-15, 6.5226319E-02, 1.4597938E+00,-7.5712569E-13, 1.0000000E-04, 0.0000000E+00, 2.0265623E-17, 1.0000000E-04, 4.4983346E-11
 9.3846334E-01,-4.8239060E+01,-7.7438321E+01, 2.9478759E-02, 2.8769450E-12, 9.3846334E-01, 3.7801425E-15, 6.7033701E-02, 1.4608711E+00,-6.9756579E-13, 1.0000000E-04, 0.0000000E+00, 2.5465362E-17, 1.0000000E-04, 4.5241484E-11
 9.4134796E-01,-4.8235229E+01,-7.7322430E+01, 2.9385054E-02, 3.5233291E-12, 9.4134796E-01, 3.8428247E-15, 6.8863502E-02, 1.4619259E+00,-6.3823035E-13, 1.0000000E-04, 0.0000000E+00, 3.1912353E-17, 1.0000000E-04, 4.5488399E-11
 9.4423259E-01,-4.8231482E+01,-7.7209539E+01, 2.9291886E-02, 4.3045296E-12, 9.4423259E-01, 3.9845756E-15, 7.0715425E-02, 1.4629586E+00,-5.5016221E-13, 1.0000000E-04, 0.0000000E+00, 3.9884008E-17, 1.0000000E-04, 4.5712867E-11
 9.4711722E-01,-4.8227816E+01,-7.7099574E+01, 2.9199252E-02, 5.2463665E-12, 9.4711722E-01, 3.9159931E-15, 7.2589167E-02, 1.4639695E+00,-5.0577706E-13, 1.0000000E-04, 0.0000000E+00, 4.9714347E-17, 1.0000000E-04, 4.5937335E-11
 9.5000185E-01,-4.8224228E+01,-7.6992464E+01, 2.9107149E-02, 6.3791335E-12, 9.5000185E-01, 3.8957524E-15, 7.4484424E-02, 1.4649589E+00,-5.7694780E-13, 1.0000000E-04, 0.0000000E+00, 6.1804445E-17, 1.0000000E-04, 4.6195473E-11
 9.5288647E-01,-4.8220719E+01,-7.6888138E+01, 2.9015573E-02, 7.7382850E-12, 9.5288647E-01, 4.2183754E-15, 7.6400888E-02, 1.4659270E+00,-6.1905888E-13, 1.0000000E-04, 0.0000000E+00, 7.6634587E-17, 1.0000000E-04, 4.6453611E-11
 9.5577110E-01,-4.8217284E+01,-7.6786528E+01, 2.8924521E-02, 9.3652126E-12, 9.5577110E-01, 4.7011316E-15, 7.8338247E-02, 1.4668743E+00,-5.4605400E-13, 1.0000000E-04, 0.0000000E+00, 9.4778368E-17, 1.0000000E-04, 4.6666855E-11
 9.5865573E-01,-4.8213924E+01,-7.6687567E+01, 2.8833989E-02, 1.1308122E-11, 9.5865573E-01, 4.7825908E-15, 8.0296188E-02, 1.4678010E+00,-7.3149638E-13, 1.0000000E-04, 0.0000000E+00, 1.1691901E-16, 1.0000000E-04, 4.6913770E-11
 9.6154035E-01,-4.8210636E+01,-7.6591189E+01, 2.8743974E-02, 1.3623019E-11, 9.6154035E-01, 5.3724374E-15, 8.2274396E-02, 1.4687074E+00,-7.0150311E-13, 1.0000000E-04, 0.0000000E+00, 1.4386817E-16, 1.0000000E-04, 4.7149461E-11
 9.6442498E-01,-4.8207419E+01,-7.6497330E+01, 2.8654473E-02, 1.6374816E-11, 9.6442498E-01, 5.2914221E-15, 8.4272554E-02, 1.4695939E+00,-7.2878046E-13, 1.0000000E-04, 0.0000000E+00, 1.7658764E-16, 1.0000000E-04, 4.7418822E-11
 9.6730961E-01,-4.8204271E+01,-7.6405929E+01, 2.8565483E-02, 1.9638575E-11, 9.6730961E-01, 4.8761473E-15, 8.6290344E-02, 1.4704607E+00,-6.9890337E-13, 1.0000000E-04, 0.0000000E+00, 2.1621416E-16, 1.0000000E-04, 4.7632066E-11
 9.7019424E-01,-4.8201191E+01,-7.6316923E+01, 2.8476999E-02, 2.3500889E-11, 9.7019424E-01, 5.4188938E-15, 8.8327447E-02, 1.4713082E+00,-5.6947813E-13, 1.0000000E-04, 0.0000000E+00, 2.6408789E-16, 1.0000000E-04, 4.7890204E-11
 9.7307886E-01,-4.8198177E+01,-7.6230254E+01, 2.8389019E-02, 2.8061427E-11, 9.7307886E-01, 5.2764415E-15, 9.0383543E-02, 1.4721368E+00,-6.5369082E-13, 1.0000000E-04, 0.0000000E+00, 3.2178488E-16, 1.0000000E-04, 4.8125896E-11
 9.7596349E-01,-4.8195228E+01,-7.6145862E+01, 2.8301539E-02, 3.3434646E-11, 9.7596349E-01, 6.0436687E-15, 9.2458313E-02, 1.4729466E+00,-6.2411727E-13, 1.0000000E-04, 0.0000000E+00, 3.9115407E-16, 1.0000000E-04, 4.8339140E-11
 9.7884812E-01,-4.8192342E+01,-7.6063692E+01, 2.8214556E-02, 3.9751696E-11, 9.7884812E-01, 6.4978596E-15, 9.4551437E-02, 1.4737381E+00,-5.3801895E-13, 1.0000000E-04, 0.0000000E+00, 4.7435929E-16, 1.0000000E-04, 4.8619725E-11
 9.8173274E-01,-4.8189518E+01,-7.5983687E+01, 2.8128067E-02, 4.7162522E-11, 9.8173274E-01, 6.5226684E-15, 9.6662595E-02, 1.4745116E+00,-4.8050156E-13, 1.0000000E-04, 0.0000000E+00, 5.7392685E-16, 1.0000000E-04, 4.8855416E-11
 9.8461737E-01,-4.8186755E+01,-7.5905793E+01, 2.8042068E-02, 5.5838179E-11, 9.8461737E-01, 7.1279369E-15, 9.8791470E-02, 1.4752673E+00,-6.3479249E-13, 1.0000000E-04, 0.0000000E+00, 6.9279936E-16, 1.0000000E-04, 4.9079884E-11
 9.8750200E-01,-4.8184051E+01,-7.5829957E+01, 2.7956556E-02, 6.5973395E-11, 9.8750200E-01, 7.5273570E-15, 1.0093774E-01, 1.4760057E+00,-6.3363130E-13, 1.0000000E-04, 0.0000000E+00, 8.3439634E-16, 1.0000000E-04, 4.9315575E-11
 9.9038663E-01,-4.8181406E+01,-7.5756126E+01, 2.7871528E-02, 7.7789372E-11, 9.9038663E-01, 7.1163834E-15, 1.0310110E-01, 1.4767270E+00,-6.4652933E-13, 1.0000000E-04, 0.0000000E+00, 1.0026825E-15, 1.0000000E-04, 4.9584936E-11
 9.9327125E-01,-4.8178817E+01,-7.5684252E+01, 2.7786981E-02, 9.1536859E-11, 9.9327125E-01, 6.8673659E-15, 1.0528123E-01, 1.4774315E+00,-5.3311602E-13, 1.0000000E-04, 0.0000000E+00, 1.2022442E-15, 1.0000000E-04, 4.9843074E-11
 9.9615588E-01,-4.8176284E+01,-7.5614283E+01, 2.7702910E-02, 1.0749952E-10, 9.9615588E-01, 7.5667694E-15, 1.0747780E-01, 1.4781195E+00,-6.7218460E-13, 1.0000000E-04, 0.0000000E+00, 1.4383754E-15, 1.0000000E-04, 5.0089989E-11
 9.9904051E-01,-4.8173806E+01,-7.5546171E+01, 2.7619314E-02, 1.2599760E-10, 9.9904051E-01, 6.9363330E-15, 1.0969053E-01, 1.4787914E+00,-5.4515820E-13, 1.0000000E-04, 0.0000000E+00, 1.7171731E-15, 1.0000000E-04, 5.0314457E-11
 1.0000000E+00,-4.8172987E+01,-7.5523739E+01, 2.7591562E-02, 1.3248750E-10, 1.0000000E+00, 6.9806396E-15, 1.1042831E-01, 1.4790131E+00,-5.5879908E-13, 1.0000000E-04, 0.0000000E+00, 1.8149197E-15, 1.0000000E-04, 5.0527701E-11
 1.0014392E+00,-4.8171773E+01,-7.5490536E+01, 2.7550050E-02, 1.4292096E-10, 1.0014392E+00, 6.5741735E-15, 1.1153893E-01, 1.4793418E+00,-4.7454951E-13, 1.0000000E-04, 0.0000000E+00, 1.9736516E-15, 1.0000000E-04, 5.0606265E-11
 1.0035981E+00,-4.8169982E+01,-7.5441714E+01, 2.7488044E-02, 1.6029279E-10, 1.0035981E+00, 6.7946146E-15, 1.1321365E-01, 1.4798259E+00,-4.0421429E-13, 1.0000000E-04, 0.0000000E+00, 2.2420963E-15, 1.0000000E-04, 5.0673605E-11
 1.0068364E+00,-4.8167359E+01,-7.5370628E+01, 2.7395618E-02, 1.9079131E-10, 1.0068364E+00, 7.0227121E-15, 1.1574501E-01, 1.4805328E+00,-4.0339428E-13, 1.0000000E-04, 0.0000000E+00, 2.7250583E-15, 1.0000000E-04, 5.0808286E-11
 1.0100747E+00,-4.8164800E+01,-7.5301663E+01, 2.7303774E-02, 2.2652501E-10, 1.0100747E+00, 6.4207648E-15, 1.1829524E-01, 1.4812209E+00,-3.0540369E-13, 1.0000000E-04, 0.0000000E+00, 3.3027483E-15, 1.0000000E-04, 5.1111317E-11
 1.0133130E+00,-4.8162303E+01,-7.5234758E+01, 2.7212506E-02, 2.6829116E-10, 1.0133130E+00, 6.4740516E-15, 1.2086391E-01, 1.4818905E+00,-3.3249452E-13, 1.0000000E-04, 0.0000000E+00, 3.9918993E-15, 1.0000000E-04, 5.1425572E-11
 1.0165512E+00,-4.8159866E+01,-7.5169853E+01, 2.7121812E-02, 3.1699194E-10, 1.0165512E+00, 6.4453423E-15, 1.2345060E-01, 1.4825421E+00,-4.1478010E-13, 1.0000000E-04, 0.0000000E+00, 4.8118601E-15, 1.0000000E-04, 5.1717380E-11
 1.0197895E+00,-4.8157489E+01,-7.5106891E+01, 2.7031686E-02, 3.7364592E-10, 1.0197895E+00, 5.9933299E-15, 1.2605490E-01, 1.4831761E+00,-4.6913816E-13, 1.0000000E-04, 0.0000000E+00, 5.7849480E-15, 1.0000000E-04, 5.2009189E-11
 1.0230278E+00,-4.8155170E+01,-7.5045817E+01, 2.6942124E-02, 4.3940036E-10, 1.0230278E+00, 6.6118021E-15, 1.2867641E-01, 1.4837929E+00,-5.7835976E-13, 1.0000000E-04, 0.0000000E+00, 6.9368403E-15, 1.0000000E-04, 5.2334667E-11
 1.0262661E+00,-4.8152906E+01,-7.4986575E+01, 2.6853122E-02, 5.1554460E-10, 1.0262661E+00, 7.4105169E-15, 1.3131472E-01, 1.4843928E+00,-6.7340068E-13, 1.0000000E-04, 0.0000000E+00, 8.2970080E-15, 1.0000000E-04, 5.2604028E-11
 1.0295044E+00,-4.8150699E+01,-7.4929112E+01, 2.6764675E-02, 6.0352442E-10, 1.0295044E+00, 7.2771685E-15, 1.3396944E-01, 1.4849764E+00,-6.9948448E-13, 1.0000000E-04, 0.0000000E+00, 9.8991955E-15, 1.0000000E-04, 5.2884613E-11
 1.0327427E+00,-4.8148545E+01,-7.4873377E+01, 2.6676778E-02, 7.0495747E-10, 1.0327427E+00, 7.5903919E-15, 1.3664018E-01, 1.4855439E+00,-8.0759215E-13, 1.0000000E-04, 0.0000000E+00, 1.1781949E-14, 1.0000000E-04, 5.3176421E-11
 1.0359810E+00,-4.8146444E+01,-7.4819319E+01, 2.6589428E-02, 8.2164988E-10, 1.0359810E+00, 7.9248014E-15, 1.3932654E-01, 1.4860959E+00,-8.3330467E-13, 1.0000000E-04, 0.0000000E+00, 1.3989200E-14, 1.0000000E-04, 5.3468229E-11
 1.0392193E+00,-4.8144394E+01,-7.4766890E+01, 2.6502621E-02, 9.5561391E-10, 1.0392193E+00, 8.1544617E-15, 1.4202816E-01, 1.4866325E+00,-9.5434994E-13, 1.0000000E-04, 0.0000000E+00, 1.6570902E-14, 1.0000000E-04, 5.3793707E-11
 1.0424575E+00,-4.8142395E+01,-7.4716041E+01, 2.6416351E-02, 1.1090869E-09, 1.0424575E+00, 7.7534322E-15, 1.4474465E-01, 1.4871543E+00,-1.0477018E-12, 1.0000000E-04, 0.0000000E+00, 1.9583730E-14, 1.0000000E-04, 5.4085516E-11
 1.0456958E+00,-4.8140444E+01,-7.4666727E+01, 2.6330614E-02, 1.2845514E-09, 1.0456958E+00, 7.8752220E-15, 1.4747566E-01, 1.4876616E+00,-1.0999451E-12, 1.0000000E-04, 0.0000000E+00, 2.3091848E-14, 1.0000000E-04, 5.4366100E-11
 1.0489341E+00,-4.8138542E+01,-7.4618902E+01, 2.6245408E-02, 1.4847566E-09, 1.0489341E+00, 8.3352066E-15, 1.5022082E-01, 1.4881547E+00,-1.0842183E-12, 1.0000000E-04, 0.0000000E+00, 2.7167739E-14, 1.0000000E-04, 5.4646685E-11
 1.0521724E+00,-4.8136687E+01,-7.4572522E+01, 2.6160726E-02, 1.7127408E-09, 1.0521724E+00, 7.8526376E-15, 1.5297977E-01, 1.4886341E+00,-7.9803370E-13, 1.0000000E-04, 0.0000000E+00, 3.1893113E-14, 1.0000000E-04, 5.4927270E-11
 1.0554107E+00,-4.8134877E+01,-7.4527545E+01, 2.6076566E-02, 1.9718558E-09, 1.0554107E+00, 8.3007570E-15, 1.5575217E-01, 1.4891000E+00,-9.3145623E-13, 1.0000000E-04, 0.0000000E+00, 3.7359894E-14, 1.0000000E-04, 5.5219078E-11
 1.0586490E+00,-4.8133113E+01,-7.4483930E+01, 2.5992922E-02, 2.2657917E-09, 1.0586490E+00, 9.1009524E-15, 1.5853769E-01, 1.4895527E+00,-1.1856100E-12, 1.0000000E-04, 0.0000000E+00, 4.3671284E-14, 1.0000000E-04, 5.5510886E-11
 1.0618873E+00,-4.8131392E+01,-7.4441636E+01, 2.5909792E-02, 2.5986043E-09, 1.0618873E+00, 9.9650886E-15, 1.6133597E-01, 1.4899927E+00,-1.0488208E-12, 1.0000000E-04, 0.0000000E+00, 5.0942920E-14, 1.0000000E-04, 5.5791471E-11
 1.0651255E+00,-4.8129714E+01,-7.4400624E+01, 2.5827171E-02, 2.9747424E-09, 1.0651255E+00, 1.0878540E-14, 1.6414670E-01, 1.4904203E+00,-1.1675490E-12, 1.0000000E-04, 0.0000000E+00, 5.9304117E-14, 1.0000000E-04, 5.6105726E-11
 1.0683638E+00,-4.8128077E+01,-7.4360856E+01, 2.5745054E-02, 3.3990779E-09, 1.0683638E+00, 1.0513055E-14, 1.6696955E-01, 1.4908357E+00,-1.2858134E-12, 1.0000000E-04, 0.0000000E+00, 6.8899213E-14, 1.0000000E-04, 5.6408757E-11
 1.0716021E+00,-4.8126482E+01,-7.4322295E+01, 2.5663438E-02, 3.8769364E-09, 1.0716021E+00, 1.0896127E-14, 1.6980421E-01, 1.4912394E+00,-1.2031000E-12, 1.0000000E-04, 0.0000000E+00, 7.9889008E-14, 1.0000000E-04, 5.6689342E-11
 1.0748404E+00,-4.8124926E+01,-7.4284904E+01, 2.5582320E-02, 4.4141293E-09, 1.0748404E+00, 1.0272761E-14, 1.7265037E-01, 1.4916315E+00,-1.1207084E-12, 1.0000000E-04, 0.0000000E+00, 9.2452315E-14, 1.0000000E-04, 5.7003597E-11
 1.0780787E+00,-4.8123410E+01,-7.4248650E+01, 2.5501694E-02, 5.0169879E-09, 1.0780787E+00, 1.0578049E-14, 1.7550772E-01, 1.4920124E+00,-1.1851113E-12, 1.0000000E-04, 0.0000000E+00, 1.0678762E-13, 1.0000000E-04, 5.7284182E-11
 1.0813170E+00,-4.8121931E+01,-7.4213499E+01, 2.5421557E-02, 5.6923981E-09, 1.0813170E+00, 1.0117710E-14, 1.7837598E-01, 1.4923825E+00,-1.0499138E-12, 1.0000000E-04, 0.0000000E+00, 1.2311485E-13, 1.0000000E-04, 5.7598437E-11
 1.0845553E+00,-4.8120489E+01,-7.4179416E+01, 2.5341905E-02, 6.4478372E-09, 1.0845553E+00, 1.0303155E-14, 1.8125484E-01, 1.4927419E+00,-1.1539975E-12, 1.0000000E-04, 0.0000000E+00, 1.4167728E-13, 1.0000000E-04, 5.7879021E-11
 1.0877936E+00,-4.8119084E+01,-7.4146371E+01, 2.5262734E-02, 7.2914113E-09, 1.0877936E+00, 1.0309345E-14, 1.8414402E-01, 1.4930910E+00,-1.1650082E-12, 1.0000000E-04, 0.0000000E+00, 1.6274354E-13, 1.0000000E-04, 5.8193276E-11
 1.0910318E+00,-4.8117714E+01,-7.4114331E+01, 2.5184041E-02, 8.2318952E-09, 1.0910318E+00, 1.0403747E-14, 1.8704326E-01, 1.4934300E+00,-1.2156161E-12, 1.0000000E-04, 0.0000000E+00, 1.8660974E-13, 1.0000000E-04, 5.8451414E-11
 1.0942701E+00,-4.8116379E+01,-7.4083268E+01, 2.5105822E-02, 9.2787722E-09, 1.0942701E+00, 9.6446903E-15, 1.8995227E-01, 1.4937593E+00,-1.2000903E-12, 1.0000000E-04, 0.0000000E+00, 2.1360181E-13, 1.0000000E-04, 5.8799339E-11
 1.0991276E+00,-4.8114452E+01,-7.4038758E+01, 2.4989540E-02, 1.1116240E-08, 1.0991276E+00, 9.0601656E-15, 1.9433690E-01, 1.4942321E+00,-1.2097879E-12, 1.0000000E-04, 0.0000000E+00, 2.6234234E-13, 1.0000000E-04, 5.9203381E-11
 1.1039850E+00,-4.8112597E+01,-7.3996255E+01, 2.4874298E-02, 1.3265880E-08, 1.1039850E+00, 9.2413866E-15, 1.9874178E-01, 1.4946847E+00,-1.1145327E-12, 1.0000000E-04, 0.0000000E+00, 3.2077692E-13, 1.0000000E-04, 5.9910455E-11
 1.1088424E+00,-4.8110812E+01,-7.3955668E+01, 2.4760084E-02, 1.5771801E-08, 1.1088424E+00, 9.8329409E-15, 2.0316608E-01, 1.4951178E+00,-1.0328970E-12, 1.0000000E-04, 0.0000000E+00, 3.9055625E-13, 1.0000000E-04, 6.0628752E-11
 1.1136998E+00,-4.8109095E+01,-7.3916911E+01, 2.4646886E-02, 1.8683001E-08, 1.1136998E+00, 9.5728332E-15, 2.0760903E-01, 1.4955323E+00,-1.2124742E-12, 1.0000000E-04, 0.0000000E+00, 4.7356387E-13, 1.0000000E-04, 6.1358272E-11
 1.1185573E+00,-4.8107443E+01,-7.3879905E+01, 2.4534692E-02, 2.2053742E-08, 1.1185573E+00, 9.8956061E-15, 2.1206986E-01, 1.4959289E+00,-1.2870277E-12, 1.0000000E-04, 0.0000000E+00, 5.7194171E-13, 9.9999999E-05, 6.2132686E-11
 1.1234147E+00,-4.8105854E+01,-7.3844569E+01, 2.4423490E-02, 2.5943932E-08, 1.1234147E+00, 9.2841787E-15, 2.1654782E-01, 1.4963083E+00,-1.1667071E-12, 1.0000000E-04, 0.0000000E+00, 6.8811764E-13, 9.9999999E-05, 6.2929547E-11
 1.1282721E+00,-4.8104326E+01,-7.3810829E+01, 2.4313267E-02, 3.0419519E-08, 1.1282721E+00, 1.0628898E-14, 2.2104221E-01, 1.4966714E+00,-1.0987741E-12, 1.0000000E-04, 0.0000000E+00, 8.2483480E-13, 9.9999999E-05, 6.3793748E-11
 1.1331296E+00,-4.8102856E+01,-7.3778614E+01, 2.4204013E-02, 3.5552895E-08, 1.1331296E+00, 1.1182190E-14, 2.2555234E-01, 1.4970187E+00,-1.1472369E-12, 1.0000000E-04, 0.0000000E+00, 9.8518313E-13, 9.9999999E-05, 6.4669172E-11
 1.1379870E+00,-4.8101442E+01,-7.3747855E+01, 2.4095716E-02, 4.1423305E-08, 1.1379870E+00, 1.1355421E-14, 2.3007756E-01, 1.4973509E+00,-1.1440109E-12, 1.0000000E-04, 0.0000000E+00, 1.1726328E-12, 9.9999999E-05, 6.5567043E-11
 1.1428444E+00,-4.8100083E+01,-7.3718486E+01, 2.3988364E-02, 4.8117264E-08, 1.1428444E+00, 1.1352715E-14, 2.3461724E-01, 1.4976686E+00,-1.0126229E-12, 1.0000000E-04, 0.0000000E+00, 1.3910695E-12, 9.9999999E-05, 6.6543478E-11
 1.1477019E+00,-4.8098777E+01,-7.3690444E+01, 2.3881947E-02, 5.5728979E-08, 1.1477019E+00, 1.1597770E-14, 2.3917076E-01, 1.4979725E+00,-9.4588055E-13, 1.0000000E-04, 0.0000000E+00, 1.6448327E-12, 9.9999998E-05, 6.7564807E-11
 1.1525593E+00,-4.8097521E+01,-7.3663671E+01, 2.3776452E-02, 6.4360776E-08, 1.1525593E+00, 1.1869361E-14, 2.4373755E-01, 1.4982632E+00,-8.9225693E-13, 1.0000000E-04, 0.0000000E+00, 1.9387544E-12, 9.9999998E-05, 6.8653476E-11
 1.1574167E+00,-4.8096314E+01,-7.3638109E+01, 2.3671869E-02, 7.4123527E-08, 1.1574167E+00, 1.1796615E-14, 2.4831703E-01, 1.4985411E+00,-9.0248695E-13, 1.0000000E-04, 0.0000000E+00, 2.2782019E-12, 9.9999998E-05, 6.9787038E-11
 1.1622742E+00,-4.8095153E+01,-7.3613702E+01, 2.3568187E-02, 8.5137074E-08, 1.1622742E+00, 1.1691828E-14, 2.5290867E-01, 1.4988069E+00,-1.0520944E-12, 1.0000000E-04, 0.0000000E+00, 2.6691209E-12, 9.9999997E-05, 7.0999164E-11
 1.1671316E+00,-4.8094038E+01,-7.3590400E+01, 2.3465396E-02, 9.7530665E-08, 1.1671316E+00, 1.0981883E-14, 2.5751195E-01, 1.4990611E+00,-1.1250298E-12, 1.0000000E-04, 0.0000000E+00, 3.1180822E-12, 9.9999997E-05, 7.2233737E-11
 1.1719890E+00,-4.8092967E+01,-7.3568151E+01, 2.3363485E-02, 1.1144337E-07, 1.1719890E+00, 1.1452096E-14, 2.6212638E-01, 1.4993041E+00,-1.3236221E-12, 1.0000000E-04, 0.0000000E+00, 3.6323295E-12, 9.9999996E-05, 7.3580544E-11
 1.1768464E+00,-4.8091937E+01,-7.3546909E+01, 2.3262443E-02, 1.2702452E-07, 1.1768464E+00, 1.0766483E-14, 2.6675147E-01, 1.4995364E+00,-1.4205521E-12, 1.0000000E-04, 0.0000000E+00, 4.2198297E-12, 9.9999996E-05, 7.4983468E-11
 1.1817039E+00,-4.8090948E+01,-7.3526628E+01, 2.3162260E-02, 1.4443410E-07, 1.1817039E+00, 1.0274212E-14, 2.7138677E-01, 1.4997585E+00,-1.2912884E-12, 1.0000000E-04, 0.0000000E+00, 4.8893251E-12, 9.9999995E-05, 7.6464955E-11
 1.1865613E+00,-4.8089998E+01,-7.3507264E+01, 2.3062926E-02, 1.6384317E-07, 1.1865613E+00, 1.0226505E-14, 2.7603184E-01, 1.4999709E+00,-9.8769688E-13, 1.0000000E-04, 0.0000000E+00, 5.6503878E-12, 9.9999994E-05, 7.8036230E-11
 1.1914187E+00,-4.8089086E+01,-7.3488776E+01, 2.2964431E-02, 1.8543427E-07, 1.1914187E+00, 1.1331197E-14, 2.8068626E-01, 1.5001739E+00,-6.8576149E-13, 1.0000000E-04, 0.0000000E+00, 6.5134757E-12, 9.9999993E-05, 7.9697291E-11
 1.1962762E+00,-4.8088209E+01,-7.3471124E+01, 2.2866764E-02, 2.0940184E-07, 1.1962762E+00, 1.2403174E-14, 2.8534961E-01, 1.5003680E+00,-4.7251004E-13, 1.0000000E-04, 0.0000000E+00, 7.4899909E-12, 9.9999993E-05, 8.1436917E-11
 1.2011336E+00,-4.8087368E+01,-7.3454270E+01, 2.2769917E-02, 2.3595252E-07, 1.2011336E+00, 1.3412736E-14, 2.9002152E-01, 1.5005535E+00,-4.8362897E-13, 1.0000000E-04, 0.0000000E+00, 8.5923399E-12, 9.9999991E-05, 8.3266329E-11
 1.2059910E+00,-4.8086559E+01,-7.3438178E+01, 2.2673879E-02, 2.6530561E-07, 1.2059910E+00, 1.2744363E-14, 2.9470162E-01, 1.5007309E+00,-7.2966441E-13, 1.0000000E-04, 0.0000000E+00, 9.8339947E-12, 9.9999990E-05, 8.5163082E-11
 1.2108485E+00,-4.8085783E+01,-7.3422814E+01, 2.2578641E-02, 2.9769340E-07, 1.2108485E+00, 1.2333519E-14, 2.9938953E-01, 1.5009004E+00,-9.1270305E-13, 1.0000000E-04, 0.0000000E+00, 1.1229557E-11, 9.9999989E-05, 8.7149622E-11
 1.2157059E+00,-4.8085038E+01,-7.3408144E+01, 2.2484193E-02, 3.3336149E-07, 1.2157059E+00, 1.1298917E-14, 3.0408494E-01, 1.5010624E+00,-5.5352863E-13, 1.0000000E-04, 0.0000000E+00, 1.2794825E-11, 9.9999987E-05, 8.9192279E-11
 1.2205633E+00,-4.8084323E+01,-7.3394137E+01, 2.2390526E-02, 3.7256911E-07, 1.2205633E+00, 1.1089208E-14, 3.0878750E-01, 1.5012173E+00,-5.3977552E-13, 1.0000000E-04, 0.0000000E+00, 1.4546855E-11, 9.9999985E-05, 9.1358393E-11
 1.2254207E+00,-4.8083636E+01,-7.3380764E+01, 2.2297631E-02, 4.1558950E-07, 1.2254207E+00, 1.0964621E-14, 3.1349692E-01, 1.5013653E+00,-8.4420061E-13, 1.0000000E-04, 0.0000000E+00, 1.6504037E-11, 9.9999983E-05, 9.3569401E-11
 1.2302782E+00,-4.8082977E+01,-7.3367994E+01, 2.2205499E-02, 4.6271013E-07, 1.2302782E+00, 1.1025807E-14, 3.1821287E-01, 1.5015068E+00,-1.0981920E-12, 1.0000000E-04, 0.0000000E+00, 1.8686158E-11, 9.9999981E-05, 9.5858973E-11
 1.2351356E+00,-4.8082345E+01,-7.3355801E+01, 2.2114121E-02, 5.1423301E-07, 1.2351356E+00, 1.0271480E-14, 3.2293509E-01, 1.5016420E+00,-1.1561166E-12, 1.0000000E-04, 0.0000000E+00, 2.1114478E-11, 9.9999979E-05, 9.8227108E-11
 1.2399930E+00,-4.8081738E+01,-7.3344159E+01, 2.2023488E-02, 5.7047493E-07, 1.2399930E+00, 1.0070527E-14, 3.2766329E-01, 1.5017712E+00,-1.2380082E-12, 1.0000000E-04, 0.0000000E+00, 2.3811799E-11, 9.9999976E-05, 1.0062891E-10
 1.2448505E+00,-4.8081155E+01,-7.3333042E+01, 2.1933591E-02, 6.3176773E-07, 1.2448505E+00, 9.9385926E-15, 3.3239722E-01, 1.5018947E+00,-1.2105195E-12, 1.0000000E-04, 0.0000000E+00, 2.6802540E-11, 9.9999973E-05, 1.0307561E-10
 1.2497079E+00,-4.8080596E+01,-7.3322428E+01, 2.1844422E-02, 6.9845847E-07, 1.2497079E+00, 1.0288337E-14, 3.3713661E-01, 1.5020127E+00,-1.1952491E-12, 1.0000000E-04, 0.0000000E+00, 3.0112812E-11, 9.9999970E-05, 1.0556720E-10
 1.2545653E+00,-4.8080060E+01,-7.3312292E+01, 2.1755972E-02, 7.7090968E-07, 1.2545653E+00, 1.1622058E-14, 3.4188124E-01, 1.5021255E+00,-1.3606805E-12, 1.0000000E-04, 0.0000000E+00, 3.3770490E-11, 9.9999966E-05, 1.0810369E-10
 1.2594228E+00,-4.8079545E+01,-7.3302614E+01, 2.1668233E-02, 8.4949949E-07, 1.2594228E+00, 1.1584557E-14, 3.4663087E-01, 1.5022333E+00,-1.3811252E-12, 1.0000000E-04, 0.0000000E+00, 3.7805295E-11, 9.9999962E-05, 1.1065140E-10
 1.2642802E+00,-4.8079052E+01,-7.3293372E+01, 2.1581196E-02, 9.3462176E-07, 1.2642802E+00, 1.0723487E-14, 3.5138527E-01, 1.5023364E+00,-1.1379399E-12, 1.0000000E-04, 0.0000000E+00, 4.2248866E-11, 9.9999958E-05, 1.1319911E-10
 1.2691376E+00,-4.8078578E+01,-7.3284547E+01, 2.1494854E-02, 1.0266863E-06, 1.2691376E+00, 1.1013835E-14, 3.5614425E-01, 1.5024348E+00,-1.0752308E-12, 1.0000000E-04, 0.0000000E+00, 4.7134839E-11, 9.9999953E-05, 1.1571315E-10
 1.2739950E+00,-4.8078124E+01,-7.3276120E+01, 2.1409198E-02, 1.1261189E-06, 1.2739950E+00, 1.0833860E-14, 3.6090759E-01, 1.5025289E+00,-7.9836305E-13, 1.0000000E-04, 0.0000000E+00, 5.2498928E-11, 9.9999948E-05, 1.1817107E-10
 1.2788525E+00,-4.8077688E+01,-7.3268073E+01, 2.1324220E-02, 1.2333615E-06, 1.2788525E+00, 1.0072780E-14, 3.6567510E-01, 1.5026188E+00,-8.7948157E-13, 1.0000000E-04, 0.0000000E+00, 5.8378997E-11, 9.9999942E-05, 1.2058410E-10
 1.2837099E+00,-4.8077271E+01,-7.3260388E+01, 2.1239913E-02, 1.3488722E-06, 1.2837099E+00, 9.8429573E-15, 3.7044661E-01, 1.5027048E+00,-8.1793058E-13, 1.0000000E-04, 0.0000000E+00, 6.4815147E-11, 9.9999935E-05, 1.2290734E-10
 1.2885673E+00,-4.8076870E+01,-7.3253049E+01, 2.1156268E-02, 1.4731251E-06, 1.2885673E+00, 1.1078640E-14, 3.7522192E-01, 1.5027869E+00,-8.5128524E-13, 1.0000000E-04, 0.0000000E+00, 7.1849787E-11, 9.9999928E-05, 1.2506223E-10
 1.2934248E+00,-4.8076486E+01,-7.3246041E+01, 2.1073279E-02, 1.6066107E-06, 1.2934248E+00, 1.2187630E-14, 3.8000089E-01, 1.5028653E+00,-8.8446780E-13, 1.0000000E-04, 0.0000000E+00, 7.9527718E-11, 9.9999920E-05, 1.2711611E-10
 1.2982822E+00,-4.8076117E+01,-7.3239349E+01, 2.0990936E-02, 1.7498357E-06, 1.2982822E+00, 1.1199431E-14, 3.8478333E-01, 1.5029403E+00,-6.4694074E-13, 1.0000000E-04, 0.0000000E+00, 8.7896211E-11, 9.9999912E-05, 1.2896797E-10
 1.3031396E+00,-4.8075764E+01,-7.3232957E+01, 2.0909235E-02, 1.9033229E-06, 1.3031396E+00, 1.1712211E-14, 3.8956910E-01, 1.5030120E+00,-5.8661847E-13, 1.0000000E-04, 0.0000000E+00, 9.7005083E-11, 9.9999903E-05, 1.3061781E-10
 1.3079971E+00,-4.8075426E+01,-7.3226854E+01, 2.0828165E-02, 2.0676114E-06, 1.3079971E+00, 1.2078463E-14, 3.9435806E-01, 1.5030804E+00,-7.1384242E-13, 1.0000000E-04, 0.0000000E+00, 1.0690678E-10, 9.9999893E-05, 1.3199829E-10
 1.3152832E+00,-4.8074949E+01,-7.3218302E+01, 2.0707952E-02, 2.3396213E-06, 1.3152832E+00, 1.1403409E-14, 4.0154818E-01, 1.5031765E+00,-7.3442689E-13, 1.0000000E-04, 0.0000000E+00, 1.2372895E-10, 9.9999876E-05, 1.3929349E-10
 1.3225694E+00,-4.8074501E+01,-7.3210314E+01, 2.0589116E-02, 2.6396908E-06, 1.3225694E+00, 1.1731352E-14, 4.0874456E-01, 1.5032662E+00,-5.6904415E-13, 1.0000000E-04, 0.0000000E+00, 1.4272516E-10, 9.9999857E-05, 1.4422056E-10
 1.3298555E+00,-4.8074080E+01,-7.3202852E+01, 2.0471631E-02, 2.9698712E-06, 1.3298555E+00, 1.1581219E-14, 4.1594679E-01, 1.5033502E+00,-6.8257451E-13, 1.0000000E-04, 0.0000000E+00, 1.6411485E-10, 9.9999836E-05, 1.4594896E-10
 1.3371416E+00,-4.8073685E+01,-7.3195883E+01, 2.0355476E-02, 3.3322923E-06, 1.3371416E+00, 1.2608149E-14, 4.2315448E-01, 1.5034286E+00,-6.6846777E-13, 1.0000000E-04, 0.0000000E+00, 1.8813300E-10, 9.9999812E-05, 1.4379407E-10
 1.3444278E+00,-4.8073314E+01,-7.3189372E+01, 2.0240628E-02, 3.7291599E-06, 1.3444278E+00, 1.2845737E-14, 4.3036729E-01, 1.5035019E+00,-6.2002169E-13, 1.0000000E-04, 0.0000000E+00, 2.1503071E-10, 9.9999785E-05, 1.3712738E-10
 1.3517139E+00,-4.8072966E+01,-7.3183290E+01, 2.0127065E-02, 4.1627552E-06, 1.3517139E+00, 1.1277000E-14, 4.3758488E-01, 1.5035705E+00,-7.2064350E-13, 1.0000000E-04, 0.0000000E+00, 2.4507575E-10, 9.9999755E-05, 1.2515202E-10
 1.3590001E+00,-4.8072639E+01,-7.3177609E+01, 2.0014765E-02, 4.6354321E-06, 1.3590001E+00, 1.1097074E-14, 4.4480693E-01, 1.5036346E+00,-6.7236463E-13, 1.0000000E-04, 0.0000000E+00, 2.7855308E-10, 9.9999721E-05, 1.0702625E-10
 1.3662862E+00,-4.8072332E+01,-7.3172301E+01, 1.9903707E-02, 5.1496155E-06, 1.3662862E+00, 1.0924434E-14, 4.5203315E-01, 1.5036945E+00,-4.5414218E-13, 1.0000000E-04, 0.0000000E+00, 3.1576537E-10, 9.9999684E-05, 8.1908299E-11
 1.3735724E+00,-4.8072045E+01,-7.3167342E+01, 1.9793871E-02, 5.7077986E-06, 1.3735724E+00, 1.1047220E-14, 4.5926329E-01, 1.5037505E+00,-6.8999621E-13, 1.0000000E-04, 0.0000000E+00, 3.5703350E-10, 9.9999643E-05, 4.8844193E-11
 1.3808585E+00,-4.8071775E+01,-7.3162709E+01, 1.9685236E-02, 6.3125411E-06, 1.3808585E+00, 1.1060747E-14, 4.6649706E-01, 1.5038029E+00,-5.4094002E-13, 1.0000000E-04, 0.0000000E+00, 4.0269703E-10, 9.9999597E-05, 6.7901509E-12
 1.3881447E+00,-4.8071521E+01,-7.3158381E+01, 1.9577781E-02, 6.9664661E-06, 1.3881447E+00, 9.9510142E-15, 4.7373426E-01, 1.5038519E+00,-3.3684188E-13, 1.0000000E-04, 0.0000000E+00, 4.5311467E-10, 9.9999547E-05,-4.5275155E-11
 1.3954308E+00,-4.8071284E+01,-7.3154336E+01, 1.9471489E-02, 7.6722576E-06, 1.3954308E+00, 9.8239998E-15, 4.8097463E-01, 1.5038976E+00,-6.7121077E-14, 1.0000000E-04, 0.0000000E+00, 5.0866472E-10, 9.9999491E-05,-1.0856385E-10
 1.4027170E+00,-4.8071061E+01,-7.3150558E+01, 1.9366339E-02, 8.4326572E-06, 1.4027170E+00, 1.0903582E-14, 4.8821799E-01, 1.5039404E+00,-4.4583725E-14, 1.0000000E-04, 0.0000000E+00, 5.6974548E-10, 9.9999430E-05,-1.0755374E-10
 1.4100031E+00,-4.8070852E+01,-7.3147027E+01, 1.9262312E-02, 9.2504621E-06, 1.4100031E+00, 1.0699271E-14, 4.9546414E-01, 1.5039804E+00, 2.3321160E-13, 1.0000000E-04, 0.0000000E+00, 6.3677566E-10, 9.9999363E-05,-1.0697013E-10
 1.4172892E+00,-4.8070656E+01,-7.3143728E+01, 1.9159390E-02, 1.0128521E-05, 1.4172892E+00, 8.9874617E-15, 5.0271289E-01, 1.5040178E+00, 3.3194978E-13, 1.0000000E-04, 0.0000000E+00, 7.1019477E-10, 9.9999290E-05,-1.0622938E-10
 1.4245754E+00,-4.8070472E+01,-7.3140645E+01, 1.9057556E-02, 1.1069731E-05, 1.4245754E+00, 9.0965117E-15, 5.0996407E-01, 1.5040528E+00, 3.3074888E-13, 1.0000000E-04, 0.0000000E+00, 7.9046342E-10, 9.9999210E-05,-1.0537641E-10
 1.4318615E+00,-4.8070299E+01,-7.3137764E+01, 1.8956791E-02, 1.2077036E-05, 1.4318615E+00, 1.0813664E-14, 5.1721753E-01, 1.5040855E+00, 6.1517239E-13, 1.0000000E-04, 0.0000000E+00, 8.7806370E-10, 9.9999122E-05,-1.0439997E-10
 1.4391477E+00,-4.8070138E+01,-7.3135072E+01, 1.8857078E-02, 1.3153421E-05, 1.4391477E+00, 8.8400794E-15, 5.2447311E-01, 1.5041160E+00, 5.9107133E-13, 1.0000000E-04, 0.0000000E+00, 9.7349947E-10, 9.9999027E-05,-1.0326641E-10
 1.4464338E+00,-4.8069986E+01,-7.3132556E+01, 1.8758400E-02, 1.4301909E-05, 1.4464338E+00, 8.8868369E-15, 5.3173069E-01, 1.5041446E+00, 6.3258232E-13, 1.0000000E-04, 0.0000000E+00, 1.0772966E-09, 9.9998923E-05,-1.0197572E-10
 1.4537200E+00,-4.8069844E+01,-7.3130205E+01, 1.8660740E-02, 1.5525560E-05, 1.4537200E+00, 8.0135290E-15, 5.3899012E-01, 1.5041713E+00, 8.2594502E-13, 1.0000000E-04, 0.0000000E+00, 1.1900034E-09, 9.9998810E-05,-1.0055035E-10
 1.4610061E+00,-4.8069711E+01,-7.3128008E+01, 1.8564082E-02, 1.6827464E-05, 1.4610061E+00, 6.9241072E-15, 5.4625129E-01, 1.5041963E+00, 1.1911988E-12, 1.0000000E-04, 0.0000000E+00, 1.3121905E-09, 9.9998688E-05,-9.8922958E-11
 1.4682923E+00,-4.8069586E+01,-7.3125954E+01, 1.8468410E-02, 1.8210742E-05, 1.4682923E+00, 5.6623072E-15, 5.5351408E-01, 1.5042196E+00, 1.2517253E-12, 1.0000000E-04, 0.0000000E+00, 1.4444514E-09, 9.9998556E-05,-9.7082322E-11
 1.4755784E+00,-4.8069469E+01,-7.3124035E+01, 1.8373708E-02, 1.9678538E-05, 1.4755784E+00, 5.0689614E-15, 5.6077840E-01, 1.5042415E+00, 1.3548354E-12, 1.0000000E-04, 0.0000000E+00, 1.5874024E-09, 9.9998413E-05,-9.5039665E-11
 1.4828645E+00,-4.8069359E+01,-7.3122241E+01, 1.8279961E-02, 2.1234017E-05, 1.4828645E+00, 4.9215881E-15, 5.6804413E-01, 1.5042619E+00, 1.6500878E-12, 1.0000000E-04, 0.0000000E+00, 1.7416831E-09, 9.9998258E-05,-9.2750094E-11
 1.4901507E+00,-4.8069256E+01,-7.3120565E+01, 1.8187153E-02, 2.2880363E-05, 1.4901507E+00, 4.5386619E-15, 5.7531119E-01, 1.5042810E+00, 1.5375334E-12, 1.0000000E-04, 0.0000000E+00, 1.9079561E-09, 9.9998092E-05,-9.0236054E-11
 1.4974368E+00,-4.8069160E+01,-7.3118998E+01, 1.8095270E-02, 2.4620774E-05, 1.4974368E+00, 4.9474300E-15, 5.8257949E-01, 1.5042988E+00, 1.6385656E-12, 1.0000000E-04, 0.0000000E+00, 2.0869072E-09, 9.9997913E-05,-8.7441430E-11
 1.5000000E+00,-4.8069127E+01,-7.3118460E+01, 1.8063065E-02, 2.5246139E-05, 1.5000000E+00, 5.1631492E-15, 5.8513652E-01, 1.5043049E+00, 1.5727936E-12, 1.0000000E-04, 0.0000000E+00, 2.1514624E-09, 9.9997849E-05,-9.3973443E-11
 1.5038447E+00,-4.8069079E+01,-7.3117681E+01, 1.8015009E-02, 2.6210709E-05, 1.5038447E+00, 5.8425875E-15, 5.8897239E-01, 1.5043138E+00, 1.4001854E-12, 1.0000000E-04, 0.0000000E+00, 2.2520033E-09, 9.9997748E-05,-1.2775585E-10
 1.5096118E+00,-4.8069010E+01,-7.3116575E+01, 1.7943486E-02, 2.7718712E-05, 1.5096118E+00, 4.6837880E-15, 5.9472690E-01, 1.5043264E+00, 1.4386517E-12, 1.0000000E-04, 0.0000000E+00, 2.4115107E-09, 9.9997588E-05,-1.2657739E-10
 1.5182625E+00,-4.8068915E+01,-7.3115043E+01, 1.7837439E-02, 3.0123275E-05, 1.5182625E+00, 4.3699528E-15, 6.0336009E-01, 1.5043439E+00, 1.4327470E-12, 1.0000000E-04, 0.0000000E+00, 2.6715708E-09, 9.9997328E-05,-1.1820474E-10
 1.5269132E+00,-4.8068827E+01,-7.3113627E+01, 1.7732616E-02, 3.2678631E-05, 1.5269132E+00, 3.7522327E-15, 6.1199462E-01, 1.5043600E+00, 1.5108254E-12, 1.0000000E-04, 0.0000000E+00, 2.9537353E-09, 9.9997046E-05,-1.0885566E-10
 1.5355638E+00,-4.8068746E+01,-7.3112320E+01, 1.7628993E-02, 3.5390166E-05, 1.5355638E+00, 2.4768369E-15, 6.2063037E-01, 1.5043749E+00, 1.1285062E-12, 1.0000000E-04, 0.0000000E+00, 3.2593561E-09, 9.9996741E-05,-9.8496469E-11
 1.5442145E+00,-4.8068671E+01,-7.3111113E+01, 1.7526549E-02, 3.8263246E-05, 1.5442145E+00, 2.5586347E-15, 6.2926726E-01, 1.5043887E+00, 1.0614902E-12, 1.0000000E-04, 0.0000000E+00, 3.5898315E-09, 9.9996410E-05,-8.7071058E-11
 1.5528652E+00,-4.8068601E+01,-7.3109999E+01, 1.7425263E-02, 4.1303221E-05, 1.5528652E+00, 3.1135125E-15, 6.3790520E-01, 1.5044014E+00, 8.4990904E-13, 1.0000000E-04, 0.0000000E+00, 3.9466062E-09, 9.9996053E-05,-7.4478415E-11
 1.5615158E+00,-4.8068536E+01,-7.3108969E+01, 1.7325113E-02, 4.4515409E-05, 1.5615158E+00, 1.6215489E-15, 6.4654411E-01, 1.5044132E+00, 1.0116599E-12, 1.0000000E-04, 0.0000000E+00, 4.3311707E-09, 9.9995669E-05,-6.0639975E-11
 1.5701665E+00,-4.8068476E+01,-7.3108018E+01, 1.7226079E-02, 4.7905091E-05, 1.5701665E+00, 2.0706751E-15, 6.5518391E-01, 1.5044240E+00, 1.1104246E-12, 1.0000000E-04, 0.0000000E+00, 4.7450613E-09, 9.9995255E-05,-4.5510846E-11
 1.5788172E+00,-4.8068421E+01,-7.3107140E+01, 1.7128141E-02, 5.1477507E-05, 1.5788172E+00, 1.9849950E-15, 6.6382454E-01, 1.5044341E+00, 1.2288826E-12, 1.0000000E-04, 0.0000000E+00, 5.1898593E-09, 9.9994810E-05,-2.8978793E-11
 1.5917931E+00,-4.8068347E+01,-7.3105968E+01, 1.6983620E-02, 5.7255219E-05, 1.5917931E+00, 1.4387477E-15, 6.7678714E-01, 1.5044475E+00, 9.3653859E-13, 1.0000000E-04, 0.0000000E+00, 5.9320357E-09, 9.9994068E-05,-3.0808205E-11
 1.6047691E+00,-4.8068281E+01,-7.3104925E+01, 1.6841438E-02, 6.3477628E-05, 1.6047691E+00, 1.1225057E-15, 6.8975121E-01, 1.5044594E+00, 1.0929132E-12, 1.0000000E-04, 0.0000000E+00, 6.7549642E-09, 9.9993245E-05,-3.2895756E-11
 1.6177451E+00,-4.8068222E+01,-7.3103997E+01, 1.6701533E-02, 7.0161497E-05, 1.6177451E+00, 2.7895059E-15, 7.0271659E-01, 1.5044700E+00, 8.6516637E-13, 1.0000000E-04, 0.0000000E+00, 7.6646348E-09, 9.9992335E-05,-3.5275114E-11
 1.6307211E+00,-4.8068169E+01,-7.3103171E+01, 1.6563847E-02, 7.7323196E-05, 1.6307211E+00, 6.1817942E-15, 7.1568314E-01, 1.5044794E+00,-6.0007661E-14, 1.0000000E-04, 0.0000000E+00, 8.6672498E-09, 9.9991333E-05,-3.7946281E-11
 1.6436971E+00,-4.8068122E+01,-7.3102437E+01, 1.6428322E-02, 8.4978653E-05, 1.6436971E+00, 6.6454152E-15, 7.2865072E-01, 1.5044878E+00,-7.9545303E-14, 1.0000000E-04, 0.0000000E+00, 9.7692178E-09, 9.9990231E-05,-4.0942926E-11
 1.6566731E+00,-4.8068080E+01,-7.3101783E+01, 1.6294903E-02, 9.3143325E-05, 1.6566731E+00, 6.0041785E-15, 7.4161923E-01, 1.5044953E+00, 1.3840008E-13, 1.0000000E-04, 0.0000000E+00, 1.0977148E-08, 9.9989023E-05,-4.4309943E-11
 1.6696491E+00,-4.8068043E+01,-7.3101201E+01, 1.6163536E-02, 1.0183216E-04, 1.6696491E+00, 7.8880755E-15, 7.5458857E-01, 1.5045020E+00,-7.8631502E-14, 1.0000000E-04, 0.0000000E+00, 1.2297843E-08, 9.9987702E-05,-4.8047332E-11
 1.6826251E+00,-4.8068009E+01,-7.3100683E+01, 1.6034171E-02, 1.1105957E-04, 1.6826251E+00, 5.6062450E-15, 7.6755863E-01, 1.5045079E+00,-2.1500168E-13, 1.0000000E-04, 0.0000000E+00, 1.3738293E-08, 9.9986262E-05,-5.2199986E-11
 1.6956011E+00,-4.8067980E+01,-7.3100222E+01, 1.5906756E-02, 1.2083939E-04, 1.6956011E+00, 5.5534350E-15, 7.8052934E-01, 1.5045132E+00,-9.7173072E-14, 1.0000000E-04, 0.0000000E+00, 1.5305666E-08, 9.9984694E-05,-5.6779129E-11
 1.7085771E+00,-4.8067953E+01,-7.3099812E+01, 1.5781243E-02, 1.3118489E-04, 1.7085771E+00, 7.6690977E-15, 7.9350064E-01, 1.5045179E+00,-3.6717262E-13, 1.0000000E-04, 0.0000000E+00, 1.7007304E-08, 9.9982993E-05,-6.1818431E-11
 1.7215531E+00,-4.8067930E+01,-7.3099447E+01, 1.5657585E-02, 1.4210871E-04, 1.7215531E+00, 6.3249531E-15, 8.0647245E-01, 1.5045221E+00,-5.7649103E-13, 1.0000000E-04, 0.0000000E+00, 1.8850711E-08, 9.9981149E-05,-6.7329116E-11
 1.7345291E+00,-4.8067908E+01,-7.3099122E+01, 1.5535737E-02, 1.5362285E-04, 1.7345291E+00, 8.0619041E-15, 8.1944472E-01, 1.5045258E+00,-5.3505402E-13, 1.0000000E-04, 0.0000000E+00, 2.0843548E-08, 9.9979156E-05,-7.3356076E-11
 1.7475051E+00,-4.8067890E+01,-7.3098833E+01, 1.5415656E-02, 1.6573869E-04, 1.7475051E+00, 7.8872657E-15, 8.3241739E-01, 1.5045291E+00,-8.3613061E-13, 1.0000000E-04, 0.0000000E+00, 2.2993622E-08, 9.9977006E-05,-7.9910536E-11
 1.7604811E+00,-4.8067873E+01,-7.3098575E+01, 1.5297297E-02, 1.7846692E-04, 1.7604811E+00, 9.5354136E-15, 8.4539044E-01, 1.5045321E+00,-7.1812538E-13, 1.0000000E-04, 0.0000000E+00, 2.5308881E-08, 9.9974691E-05,-8.7048612E-11
 1.7734571E+00,-4.8067858E+01,-7.3098346E+01, 1.5180621E-02, 1.9181758E-04, 1.7734571E+00, 9.6118266E-15, 8.5836380E-01, 1.5045347E+00,-8.6453580E-13, 1.0000000E-04, 0.0000000E+00, 2.7797401E-08, 9.9972203E-05,-9.4759080E-11
 1.7929211E+00,-4.8067839E+01,-7.3098056E+01, 1.5009236E-02, 2.1324256E-04, 1.7929211E+00, 4.7632983E-15, 8.7782446E-01, 1.5045380E+00,-6.3378403E-13, 1.0000000E-04, 0.0000000E+00, 3.1947242E-08, 9.9968053E-05,-1.8278413E-10
 1.8123851E+00,-4.8067823E+01,-7.3097811E+01, 1.4841378E-02, 2.3612361E-04, 1.8123851E+00, 8.7624155E-15, 8.9728565E-01, 1.5045409E+00, 1.8489646E-14, 1.0000000E-04, 0.0000000E+00, 3.6542487E-08, 9.9963458E-05,-2.8098879E-10
 1.8318490E+00,-4.8067810E+01,-7.3097605E+01, 1.4676925E-02, 2.6048439E-04, 1.8318490E+00, 1.4041410E-14, 9.1674727E-01, 1.5045432E+00,-2.5677419E-13, 1.0000000E-04, 0.0000000E+00, 4.1611935E-08, 9.9958388E-05,-3.8996790E-10
 1.8513130E+00,-4.8067798E+01,-7.3097430E+01, 1.4515763E-02, 2.8634509E-04, 1.8513130E+00, 1.5594694E-14, 9.3620926E-01, 1.5045452E+00, 3.4570028E-13, 1.0000000E-04, 0.0000000E+00, 4.7184781E-08, 9.9952815E-05,-5.1027142E-10
 1.8707770E+00,-4.8067788E+01,-7.3097283E+01, 1.4357781E-02, 3.1372239E-04, 1.8707770E+00, 1.2196578E-14, 9.5567156E-01, 1.5045469E+00, 9.7474340E-13, 1.0000000E-04, 0.0000000E+00, 5.3290541E-08, 9.9946709E-05,-6.4244928E-10
 1.8902410E+00,-4.8067780E+01,-7.3097159E+01, 1.4202873E-02, 3.4262957E-04, 1.8902410E+00, 1.1585683E-14, 9.7513412E-01, 1.5045483E+00, 1.8267298E-12, 1.0000000E-04, 0.0000000E+00, 5.9958991E-08, 9.9940041E-05,-7.8700654E-10
 1.9097050E+00,-4.8067773E+01,-7.3097054E+01, 1.4050939E-02, 3.7307654E-04, 1.9097050E+00, 1.3649027E-14, 9.9459691E-01, 1.5045495E+00, 1.5281886E-12, 1.0000000E-04, 0.0000000E+00, 6.7220101E-08, 9.9932780E-05,-9.4445948E-10
 1.9291690E+00,-4.8067768E+01,-7.3096966E+01, 1.3901881E-02, 4.0506989E-04, 1.9291690E+00, 1.3019015E-14, 1.0140599E+00, 1.5045506E+00, 1.5516433E-12, 1.0000000E-04, 0.0000000E+00, 7.5103966E-08, 9.9924896E-05,-1.1152570E-09
 1.9486330E+00,-4.8067763E+01,-7.3096891E+01, 1.3755608E-02, 4.3861303E-04, 1.9486330E+00, 1.4772980E-14, 1.0335230E+00, 1.5045514E+00, 1.6097324E-12, 1.0000000E-04, 0.0000000E+00, 8.3640750E-08, 9.9916359E-05,-1.1108799E-09
 1.9680970E+00,-4.8067758E+01,-7.3096828E+01, 1.3612032E-02, 4.7370623E-04, 1.9680970E+00, 1.2118956E-14, 1.0529863E+00, 1.5045521E+00, 1.7190292E-12, 1.0000000E-04, 0.0000000E+00, 9.2860621E-08, 9.9907139E-05,-1.1060987E-09
 1.9875610E+00,-4.8067755E+01,-7.3096775E+01, 1.3471068E-02, 5.1034678E-04, 1.9875610E+00, 1.4664704E-14, 1.0724497E+00, 1.5045528E+00, 1.6888126E-12, 1.0000000E-04, 0.0000000E+00, 1.0279369E-07, 9.9897206E-05,-1.1009472E-09
 2.0000000E+00,-4.8067753E+01,-7.3096744E+01, 1.3382038E-02, 5.3441827E-04, 2.0000000E+00, 1.3153288E-14, 1.0848883E+00, 1.5045531E+00, 1.4406000E-12, 1.0000000E-04, 0.0000000E+00, 1.0944115E-07, 9.9890559E-05,-1.1181078E-09
 2.0186585E+00,-4.9020585E+01,-7.3237136E+01, 1.3287209E-02, 5.7029808E-04, 2.0000000E+00, 1.7640584E-14, 1.1032633E+00, 1.4861782E+00, 1.3034000E-12, 1.0000000E-04, 0.0000000E+00, 1.1992033E-07, 9.9880080E-05,-1.1142694E-09
 2.0279878E+00,-4.9434919E+01,-7.3350629E+01, 1.3245749E-02, 5.8801271E-04, 2.0000000E+00, 1.6777993E-14, 1.1123379E+00, 1.4771035E+00, 9.0895000E-13, 1.0000000E-04, 0.0000000E+00, 1.2525635E-07, 9.9874744E-05,-1.1171426E-09
 2.0373171E+00,-4.9817601E+01,-7.3505811E+01, 1.3207302E-02, 6.0536599E-04, 2.0000000E+00, 1.8589044E-14, 1.1212607E+00, 1.4681807E+00, 8.4035000E-13, 1.0000000E-04, 0.0000000E+00, 1.3065792E-07, 9.9869342E-05,-1.1197464E-09
 2.0466463E+00,-5.0174266E+01,-7.3696462E+01, 1.3171350E-02, 6.2228953E-04, 2.0000000E+00, 1.9556261E-14, 1.1300006E+00, 1.4594409E+00, 8.4035000E-13, 1.0000000E-04, 0.0000000E+00, 1.3609664E-07, 9.9863903E-05,-1.1221033E-09
 2.0559756E+00,-5.0508568E+01,-7.3915389E+01, 1.3137566E-02, 6.3874641E-04, 2.0000000E+00, 1.9951886E-14, 1.1385352E+00, 1.4509062E+00, 8.4035000E-13, 1.0000000E-04, 0.0000000E+00, 1.4154809E-07, 9.9858452E-05,-1.1241347E-09
 2.0653048E+00,-5.0823354E+01,-7.4156064E+01, 1.3105690E-02, 6.5471836E-04, 2.0000000E+00, 1.9388426E-14, 1.1468500E+00, 1.4425914E+00, 7.8890000E-13, 1.0000000E-04, 0.0000000E+00, 1.4699194E-07, 9.9853008E-05,-1.1259305E-09
 2.0746341E+00,-5.1120937E+01,-7.4413082E+01, 1.3075511E-02, 6.7019866E-04, 2.0000000E+00, 1.9376500E-14, 1.1549366E+00, 1.4345048E+00, 7.0315000E-13, 1.0000000E-04, 0.0000000E+00, 1.5241157E-07, 9.9847588E-05,-1.1273783E-09
 2.0839634E+00,-5.1403230E+01,-7.4682118E+01, 1.3046853E-02, 6.8518819E-04, 2.0000000E+00, 1.9360562E-14, 1.1627914E+00, 1.4266501E+00, 8.5750000E-13, 1.0000000E-04, 0.0000000E+00, 1.5779355E-07, 9.9842206E-05,-1.1286578E-09
 2.0932926E+00,-5.1671840E+01,-7.4959759E+01, 1.3019564E-02, 6.9969315E-04, 2.0000000E+00, 1.9564501E-14, 1.1704142E+00, 1.4190273E+00, 9.2610000E-13, 1.0000000E-04, 0.0000000E+00, 1.6312717E-07, 9.9836873E-05,-1.1297240E-09
 2.1026219E+00,-5.1928128E+01,-7.5243319E+01, 1.2993516E-02, 7.1372348E-04, 2.0000000E+00, 1.9952320E-14, 1.1778075E+00, 1.4116340E+00, 9.9470000E-13, 1.0000000E-04, 0.0000000E+00, 1.6840396E-07, 9.9831596E-05,-1.1306106E-09
 2.1119512E+00,-5.2173257E+01,-7.5530681E+01, 1.2968598E-02, 7.2729173E-04, 2.0000000E+00, 1.7616731E-14, 1.1849756E+00, 1.4044658E+00, 1.2176500E-12, 1.0000000E-04, 0.0000000E+00, 1.7361731E-07, 9.9826383E-05,-1.1313401E-09
 2.1212804E+00,-5.2408234E+01,-7.5820177E+01, 1.2944713E-02, 7.4041223E-04, 2.0000000E+00, 1.9290740E-14, 1.1919243E+00, 1.3975172E+00, 1.3377000E-12, 1.0000000E-04, 0.0000000E+00, 1.7876215E-07, 9.9821238E-05,-1.1319687E-09
 2.1306097E+00,-5.2633930E+01,-7.6110487E+01, 1.2921777E-02, 7.5310041E-04, 2.0000000E+00, 1.9063816E-14, 1.1986598E+00, 1.3907816E+00, 1.4406000E-12, 1.0000000E-04, 0.0000000E+00, 1.8383471E-07, 9.9816165E-05,-1.1325074E-09
 2.1399390E+00,-5.2851107E+01,-7.6400569E+01, 1.2899716E-02, 7.6537238E-04, 2.0000000E+00, 1.9457598E-14, 1.2051894E+00, 1.3842521E+00, 1.4749000E-12, 1.0000000E-04, 0.0000000E+00, 1.8883224E-07, 9.9811168E-05,-1.0831357E-09
 2.1492682E+00,-5.3060436E+01,-7.6689598E+01, 1.2878463E-02, 7.7724449E-04, 2.0000000E+00, 1.9557128E-14, 1.2115202E+00, 1.3779212E+00, 1.4749000E-12, 1.0000000E-04, 0.0000000E+00, 1.9375287E-07, 9.9806247E-05,-1.0407898E-09
 2.1585975E+00,-5.3262509E+01,-7.6976925E+01, 1.2857960E-02, 7.8873315E-04, 2.0000000E+00, 2.0771109E-14, 1.2176599E+00, 1.3717815E+00, 1.3377000E-12, 1.0000000E-04, 0.0000000E+00, 1.9859544E-07, 9.9801405E-05,-1.0044148E-09
 2.1679268E+00,-5.3457854E+01,-7.7262040E+01, 1.2838156E-02, 7.9985451E-04, 2.0000000E+00, 1.9761283E-14, 1.2236159E+00, 1.3658256E+00, 1.3377000E-12, 1.0000000E-04, 0.0000000E+00, 2.0335935E-07, 9.9796641E-05,-9.7311279E-10
 2.1772560E+00,-5.3646940E+01,-7.7544546E+01, 1.2819002E-02, 8.1062436E-04, 2.0000000E+00, 2.0136200E-14, 1.2293956E+00, 1.3600459E+00, 1.3720000E-12, 1.0000000E-04, 0.0000000E+00, 2.0804450E-07, 9.9791956E-05,-9.4618788E-10
 2.1865853E+00,-5.3830190E+01,-7.7824134E+01, 1.2800458E-02, 8.2105809E-04, 2.0000000E+00, 2.0566358E-14, 1.2350062E+00, 1.3544353E+00, 1.2691000E-12, 1.0000000E-04, 0.0000000E+00, 2.1265115E-07, 9.9787349E-05,-9.2292179E-10
 2.1959145E+00,-5.4007981E+01,-7.8100570E+01, 1.2782484E-02, 8.3117051E-04, 2.0000000E+00, 2.0312275E-14, 1.2404548E+00, 1.3489866E+00, 1.3720000E-12, 1.0000000E-04, 0.0000000E+00, 2.1717988E-07, 9.9782820E-05,-9.0282070E-10
 2.2052438E+00,-5.4180658E+01,-7.8373679E+01, 1.2765045E-02, 8.4097585E-04, 2.0000000E+00, 1.9942833E-14, 1.2457482E+00, 1.3436932E+00, 1.3205500E-12, 1.0000000E-04, 0.0000000E+00, 2.2163152E-07, 9.9778368E-05,-8.8542445E-10
 2.2145731E+00,-5.4348530E+01,-7.8643335E+01, 1.2748112E-02, 8.5048777E-04, 2.0000000E+00, 1.9498690E-14, 1.2508930E+00, 1.3385484E+00, 1.1490500E-12, 1.0000000E-04, 0.0000000E+00, 2.2600708E-07, 9.9773993E-05,-8.7031777E-10
 2.2239023E+00,-5.4511880E+01,-7.8909448E+01, 1.2731654E-02, 8.5971932E-04, 2.0000000E+00, 2.1791127E-14, 1.2558954E+00, 1.3335460E+00, 9.9470000E-13, 1.0000000E-04, 0.0000000E+00, 2.3030774E-07, 9.9769692E-05,-8.5720885E-10
 2.2332316E+00,-5.4670967E+01,-7.9171962E+01, 1.2715645E-02, 8.6868293E-04, 2.0000000E+00, 2.2324120E-14, 1.2607615E+00, 1.3286800E+00, 9.6040000E-13, 1.0000000E-04, 0.0000000E+00, 2.3453480E-07, 9.9765465E-05,-8.4578343E-10
 2.2425609E+00,-5.4826026E+01,-7.9430847E+01, 1.2700062E-02, 8.7739040E-04, 2.0000000E+00, 2.1811781E-14, 1.2654969E+00, 1.3239445E+00, 7.8890000E-13, 1.0000000E-04, 0.0000000E+00, 2.3868963E-07, 9.9761310E-05,-8.3580584E-10
 2.2518901E+00,-5.4977272E+01,-7.9686094E+01, 1.2684882E-02, 8.8585300E-04, 2.0000000E+00, 2.0662255E-14, 1.2701072E+00, 1.3193342E+00, 8.9180000E-13, 1.0000000E-04, 0.0000000E+00, 2.4277369E-07, 9.9757226E-05,-8.2709649E-10
 2.2658840E+00,-5.5195996E+01,-8.0059912E+01, 1.2662965E-02, 8.9803406E-04, 2.0000000E+00, 2.0650329E-14, 1.2767572E+00, 1.3126842E+00, 1.0461500E-12, 1.0000000E-04, 0.0000000E+00, 2.4874564E-07, 9.9751254E-05,-8.2755665E-10
 2.2798779E+00,-5.5407337E+01,-8.0425721E+01, 1.2641832E-02, 9.0972970E-04, 2.0000000E+00, 2.1629255E-14, 1.2831580E+00, 1.3062835E+00, 9.0895000E-13, 1.0000000E-04, 0.0000000E+00, 2.5456858E-07, 9.9745431E-05,-7.8379665E-10
 2.2938718E+00,-5.5611821E+01,-8.0783668E+01, 1.2621427E-02, 9.2097029E-04, 2.0000000E+00, 2.3182158E-14, 1.2893244E+00, 1.3001171E+00, 8.2320000E-13, 1.0000000E-04, 0.0000000E+00, 2.6024766E-07, 9.9739752E-05,-7.4748899E-10
 2.3078657E+00,-5.5809915E+01,-8.1133927E+01, 1.2601702E-02, 9.3178386E-04, 2.0000000E+00, 2.2799164E-14, 1.2952703E+00, 1.2941711E+00, 8.9180000E-13, 1.0000000E-04, 0.0000000E+00, 2.6578799E-07, 9.9734212E-05,-7.1724195E-10
 2.3218596E+00,-5.6002040E+01,-8.1476689E+01, 1.2582613E-02, 9.4219630E-04, 2.0000000E+00, 2.1080324E-14, 1.3010086E+00, 1.2884328E+00, 8.0605000E-13, 1.0000000E-04, 0.0000000E+00, 2.7119459E-07, 9.9728805E-05,-6.9189954E-10
 2.3358535E+00,-5.6188574E+01,-8.1812156E+01, 1.2564120E-02, 9.5223164E-04, 2.0000000E+00, 2.0188784E-14, 1.3065512E+00, 1.2828903E+00, 6.5170000E-13, 1.0000000E-04, 0.0000000E+00, 2.7647239E-07, 9.9723528E-05,-6.7061999E-10
 2.3498474E+00,-5.6369861E+01,-8.2140540E+01, 1.2546187E-02, 9.6191188E-04, 2.0000000E+00, 2.0209005E-14, 1.3119090E+00, 1.2775325E+00, 5.8310000E-13, 1.0000000E-04, 0.0000000E+00, 2.8162614E-07, 9.9718374E-05,-6.5268501E-10
 2.3638413E+00,-5.6546212E+01,-8.2462054E+01, 1.2528781E-02, 9.7125758E-04, 2.0000000E+00, 2.2026995E-14, 1.3170923E+00, 1.2723491E+00, 4.2875000E-13, 1.0000000E-04, 0.0000000E+00, 2.8666047E-07, 9.9713340E-05,-6.3744365E-10
 2.3778352E+00,-5.6717911E+01,-8.2776914E+01, 1.2511872E-02, 9.8028765E-04, 2.0000000E+00, 2.1362596E-14, 1.3221106E+00, 1.2673309E+00, 4.1160000E-13, 1.0000000E-04, 0.0000000E+00, 2.9157983E-07, 9.9708420E-05,-6.2452553E-10
 2.3918291E+00,-5.6885218E+01,-8.3085334E+01, 1.2495432E-02, 9.8901963E-04, 2.0000000E+00, 2.1236232E-14, 1.3269726E+00, 1.2624688E+00, 3.6015000E-13, 1.0000000E-04, 0.0000000E+00, 2.9638850E-07, 9.9703611E-05,-6.1350416E-10
 2.4058230E+00,-5.7048372E+01,-8.3387524E+01, 1.2479437E-02, 9.9746979E-04, 2.0000000E+00, 2.1702276E-14, 1.3316867E+00, 1.2577548E+00, 2.7440000E-13, 1.0000000E-04, 0.0000000E+00, 3.0109060E-07, 9.9698909E-05,-6.0406529E-10
 2.4198169E+00,-5.7207590E+01,-8.3683690E+01, 1.2463863E-02, 1.0056533E-03, 2.0000000E+00, 2.2576469E-14, 1.3362603E+00, 1.2531812E+00, 1.7150000E-13, 1.0000000E-04, 0.0000000E+00, 3.0569007E-07, 9.9694310E-05,-5.9595078E-10
 2.4338108E+00,-5.7363075E+01,-8.3974034E+01, 1.2448688E-02, 1.0135840E-03, 2.0000000E+00, 2.3157872E-14, 1.3407006E+00, 1.2487409E+00, 0.0000000E+00, 1.0000000E-04, 0.0000000E+00, 3.1019068E-07, 9.9689809E-05,-5.8895861E-10
 2.4478047E+00,-5.7515012E+01,-8.4258750E+01, 1.2433893E-02, 1.0212751E-03, 2.0000000E+00, 2.2285631E-14, 1.3450142E+00, 1.2444273E+00, 8.5750000E-14, 1.0000000E-04, 0.0000000E+00, 3.1459605E-07, 9.9685404E-05,-5.8292042E-10
 2.4617986E+00,-5.7663573E+01,-8.4538028E+01, 1.2419459E-02, 1.0287387E-03, 2.0000000E+00, 2.2146149E-14, 1.3492072E+00, 1.2402342E+00, 1.7150000E-13, 1.0000000E-04, 0.0000000E+00, 3.1890962E-07, 9.9681090E-05,-5.7770155E-10
 2.4757925E+00,-5.7808919E+01,-8.4812050E+01, 1.2405369E-02, 1.0359861E-03, 2.0000000E+00, 2.4022903E-14, 1.3532856E+00, 1.2361559E+00, 6.8600000E-14, 1.0000000E-04, 0.0000000E+00, 3.2313469E-07, 9.9676865E-05,-5.7314485E-10
 2.4897864E+00,-5.7951198E+01,-8.5080992E+01, 1.2391608E-02, 1.0430279E-03, 2.0000000E+00, 2.4502120E-14, 1.3572545E+00, 1.2321869E+00, 2.4010000E-13, 1.0000000E-04, 0.0000000E+00, 3.2727441E-07, 9.9672726E-05,-5.6918299E-10
 2.5000000E+00,-5.8053517E+01,-8.5274911E+01, 1.2381730E-02, 1.0480608E-03, 2.0000000E+00, 2.4150486E-14, 1.3600952E+00, 1.2293463E+00, 2.2295000E-13, 1.0000000E-04, 0.0000000E+00, 3.3025160E-07, 9.9669748E-05,-5.6840858E-10
 2.5153205E+00,-5.8203509E+01,-8.5559531E+01, 1.2367280E-02, 1.0553871E-03, 2.0000000E+00, 2.4673397E-14, 1.3642357E+00, 1.2252057E+00, 3.4300000E-13, 1.0000000E-04, 0.0000000E+00, 3.3462151E-07, 9.9665378E-05,-5.6354885E-10
 2.5306409E+00,-5.8350274E+01,-8.5838635E+01, 1.2353175E-02, 1.0624992E-03, 2.0000000E+00, 2.3712197E-14, 1.3682618E+00, 1.2211797E+00, 3.7730000E-13, 1.0000000E-04, 0.0000000E+00, 3.3889916E-07, 9.9661101E-05,-5.5929519E-10
 2.5459614E+00,-5.8493960E+01,-8.6112421E+01, 1.2339399E-02, 1.0694077E-03, 2.0000000E+00, 2.2687897E-14, 1.3721787E+00, 1.2172627E+00, 3.9445000E-13, 1.0000000E-04, 0.0000000E+00, 3.4308799E-07, 9.9656912E-05,-5.5561391E-10
 2.5612818E+00,-5.8634706E+01,-8.6381078E+01, 1.2325937E-02, 1.0761224E-03, 2.0000000E+00, 2.2058626E-14, 1.3759917E+00, 1.2134497E+00, 3.2585000E-13, 1.0000000E-04, 0.0000000E+00, 3.4719126E-07, 9.9652809E-05,-5.5242647E-10
 2.5766023E+00,-5.8772639E+01,-8.6644785E+01, 1.2312776E-02, 1.0826528E-03, 2.0000000E+00, 2.2762599E-14, 1.3797056E+00, 1.2097358E+00, 2.7440000E-13, 1.0000000E-04, 0.0000000E+00, 3.5121209E-07, 9.9648788E-05,-5.4960940E-10
 2.5919228E+00,-5.8907880E+01,-8.6903715E+01, 1.2299902E-02, 1.0890073E-03, 2.0000000E+00, 2.3444942E-14, 1.3833248E+00, 1.2061166E+00, 2.7440000E-13, 1.0000000E-04, 0.0000000E+00, 3.5515343E-07, 9.9644847E-05,-5.4715148E-10
 2.6072432E+00,-5.9040542E+01,-8.7158032E+01, 1.2287303E-02, 1.0951942E-03, 2.0000000E+00, 2.2883000E-14, 1.3868536E+00, 1.2025879E+00, 5.1450000E-13, 1.0000000E-04, 0.0000000E+00, 3.5901809E-07, 9.9640982E-05,-5.4497414E-10
 2.6225637E+00,-5.9170729E+01,-8.7407892E+01, 1.2274968E-02, 1.1012211E-03, 2.0000000E+00, 2.3330016E-14, 1.3902958E+00, 1.1991457E+00, 4.4590000E-13, 1.0000000E-04, 0.0000000E+00, 3.6280875E-07, 9.9637191E-05,-5.4305494E-10
 2.6378841E+00,-5.9298540E+01,-8.7653444E+01, 1.2262887E-02, 1.1070949E-03, 2.0000000E+00, 2.3868648E-14, 1.3936552E+00, 1.1957862E+00, 2.7440000E-13, 1.0000000E-04, 0.0000000E+00, 3.6652796E-07, 9.9633472E-05,-5.4137143E-10
 2.6532046E+00,-5.9424068E+01,-8.7894831E+01, 1.2251048E-02, 1.1128225E-03, 2.0000000E+00, 2.4074375E-14, 1.3969353E+00, 1.1925061E+00, 1.7150000E-13, 1.0000000E-04, 0.0000000E+00, 3.7017816E-07, 9.9629822E-05,-5.3986750E-10
 2.6685250E+00,-5.9547401E+01,-8.8132191E+01, 1.2239444E-02, 1.1184101E-03, 2.0000000E+00, 2.3409705E-14, 1.4001394E+00, 1.1893020E+00, 3.0870000E-13, 1.0000000E-04, 0.0000000E+00, 3.7376165E-07, 9.9626238E-05,-5.3853191E-10
 2.6838455E+00,-5.9668621E+01,-8.8365652E+01, 1.2228064E-02, 1.1238635E-03, 2.0000000E+00, 2.3238564E-14, 1.4032706E+00, 1.1861708E+00, 3.0870000E-13, 1.0000000E-04, 0.0000000E+00, 3.7728066E-07, 9.9622719E-05,-5.3735346E-10
 2.6991660E+00,-5.9787806E+01,-8.8595339E+01, 1.2216900E-02, 1.1291884E-03, 2.0000000E+00, 2.3888001E-14, 1.4063318E+00, 1.1831097E+00, 3.2585000E-13, 1.0000000E-04, 0.0000000E+00, 3.8073729E-07, 9.9619263E-05,-5.3628724E-10
 2.7144864E+00,-5.9905028E+01,-8.8821373E+01, 1.2205945E-02, 1.1343900E-03, 2.0000000E+00, 2.3087968E-14, 1.4093257E+00, 1.1801158E+00, 3.4300000E-13, 1.0000000E-04, 0.0000000E+00, 3.8413355E-07, 9.9615866E-05,-5.3534447E-10
 2.7298069E+00,-6.0020358E+01,-8.9043865E+01, 1.2195191E-02, 1.1394733E-03, 2.0000000E+00, 2.3158116E-14, 1.4122549E+00, 1.1771865E+00, 4.2875000E-13, 1.0000000E-04, 0.0000000E+00, 3.8747136E-07, 9.9612529E-05,-5.3452516E-10
 2.7451273E+00,-6.0133860E+01,-8.9262927E+01, 1.2184630E-02, 1.1444428E-03, 2.0000000E+00, 2.2830687E-14, 1.4151220E+00, 1.1743194E+00, 4.8020000E-13, 1.0000000E-04, 0.0000000E+00, 3.9075257E-07, 9.9609247E-05,-5.3375075E-10
 2.7604478E+00,-6.0245598E+01,-8.9478661E+01, 1.2174257E-02, 1.1493030E-03, 2.0000000E+00, 2.2180653E-14, 1.4179293E+00, 1.1715122E+00, 5.3165000E-13, 1.0000000E-04, 0.0000000E+00, 3.9397893E-07, 9.9606021E-05,-5.3307735E-10
 2.7757683E+00,-6.0355630E+01,-8.9691168E+01, 1.2164064E-02, 1.1540582E-03, 2.0000000E+00, 2.2706519E-14, 1.4206789E+00, 1.1687626E+00, 3.0870000E-13, 1.0000000E-04, 0.0000000E+00, 3.9715212E-07, 9.9602848E-05,-5.3246006E-10
 2.7987489E+00,-6.0516885E+01,-9.0002367E+01, 1.2149166E-02, 1.1609691E-03, 2.0000000E+00, 2.2750808E-14, 1.4246801E+00, 1.1647614E+00, 4.1160000E-13, 1.0000000E-04, 0.0000000E+00, 4.0179740E-07, 9.9598203E-05,-5.2848698E-10
 2.8217296E+00,-6.0674652E+01,-9.0306939E+01, 1.2134637E-02, 1.1676677E-03, 2.0000000E+00, 2.4274654E-14, 1.4285646E+00, 1.1608769E+00, 5.6595000E-13, 1.0000000E-04, 0.0000000E+00, 4.0633320E-07, 9.9593667E-05,-5.2509752E-10
 2.8447103E+00,-6.0829091E+01,-9.0605168E+01, 1.2120458E-02, 1.1741653E-03, 2.0000000E+00, 2.5491671E-14, 1.4323383E+00, 1.1571031E+00, 5.4880000E-13, 1.0000000E-04, 0.0000000E+00, 4.1076422E-07, 9.9589236E-05,-5.2217944E-10
 2.8676910E+00,-6.0980354E+01,-9.0897315E+01, 1.2106615E-02, 1.1804722E-03, 2.0000000E+00, 2.7280388E-14, 1.4360069E+00, 1.1534345E+00, 5.3165000E-13, 1.0000000E-04, 0.0000000E+00, 4.1509488E-07, 9.9584905E-05,-5.1963173E-10
 2.8906717E+00,-6.1128579E+01,-9.1183630E+01, 1.2093092E-02, 1.1865982E-03, 2.0000000E+00, 2.7783404E-14, 1.4395755E+00, 1.1498660E+00, 2.4010000E-13, 1.0000000E-04, 0.0000000E+00, 4.1932934E-07, 9.9580671E-05,-5.1742072E-10
 2.9136524E+00,-6.1273898E+01,-9.1464345E+01, 1.2079874E-02, 1.1925520E-03, 2.0000000E+00, 2.8908263E-14, 1.4430488E+00, 1.1463926E+00, 2.4010000E-13, 1.0000000E-04, 0.0000000E+00, 4.2347150E-07, 9.9576528E-05,-5.1550152E-10
 2.9366331E+00,-6.1416431E+01,-9.1739678E+01, 1.2066948E-02, 1.1983423E-03, 2.0000000E+00, 3.0167456E-14, 1.4464315E+00, 1.1430100E+00, 1.0290000E-13, 1.0000000E-04, 0.0000000E+00, 4.2752507E-07, 9.9572475E-05,-5.1379556E-10
 2.9596138E+00,-6.1556294E+01,-9.2009837E+01, 1.2054303E-02, 1.2039766E-03, 2.0000000E+00, 3.1778201E-14, 1.4497276E+00, 1.1397139E+00, 1.0290000E-13, 1.0000000E-04, 0.0000000E+00, 4.3149352E-07, 9.9568506E-05,-5.1233652E-10
 2.9825944E+00,-6.1693594E+01,-9.2275018E+01, 1.2041925E-02, 1.2094624E-03, 2.0000000E+00, 3.1244556E-14, 1.4529411E+00, 1.1365004E+00, 2.4010000E-13, 1.0000000E-04, 0.0000000E+00, 4.3538013E-07, 9.9564620E-05,-5.1101216E-10
 3.0000000E+00,-6.1796213E+01,-9.2473327E+01, 1.2032698E-02, 1.2135344E-03, 2.0000000E+00, 3.2681612E-14, 1.4553293E+00, 1.1341121E+00, 2.7440000E-13, 1.0000000E-04, 0.0000000E+00, 4.3827831E-07, 9.9561722E-05,-5.1073158E-10
 3.0261083E+00,-6.1946951E+01,-9.2764263E+01, 1.2019181E-02, 1.2194686E-03, 2.0000000E+00, 3.2982261E-14, 1.4588136E+00, 1.1306278E+00, 3.2585000E-13, 1.0000000E-04, 0.0000000E+00, 4.4252731E-07, 9.9557473E-05,-5.0878993E-10
 3.0522167E+00,-6.2094748E+01,-9.3049462E+01, 1.2005970E-02, 1.2252356E-03, 2.0000000E+00, 3.3444674E-14, 1.4622046E+00, 1.1272368E+00, 2.0580000E-13, 1.0000000E-04, 0.0000000E+00, 4.4668211E-07, 9.9553318E-05,-5.0708398E-10
 3.0783250E+00,-6.2239729E+01,-9.3329153E+01, 1.1993052E-02, 1.2308437E-03, 2.0000000E+00, 3.3052409E-14, 1.4655068E+00, 1.1239346E+00, 1.5435000E-13, 1.0000000E-04, 0.0000000E+00, 4.5074655E-07, 9.9549253E-05,-5.0561371E-10
 3.1044334E+00,-6.2382007E+01,-9.3603554E+01, 1.1980416E-02, 1.2363004E-03, 2.0000000E+00, 3.3928824E-14, 1.4687242E+00, 1.1207172E+00, 3.0870000E-13, 1.0000000E-04, 0.0000000E+00, 4.5472425E-07, 9.9545276E-05,-5.0431180E-10
 3.1305417E+00,-6.2521691E+01,-9.3872867E+01, 1.1968048E-02, 1.2416128E-03, 2.0000000E+00, 3.3905839E-14, 1.4718608E+00, 1.1175807E+00, 3.0870000E-13, 1.0000000E-04, 0.0000000E+00, 4.5861862E-07, 9.9541381E-05,-5.0318946E-10
 3.1566500E+00,-6.2658883E+01,-9.4137285E+01, 1.1955937E-02, 1.2467876E-03, 2.0000000E+00, 3.5637961E-14, 1.4749200E+00, 1.1145214E+00, 3.6015000E-13, 1.0000000E-04, 0.0000000E+00, 4.6243287E-07, 9.9537567E-05,-5.0215691E-10
 3.1827584E+00,-6.2793678E+01,-9.4396989E+01, 1.1944075E-02, 1.2518308E-03, 2.0000000E+00, 3.4443712E-14, 1.4779054E+00, 1.1115361E+00, 4.1160000E-13, 1.0000000E-04, 0.0000000E+00, 4.6617005E-07, 9.9533830E-05,-5.0127026E-10
 3.2088667E+00,-6.2926166E+01,-9.4652151E+01, 1.1932450E-02, 1.2567484E-03, 2.0000000E+00, 3.3117082E-14, 1.4808200E+00, 1.1086214E+00, 5.1450000E-13, 1.0000000E-04, 0.0000000E+00, 4.6983303E-07, 9.9530167E-05,-5.0049585E-10
 3.2349751E+00,-6.3056432E+01,-9.4902934E+01, 1.1921054E-02, 1.2615458E-03, 2.0000000E+00, 3.2891839E-14, 1.4836670E+00, 1.1057745E+00, 4.4590000E-13, 1.0000000E-04, 0.0000000E+00, 4.7342454E-07, 9.9526575E-05,-4.9978877E-10
 3.2610834E+00,-6.3184556E+01,-9.5149492E+01, 1.1909878E-02, 1.2662281E-03, 2.0000000E+00, 3.2182337E-14, 1.4864489E+00, 1.1029925E+00, 3.0870000E-13, 1.0000000E-04, 0.0000000E+00, 4.7694715E-07, 9.9523053E-05,-4.9917149E-10
 3.2871917E+00,-6.3310613E+01,-9.5391970E+01, 1.1898915E-02, 1.2708001E-03, 2.0000000E+00, 3.0153334E-14, 1.4891686E+00, 1.1002729E+00, 3.0870000E-13, 1.0000000E-04, 0.0000000E+00, 4.8040330E-07, 9.9519597E-05,-4.9859909E-10
 3.3133001E+00,-6.3434677E+01,-9.5630508E+01, 1.1888155E-02, 1.2752663E-03, 2.0000000E+00, 2.8868392E-14, 1.4918284E+00, 1.0976130E+00, 5.4880000E-13, 1.0000000E-04, 0.0000000E+00, 4.8379531E-07, 9.9516205E-05,-4.9811649E-10
 3.3394084E+00,-6.3556814E+01,-9.5865238E+01, 1.1877592E-02, 1.2796310E-03, 2.0000000E+00, 2.8819006E-14, 1.4944308E+00, 1.0950106E+00, 5.6595000E-13, 1.0000000E-04, 0.0000000E+00, 4.8712540E-07, 9.9512875E-05,-4.9769000E-10
 3.3655168E+00,-6.3677089E+01,-9.6096285E+01, 1.1867219E-02, 1.2838981E-03, 2.0000000E+00, 2.8463713E-14, 1.4969779E+00, 1.0924635E+00, 6.5170000E-13, 1.0000000E-04, 0.0000000E+00, 4.9039564E-07, 9.9509604E-05,-4.9728596E-10
 3.3916251E+00,-6.3795564E+01,-9.6323769E+01, 1.1857030E-02, 1.2880716E-03, 2.0000000E+00, 2.9867349E-14, 1.4994719E+00, 1.0899695E+00, 5.8310000E-13, 1.0000000E-04, 0.0000000E+00, 4.9360804E-07, 9.9506392E-05,-4.9692681E-10
 3.4177334E+00,-6.3912296E+01,-9.6547803E+01, 1.1847017E-02, 1.2921549E-03, 2.0000000E+00, 3.0630166E-14, 1.5019147E+00, 1.0875268E+00, 7.5460000E-13, 1.0000000E-04, 0.0000000E+00, 4.9676449E-07, 9.9503236E-05,-4.9659011E-10
 3.4438418E+00,-6.4027341E+01,-9.6768495E+01, 1.1837176E-02, 1.2961516E-03, 2.0000000E+00, 2.9842493E-14, 1.5043081E+00, 1.0851333E+00, 7.2030000E-13, 1.0000000E-04, 0.0000000E+00, 4.9986679E-07, 9.9500133E-05,-4.9630952E-10
 3.4699501E+00,-6.4140751E+01,-9.6985949E+01, 1.1827500E-02, 1.3000646E-03, 2.0000000E+00, 3.0671230E-14, 1.5066541E+00, 1.0827874E+00, 7.5460000E-13, 1.0000000E-04, 0.0000000E+00, 5.0291667E-07, 9.9497083E-05,-4.9605138E-10
 3.4960585E+00,-6.4252577E+01,-9.7200265E+01, 1.1817985E-02, 1.3038971E-03, 2.0000000E+00, 3.2019382E-14, 1.5089542E+00, 1.0804873E+00, 5.1450000E-13, 1.0000000E-04, 0.0000000E+00, 5.0591577E-07, 9.9494084E-05,-4.9580447E-10
 3.5000000E+00,-6.4269450E+01,-9.7232655E+01, 1.1816552E-02, 1.3044736E-03, 2.0000000E+00, 3.2061882E-14, 1.5093004E+00, 1.0801410E+00, 4.8020000E-13, 1.0000000E-04, 0.0000000E+00, 5.0636739E-07, 9.9493633E-05,-4.9584936E-10
 3.5059123E+00,-6.4294675E+01,-9.7281068E+01, 1.1814409E-02, 1.3053343E-03, 2.0000000E+00, 3.2031226E-14, 1.5098174E+00, 1.0796240E+00, 4.8020000E-13, 1.0000000E-04, 0.0000000E+00, 5.0704226E-07, 9.9492958E-05,-4.9607383E-10
 3.5147808E+00,-6.4332328E+01,-9.7353299E+01, 1.1811214E-02, 1.3066164E-03, 2.0000000E+00, 3.1689879E-14, 1.5105878E+00, 1.0788537E+00, 5.3165000E-13, 1.0000000E-04, 0.0000000E+00, 5.0804886E-07, 9.9491951E-05,-4.9707271E-10
 3.5280835E+00,-6.4388393E+01,-9.7460787E+01, 1.1806462E-02, 1.3085199E-03, 2.0000000E+00, 3.1855450E-14, 1.5117320E+00, 1.0777094E+00, 6.3455000E-13, 1.0000000E-04, 0.0000000E+00, 5.0954609E-07, 9.9490454E-05,-5.0190999E-10
 3.5480375E+00,-6.4471583E+01,-9.7620135E+01, 1.1799422E-02, 1.3113320E-03, 2.0000000E+00, 3.1694663E-14, 1.5134234E+00, 1.0760180E+00, 5.8310000E-13, 1.0000000E-04, 0.0000000E+00, 5.1176410E-07, 9.9488236E-05,-5.0187632E-10
 3.5779686E+00,-6.4594386E+01,-9.7855056E+01, 1.1789055E-02, 1.3154568E-03, 2.0000000E+00, 3.3354522E-14, 1.5159065E+00, 1.0735349E+00, 3.9445000E-13, 1.0000000E-04, 0.0000000E+00, 5.1503052E-07, 9.9484969E-05,-5.0152840E-10
 3.6078997E+00,-6.4715356E+01,-9.8086347E+01, 1.1778871E-02, 1.3194905E-03, 2.0000000E+00, 3.4585173E-14, 1.5183377E+00, 1.0711038E+00, 5.1450000E-13, 1.0000000E-04, 0.0000000E+00, 5.1823839E-07, 9.9481762E-05,-5.0122537E-10
 3.6378308E+00,-6.4834551E+01,-9.8314126E+01, 1.1768865E-02, 1.3234368E-03, 2.0000000E+00, 3.2847522E-14, 1.5207188E+00, 1.0687226E+00, 7.5460000E-13, 1.0000000E-04, 0.0000000E+00, 5.2138965E-07, 9.9478610E-05,-5.0093356E-10
 3.6677619E+00,-6.4952029E+01,-9.8538504E+01, 1.1759030E-02, 1.3272991E-03, 2.0000000E+00, 3.2298076E-14, 1.5230517E+00, 1.0663897E+00, 9.2610000E-13, 1.0000000E-04, 0.0000000E+00, 5.2448615E-07, 9.9475514E-05,-5.0068664E-10
 3.6976930E+00,-6.5067843E+01,-9.8759589E+01, 1.1749362E-02, 1.3310802E-03, 2.0000000E+00, 3.3447167E-14, 1.5253382E+00, 1.0641032E+00, 8.2320000E-13, 1.0000000E-04, 0.0000000E+00, 5.2752965E-07, 9.9472470E-05,-5.0047340E-10
 3.7276241E+00,-6.5182043E+01,-9.8977481E+01, 1.1739854E-02, 1.3347833E-03, 2.0000000E+00, 3.3474516E-14, 1.5275799E+00, 1.0618615E+00, 9.6040000E-13, 1.0000000E-04, 0.0000000E+00, 5.3052183E-07, 9.9469478E-05,-5.0027138E-10
 3.7575552E+00,-6.5294679E+01,-9.9192278E+01, 1.1730502E-02, 1.3384110E-03, 2.0000000E+00, 3.3313079E-14, 1.5297784E+00, 1.0596631E+00, 9.0895000E-13, 1.0000000E-04, 0.0000000E+00, 5.3346429E-07, 9.9466536E-05,-5.0009180E-10
 3.7874863E+00,-6.5405797E+01,-9.9404071E+01, 1.1721300E-02, 1.3419663E-03, 2.0000000E+00, 3.4111323E-14, 1.5319351E+00, 1.0575063E+00, 8.7465000E-13, 1.0000000E-04, 0.0000000E+00, 5.3635856E-07, 9.9463641E-05,-4.9991223E-10
 3.8174173E+00,-6.5515441E+01,-9.9612949E+01, 1.1712244E-02, 1.3454513E-03, 2.0000000E+00, 3.2283087E-14, 1.5340516E+00, 1.0553899E+00, 1.1319000E-12, 1.0000000E-04, 0.0000000E+00, 5.3920611E-07, 9.9460794E-05,-4.9976633E-10
 3.8473484E+00,-6.5623653E+01,-9.9818996E+01, 1.1703329E-02, 1.3488687E-03, 2.0000000E+00, 3.2246142E-14, 1.5361290E+00, 1.0533124E+00, 1.2348000E-12, 1.0000000E-04, 0.0000000E+00, 5.4200832E-07, 9.9457992E-05,-4.9959798E-10
 3.8772795E+00,-6.5730474E+01,-1.0002229E+02, 1.1694552E-02, 1.3522206E-03, 2.0000000E+00, 3.3902559E-14, 1.5381688E+00, 1.0512727E+00, 1.1662000E-12, 1.0000000E-04, 0.0000000E+00, 5.4476655E-07, 9.9455233E-05,-4.9949696E-10
 3.9072106E+00,-6.5835943E+01,-1.0022291E+02, 1.1685908E-02, 1.3555093E-03, 2.0000000E+00, 3.3721498E-14, 1.5401721E+00, 1.0492693E+00, 1.2176500E-12, 1.0000000E-04, 0.0000000E+00, 5.4748205E-07, 9.9452518E-05,-4.9937351E-10
 3.9371417E+00,-6.5940097E+01,-1.0042094E+02, 1.1677392E-02, 1.3587369E-03, 2.0000000E+00, 3.3178231E-14, 1.5421401E+00, 1.0473013E+00, 1.1662000E-12, 1.0000000E-04, 0.0000000E+00, 5.5015607E-07, 9.9449844E-05,-4.9925005E-10
 3.9670728E+00,-6.6042971E+01,-1.0061643E+02, 1.1669002E-02, 1.3619051E-03, 2.0000000E+00, 3.1863961E-14, 1.5440740E+00, 1.0453675E+00, 1.0633000E-12, 1.0000000E-04, 0.0000000E+00, 5.5278978E-07, 9.9447210E-05,-4.9917149E-10
 3.9970039E+00,-6.6144599E+01,-1.0080946E+02, 1.1660735E-02, 1.3650161E-03, 2.0000000E+00, 3.2024884E-14, 1.5459747E+00, 1.0434668E+00, 9.9470000E-13, 1.0000000E-04, 0.0000000E+00, 5.5538429E-07, 9.9444616E-05,-4.9909292E-10
 4.0000000E+00,-6.6154776E+01,-1.0082882E+02, 1.1659908E-02, 1.3653268E-03, 2.0000000E+00, 3.2131539E-14, 1.5461646E+00, 1.0432768E+00, 9.6040000E-13, 1.0000000E-04, 0.0000000E+00, 5.5564362E-07, 9.9444356E-05,-4.9909292E-10
 4.0044942E+00,-6.4862350E+01,-1.0085780E+02, 1.1686747E-02, 1.3657916E-03, 2.0089884E+00, 3.1906025E-14, 1.5464488E+00, 1.0519811E+00, 9.5707782E-13, 1.0000000E-04, 0.0000000E+00, 5.5603173E-07, 9.9443968E-05,-4.9911537E-10
 4.0112355E+00,-6.3693812E+01,-1.0090108E+02, 1.1667088E-02, 1.3664862E-03, 2.0224710E+00, 3.2441621E-14, 1.5468734E+00, 1.0650391E+00, 9.5213742E-13, 1.0000000E-04, 0.0000000E+00, 5.5661194E-07, 9.9443388E-05,-4.9875622E-10
 4.0213475E+00,-6.2160586E+01,-1.0096471E+02, 1.1634568E-02, 1.3675268E-03, 2.0426949E+00, 3.2146284E-14, 1.5475067E+00, 1.0846297E+00, 9.6169353E-13, 1.0000000E-04, 0.0000000E+00, 5.5747799E-07, 9.9442522E-05,-4.9876744E-10
 4.0314594E+00,-6.0722179E+01,-1.0102482E+02, 1.1607536E-02, 1.3685779E-03, 2.0629188E+00, 3.2031792E-14, 1.5481366E+00, 1.1042237E+00, 9.7110391E-13, 1.0000000E-04, 0.0000000E+00, 5.5834006E-07, 9.9441660E-05,-4.9876744E-10
 4.0415714E+00,-5.9359023E+01,-1.0107714E+02, 1.1585172E-02, 1.3696617E-03, 2.0831427E+00, 3.1908627E-14, 1.5487636E+00, 1.1238206E+00, 9.3052245E-13, 1.0000000E-04, 0.0000000E+00, 5.5919880E-07, 9.9440801E-05,-4.9878989E-10
 4.0516833E+00,-5.8064745E+01,-1.0111467E+02, 1.1565934E-02, 1.3708148E-03, 2.1033666E+00, 3.2387844E-14, 1.5493884E+00, 1.1434197E+00, 1.0554673E-12, 1.0000000E-04, 0.0000000E+00, 5.6005539E-07, 9.9439945E-05,-4.9875622E-10
 4.0617953E+00,-5.6835531E+01,-1.0112712E+02, 1.1548416E-02, 1.3720918E-03, 2.1235905E+00, 3.2311950E-14, 1.5500126E+00, 1.1630194E+00, 1.0803370E-12, 1.0000000E-04, 0.0000000E+00, 5.6091182E-07, 9.9439088E-05,-4.9877867E-10
 4.0719072E+00,-5.5669077E+01,-1.0110030E+02, 1.1531377E-02, 1.3735686E-03, 2.1438144E+00, 3.3511511E-14, 1.5506383E+00, 1.1826176E+00, 9.0986709E-13, 1.0000000E-04, 0.0000000E+00, 5.6177123E-07, 9.9438229E-05,-4.9877867E-10
 4.0820192E+00,-5.4564414E+01,-1.0101584E+02, 1.1513699E-02, 1.3753462E-03, 2.1640383E+00, 3.4527192E-14, 1.5512687E+00, 1.2022111E+00, 8.7092767E-13, 1.0000000E-04, 0.0000000E+00, 5.6263826E-07, 9.9437362E-05,-4.9880111E-10
 4.0921311E+00,-5.3521749E+01,-1.0085103E+02, 1.1494371E-02, 1.3775534E-03, 2.1842623E+00, 3.5750172E-14, 1.5519085E+00, 1.2217952E+00, 7.6851331E-13, 1.0000000E-04, 0.0000000E+00, 5.6351957E-07, 9.9436480E-05,-4.9972143E-10
 4.1022431E+00,-5.2542216E+01,-1.0057890E+02, 1.1472478E-02, 1.3803520E-03, 2.2044862E+00, 3.5781397E-14, 1.5525640E+00, 1.2413636E+00, 6.9937121E-13, 1.0000000E-04, 0.0000000E+00, 5.6442443E-07, 9.9435576E-05,-4.9980000E-10
 4.1072991E+00,-5.2070473E+01,-1.0041245E+02, 1.1460439E-02, 1.3819249E-03, 2.2145981E+00, 3.5459823E-14, 1.5528967E+00, 1.2511429E+00, 7.2852409E-13, 1.0000000E-04, 0.0000000E+00, 5.6488418E-07, 9.9435116E-05,-4.9877867E-10
 4.1123550E+00,-5.1615198E+01,-1.0021108E+02, 1.1447522E-02, 1.3836990E-03, 2.2247101E+00, 3.5092278E-14, 1.5532354E+00, 1.2609161E+00, 6.9434517E-13, 1.0000000E-04, 0.0000000E+00, 5.6535293E-07, 9.9434647E-05,-4.9846441E-10
 4.1174110E+00,-5.1176656E+01,-9.9970325E+01, 1.1433637E-02, 1.3857056E-03, 2.2348220E+00, 3.5889817E-14, 1.5535816E+00, 1.2706819E+00, 7.2330729E-13, 1.0000000E-04, 0.0000000E+00, 5.6583262E-07, 9.9434167E-05,-4.9818383E-10
 4.1224670E+00,-5.0755128E+01,-9.9685531E+01, 1.1418704E-02, 1.3879786E-03, 2.2449340E+00, 3.5450282E-14, 1.5539368E+00, 1.2804386E+00, 8.3040263E-13, 1.0000000E-04, 0.0000000E+00, 5.6632560E-07, 9.9433674E-05,-4.9794814E-10
 4.1275230E+00,-5.0350895E+01,-9.9352012E+01, 1.1402650E-02, 1.3905557E-03, 2.2550459E+00, 3.5750172E-14, 1.5543028E+00, 1.2901846E+00, 7.8061378E-13, 1.0000000E-04, 0.0000000E+00, 5.6683459E-07, 9.9433165E-05,-4.9774612E-10
 4.1325789E+00,-4.9964212E+01,-9.8965199E+01, 1.1385413E-02, 1.3934777E-03, 2.2651579E+00, 3.5024407E-14, 1.5546819E+00, 1.2999174E+00, 7.4673464E-13, 1.0000000E-04, 0.0000000E+00, 5.6736285E-07, 9.9432637E-05,-4.9758899E-10
 4.1376349E+00,-4.9595298E+01,-9.8520843E+01, 1.1366942E-02, 1.3967878E-03, 2.2752698E+00, 3.3841868E-14, 1.5550766E+00, 1.3096347E+00, 7.7510291E-13, 1.0000000E-04, 0.0000000E+00, 5.6791418E-07, 9.9432086E-05,-4.9747675E-10
 4.1426909E+00,-4.9244319E+01,-9.8015260E+01, 1.1347198E-02, 1.4005317E-03, 2.2853818E+00, 3.4819601E-14, 1.5554900E+00, 1.3193333E+00, 7.4148149E-13, 1.0000000E-04, 0.0000000E+00, 5.6849308E-07, 9.9431507E-05,-4.9748798E-10
 4.1477469E+00,-4.8911374E+01,-9.7445607E+01, 1.1326153E-02, 1.4047564E-03, 2.2954937E+00, 3.5210239E-14, 1.5559255E+00, 1.3290097E+00, 8.0045607E-13, 1.0000000E-04, 0.0000000E+00, 5.6910484E-07, 9.9430895E-05,-4.9760021E-10
 4.1528028E+00,-4.8596485E+01,-9.6810168E+01, 1.1303790E-02, 1.4095090E-03, 2.3056057E+00, 3.5524007E-14, 1.5563872E+00, 1.3386599E+00, 9.2037716E-13, 1.0000000E-04, 0.0000000E+00, 5.6975565E-07, 9.9430244E-05,-4.9789202E-10
 4.1578588E+00,-4.8299590E+01,-9.6108628E+01, 1.1280104E-02, 1.4148359E-03, 2.3157176E+00, 3.5508070E-14, 1.5568799E+00, 1.3482792E+00, 1.0394634E-12, 1.0000000E-04, 0.0000000E+00, 5.7045273E-07, 9.9429547E-05,-4.9843074E-10
 4.1629148E+00,-4.8020532E+01,-9.5342297E+01, 1.1255104E-02, 1.4207807E-03, 2.3258296E+00, 3.5461015E-14, 1.5574090E+00, 1.3578620E+00, 9.4445870E-13, 1.0000000E-04, 0.0000000E+00, 5.7120450E-07, 9.9428796E-05,-4.9932861E-10
 4.1679708E+00,-4.7759062E+01,-9.4514255E+01, 1.1228807E-02, 1.4273832E-03, 2.3359415E+00, 3.5072763E-14, 1.5579808E+00, 1.3674022E+00, 1.1233607E-12, 1.0000000E-04, 0.0000000E+00, 5.7202066E-07, 9.9427979E-05,-5.0069787E-10
 4.1730268E+00,-4.7514835E+01,-9.3629378E+01, 1.1201242E-02, 1.4346781E-03, 2.3460535E+00, 3.6106766E-14, 1.5586023E+00, 1.3768926E+00, 1.0892345E-12, 1.0000000E-04, 0.0000000E+00, 5.7291238E-07, 9.9427088E-05,-5.0280786E-10
 4.1780827E+00,-4.7287414E+01,-9.2694226E+01, 1.1172445E-02, 1.4426935E-03, 2.3561655E+00, 3.5323213E-14, 1.5592816E+00, 1.3863253E+00, 9.6488467E-13, 1.0000000E-04, 0.0000000E+00, 5.7389235E-07, 9.9426108E-05,-5.0604020E-10
 4.1831387E+00,-4.7076280E+01,-9.1716800E+01, 1.1142461E-02, 1.4514509E-03, 2.3662774E+00, 3.6009405E-14, 1.5600275E+00, 1.3956914E+00, 9.0148468E-13, 1.0000000E-04, 0.0000000E+00, 5.7497492E-07, 9.9425025E-05,-5.1087748E-10
 4.1856667E+00,-4.6974769E+01,-9.1223236E+01, 1.1127155E-02, 1.4560197E-03, 2.3713334E+00, 3.6694675E-14, 1.5604185E+00, 1.4003563E+00, 8.9994525E-13, 1.0000000E-04, 0.0000000E+00, 5.7554431E-07, 9.9424456E-05,-5.1094482E-10
 4.1881947E+00,-4.6877223E+01,-9.0721547E+01, 1.1111564E-02, 1.4607806E-03, 2.3763894E+00, 3.6991800E-14, 1.5608290E+00, 1.4050018E+00, 9.2835812E-13, 1.0000000E-04, 0.0000000E+00, 5.7614394E-07, 9.9423856E-05,-5.1129275E-10
 4.1907227E+00,-4.6783551E+01,-9.0212955E+01, 1.1095696E-02, 1.4657347E-03, 2.3814453E+00, 3.6603277E-14, 1.5612602E+00, 1.4096265E+00, 9.2677820E-13, 1.0000000E-04, 0.0000000E+00, 5.7677601E-07, 9.9423224E-05,-5.1176413E-10
 4.1932507E+00,-4.6693663E+01,-8.9698711E+01, 1.1079559E-02, 1.4708827E-03, 2.3865013E+00, 3.5904806E-14, 1.5617136E+00, 1.4142292E+00, 9.5504893E-13, 1.0000000E-04, 0.0000000E+00, 5.7744286E-07, 9.9422557E-05,-5.1234775E-10
 4.1957786E+00,-4.6607465E+01,-8.9180072E+01, 1.1063162E-02, 1.4762250E-03, 2.3915573E+00, 3.5293452E-14, 1.5621905E+00, 1.4188082E+00, 1.0130184E-12, 1.0000000E-04, 0.0000000E+00, 5.7814693E-07, 9.9421853E-05,-5.1311094E-10
 4.1983066E+00,-4.6524861E+01,-8.8658288E+01, 1.1046511E-02, 1.4817617E-03, 2.3966133E+00, 3.4821119E-14, 1.5626925E+00, 1.4233622E+00, 1.0707916E-12, 1.0000000E-04, 0.0000000E+00, 5.7889077E-07, 9.9421109E-05,-5.1404248E-10
 4.2008346E+00,-4.6445754E+01,-8.8134591E+01, 1.1029615E-02, 1.4874927E-03, 2.4016692E+00, 3.4553484E-14, 1.5632211E+00, 1.4278896E+00, 1.0095937E-12, 1.0000000E-04, 0.0000000E+00, 5.7967702E-07, 9.9420323E-05,-5.1522093E-10
 4.2033626E+00,-4.6370043E+01,-8.7610180E+01, 1.1012484E-02, 1.4934176E-03, 2.4067252E+00, 3.4672231E-14, 1.5637778E+00, 1.4323888E+00, 1.0375339E-12, 1.0000000E-04, 0.0000000E+00, 5.8050843E-07, 9.9419492E-05,-5.1665753E-10
 4.2058906E+00,-4.6297626E+01,-8.7086211E+01, 1.0995125E-02, 1.4995361E-03, 2.4117812E+00, 3.4716250E-14, 1.5643643E+00, 1.4368584E+00, 1.0357860E-12, 1.0000000E-04, 0.0000000E+00, 5.8138782E-07, 9.9418612E-05,-5.1844205E-10
 4.2084186E+00,-4.6228402E+01,-8.6563787E+01, 1.0977547E-02, 1.5058477E-03, 2.4168372E+00, 3.4088768E-14, 1.5649821E+00, 1.4412966E+00, 1.0635881E-12, 1.0000000E-04, 0.0000000E+00, 5.8231812E-07, 9.9417682E-05,-5.2064183E-10
 4.2109466E+00,-4.6162265E+01,-8.6043950E+01, 1.0959758E-02, 1.5123521E-03, 2.4218931E+00, 3.4625963E-14, 1.5656328E+00, 1.4457018E+00, 1.0912969E-12, 1.0000000E-04, 0.0000000E+00, 5.8330233E-07, 9.9416698E-05,-5.2334667E-10
 4.2134746E+00,-4.6099112E+01,-8.5527674E+01, 1.0941768E-02, 1.5190487E-03, 2.4269491E+00, 3.4763738E-14, 1.5663183E+00, 1.4500723E+00, 1.1189128E-12, 1.0000000E-04, 0.0000000E+00, 5.8434351E-07, 9.9415656E-05,-5.2665757E-10
 4.2160026E+00,-4.6038838E+01,-8.5015859E+01, 1.0923585E-02, 1.5259373E-03, 2.4320051E+00, 3.5453426E-14, 1.5670400E+00, 1.4544066E+00, 1.1023425E-12, 1.0000000E-04, 0.0000000E+00, 5.8544481E-07, 9.9414555E-05,-5.3066432E-10
 4.2185305E+00,-4.5981339E+01,-8.4509331E+01, 1.0905217E-02, 1.5330179E-03, 2.4370611E+00, 3.4632820E-14, 1.5677997E+00, 1.4587029E+00, 1.1151744E-12, 1.0000000E-04, 0.0000000E+00, 5.8660942E-07, 9.9413391E-05,-5.3556894E-10
 4.2210585E+00,-4.5926511E+01,-8.4008840E+01, 1.0886674E-02, 1.5402905E-03, 2.4421171E+00, 3.4492687E-14, 1.5685990E+00, 1.4629595E+00, 1.1133145E-12, 1.0000000E-04, 0.0000000E+00, 5.8784057E-07, 9.9412159E-05,-5.4149489E-10
 4.2235865E+00,-4.5874252E+01,-8.3515057E+01, 1.0867962E-02, 1.5477554E-03, 2.4471730E+00, 3.5384471E-14, 1.5694395E+00, 1.4671750E+00, 1.0968363E-12, 1.0000000E-04, 0.0000000E+00, 5.8914156E-07, 9.9410858E-05,-5.4867786E-10
 4.2261145E+00,-4.5824460E+01,-8.3028576E+01, 1.0849092E-02, 1.5554130E-03, 2.4522290E+00, 3.4925148E-14, 1.5703230E+00, 1.4713475E+00, 1.1096133E-12, 1.0000000E-04, 0.0000000E+00, 5.9051569E-07, 9.9409484E-05,-5.4853195E-10
 4.2286425E+00,-4.5777036E+01,-8.2549921E+01, 1.0830070E-02, 1.5632644E-03, 2.4572850E+00, 3.4454767E-14, 1.5712509E+00, 1.4754755E+00, 1.1077719E-12, 1.0000000E-04, 0.0000000E+00, 5.9196630E-07, 9.9408034E-05,-5.4853195E-10
 4.2311705E+00,-4.5731882E+01,-8.2079543E+01, 1.0810905E-02, 1.5713104E-03, 2.4623410E+00, 3.4554053E-14, 1.5722249E+00, 1.4795575E+00, 1.0768330E-12, 1.0000000E-04, 0.0000000E+00, 5.9349675E-07, 9.9406503E-05,-5.4852073E-10
 4.2336985E+00,-4.5688901E+01,-8.1617825E+01, 1.0791604E-02, 1.5795525E-03, 2.4673969E+00, 3.4628104E-14, 1.5732465E+00, 1.4835919E+00, 1.0750520E-12, 1.0000000E-04, 0.0000000E+00, 5.9511039E-07, 9.9404890E-05,-5.4849828E-10
 4.2362265E+00,-4.5647999E+01,-8.1165090E+01, 1.0772176E-02, 1.5879921E-03, 2.4724529E+00, 3.4154145E-14, 1.5743172E+00, 1.4875772E+00, 1.0007581E-12, 1.0000000E-04, 0.0000000E+00, 5.9681059E-07, 9.9403189E-05,-5.4849828E-10
 4.2387544E+00,-4.5609085E+01,-8.0721602E+01, 1.0752627E-02, 1.5966312E-03, 2.4775089E+00, 3.4702873E-14, 1.5754383E+00, 1.4915120E+00, 9.5566881E-13, 1.0000000E-04, 0.0000000E+00, 5.9860070E-07, 9.9401399E-05,-5.4847584E-10
 4.2412824E+00,-4.5572069E+01,-8.0287570E+01, 1.0732965E-02, 1.6054717E-03, 2.4825649E+00, 3.4960724E-14, 1.5766114E+00, 1.4953949E+00, 9.3963995E-13, 1.0000000E-04, 0.0000000E+00, 6.0048405E-07, 9.9399516E-05,-5.4841972E-10
 4.2438104E+00,-4.5536865E+01,-7.9863155E+01, 1.0713196E-02, 1.6145159E-03, 2.4876208E+00, 3.5095138E-14, 1.5778377E+00, 1.4992246E+00, 8.9479927E-13, 1.0000000E-04, 0.0000000E+00, 6.0246395E-07, 9.9397536E-05,-5.4838605E-10
 4.2463384E+00,-4.5503389E+01,-7.9448473E+01, 1.0693328E-02, 1.6237660E-03, 2.4926768E+00, 3.4983492E-14, 1.5791185E+00, 1.5029997E+00, 8.6451428E-13, 1.0000000E-04, 0.0000000E+00, 6.0454369E-07, 9.9395456E-05,-5.4831871E-10
 4.2488664E+00,-4.5471560E+01,-7.9043602E+01, 1.0673367E-02, 1.6332248E-03, 2.4977328E+00, 3.3861953E-14, 1.5804550E+00, 1.5067192E+00, 8.3432849E-13, 1.0000000E-04, 0.0000000E+00, 6.0672650E-07, 9.9393274E-05,-5.4822892E-10
 4.2513944E+00,-4.5441298E+01,-7.8648581E+01, 1.0653319E-02, 1.6428947E-03, 2.5027888E+00, 3.4522313E-14, 1.5818484E+00, 1.5103819E+00, 9.1913303E-13, 1.0000000E-04, 0.0000000E+00, 6.0901559E-07, 9.9390984E-05,-5.4815036E-10
 4.2539224E+00,-4.5412529E+01,-7.8263420E+01, 1.0633191E-02, 1.6527785E-03, 2.5078447E+00, 3.4434981E-14, 1.5832996E+00, 1.5139866E+00, 9.3197066E-13, 1.0000000E-04, 0.0000000E+00, 6.1141410E-07, 9.9388586E-05,-5.4802690E-10
 4.2564504E+00,-4.5385180E+01,-7.7888097E+01, 1.0612988E-02, 1.6628789E-03, 2.5129007E+00, 3.4326127E-14, 1.5848096E+00, 1.5175325E+00, 9.0182252E-13, 1.0000000E-04, 0.0000000E+00, 6.1392514E-07, 9.9386075E-05,-5.4789222E-10
 4.2589784E+00,-4.5359180E+01,-7.7522569E+01, 1.0592715E-02, 1.6731988E-03, 2.5179567E+00, 3.4154972E-14, 1.5863794E+00, 1.5210187E+00, 9.1464653E-13, 1.0000000E-04, 0.0000000E+00, 6.1655174E-07, 9.9383448E-05,-5.4773509E-10
 4.2615063E+00,-4.5334463E+01,-7.7166769E+01, 1.0572379E-02, 1.6837408E-03, 2.5230127E+00, 3.4440429E-14, 1.5880098E+00, 1.5244443E+00, 9.9876957E-13, 1.0000000E-04, 0.0000000E+00, 6.1929686E-07, 9.9380703E-05,-5.4753307E-10
 4.2640343E+00,-4.5310965E+01,-7.6820611E+01, 1.0551985E-02, 1.6945078E-03, 2.5280687E+00, 3.4468862E-14, 1.5897015E+00, 1.5278086E+00, 1.1253547E-12, 1.0000000E-04, 0.0000000E+00, 6.2216340E-07, 9.9377837E-05,-5.4729738E-10
 4.2665623E+00,-4.5288623E+01,-7.6483993E+01, 1.0531537E-02, 1.7055022E-03, 2.5331246E+00, 3.3448180E-14, 1.5914551E+00, 1.5311110E+00, 1.1093107E-12, 1.0000000E-04, 0.0000000E+00, 6.2515420E-07, 9.9374846E-05,-5.4702802E-10
 4.2690903E+00,-4.5267378E+01,-7.6156798E+01, 1.0511040E-02, 1.7167266E-03, 2.5381806E+00, 3.3102950E-14, 1.5932712E+00, 1.5343508E+00, 1.1217163E-12, 1.0000000E-04, 0.0000000E+00, 6.2827200E-07, 9.9371728E-05,-5.4670254E-10
 4.2716183E+00,-4.5247176E+01,-7.5838898E+01, 1.0490499E-02, 1.7281834E-03, 2.5432366E+00, 3.3161172E-14, 1.5951503E+00, 1.5375277E+00, 1.1766100E-12, 1.0000000E-04, 0.0000000E+00, 6.3151945E-07, 9.9368481E-05,-5.4630972E-10
 4.2741463E+00,-4.5227961E+01,-7.5530152E+01, 1.0469918E-02, 1.7398750E-03, 2.5482926E+00, 3.3646251E-14, 1.5970928E+00, 1.5406412E+00, 1.1888673E-12, 1.0000000E-04, 0.0000000E+00, 6.3489916E-07, 9.9365101E-05,-5.4587201E-10
 4.2766743E+00,-4.5209683E+01,-7.5230413E+01, 1.0449301E-02, 1.7518033E-03, 2.5533485E+00, 3.3626898E-14, 1.5990990E+00, 1.5436910E+00, 1.2434764E-12, 1.0000000E-04, 0.0000000E+00, 6.3841360E-07, 9.9361586E-05,-5.4533329E-10
 4.2792023E+00,-4.5192294E+01,-7.4939525E+01, 1.0428653E-02, 1.7639702E-03, 2.5584045E+00, 3.3940490E-14, 1.6011691E+00, 1.5466769E+00, 1.2696946E-12, 1.0000000E-04, 0.0000000E+00, 6.4206518E-07, 9.9357935E-05,-5.4472723E-10
 4.2817302E+00,-4.5175747E+01,-7.4657327E+01, 1.0407976E-02, 1.7763775E-03, 2.5634605E+00, 3.3972914E-14, 1.6033032E+00, 1.5495987E+00, 1.2394883E-12, 1.0000000E-04, 0.0000000E+00, 6.4585623E-07, 9.9354144E-05,-5.4398648E-10
 4.2842582E+00,-4.5159998E+01,-7.4383650E+01, 1.0387276E-02, 1.7890266E-03, 2.5685165E+00, 3.3442258E-14, 1.6055015E+00, 1.5524564E+00, 1.2656289E-12, 1.0000000E-04, 0.0000000E+00, 6.4978895E-07, 9.9350211E-05,-5.4316717E-10
 4.2867862E+00,-4.5145005E+01,-7.4118325E+01, 1.0366554E-02, 1.8019189E-03, 2.5735724E+00, 3.3191435E-14, 1.6077638E+00, 1.5552501E+00, 1.3759264E-12, 1.0000000E-04, 0.0000000E+00, 6.5386548E-07, 9.9346135E-05,-5.4221319E-10
 4.2893142E+00,-4.5130730E+01,-7.3861176E+01, 1.0345815E-02, 1.8150552E-03, 2.5786284E+00, 3.3493541E-14, 1.6100901E+00, 1.5579797E+00, 1.3597129E-12, 1.0000000E-04, 0.0000000E+00, 6.5808785E-07, 9.9341912E-05,-5.4112452E-10
 4.2918422E+00,-4.5117133E+01,-7.3612028E+01, 1.0325062E-02, 1.8284363E-03, 2.5836844E+00, 3.3329325E-14, 1.6124802E+00, 1.5606456E+00, 1.3435510E-12, 1.0000000E-04, 0.0000000E+00, 6.6245799E-07, 9.9337542E-05,-5.3990117E-10
 4.2943702E+00,-4.5104181E+01,-7.3370702E+01, 1.0304297E-02, 1.8420629E-03, 2.5887404E+00, 3.2556018E-14, 1.6149339E+00, 1.5632480E+00, 1.4252520E-12, 1.0000000E-04, 0.0000000E+00, 6.6697774E-07, 9.9333022E-05,-5.3846457E-10
 4.2968982E+00,-4.5091838E+01,-7.3137019E+01, 1.0283524E-02, 1.8559351E-03, 2.5937963E+00, 3.2732634E-14, 1.6174507E+00, 1.5657871E+00, 1.4508900E-12, 1.0000000E-04, 0.0000000E+00, 6.7164885E-07, 9.9328351E-05,-5.3687085E-10
 4.2994262E+00,-4.5080074E+01,-7.2910798E+01, 1.0262744E-02, 1.8700529E-03, 2.5988523E+00, 3.2943654E-14, 1.6200304E+00, 1.5682634E+00, 1.5182329E-12, 1.0000000E-04, 0.0000000E+00, 6.7647297E-07, 9.9323527E-05,-5.3506389E-10
 4.3019541E+00,-4.5068858E+01,-7.2691859E+01, 1.0241961E-02, 1.8844161E-03, 2.6039083E+00, 3.2900713E-14, 1.6226724E+00, 1.5706773E+00, 1.5575491E-12, 1.0000000E-04, 0.0000000E+00, 6.8145165E-07, 9.9318548E-05,-5.3302123E-10
 4.3044821E+00,-4.5058162E+01,-7.2480022E+01, 1.0221178E-02, 1.8990242E-03, 2.6089643E+00, 3.2342104E-14, 1.6253763E+00, 1.5730295E+00, 1.6383952E-12, 1.0000000E-04, 0.0000000E+00, 6.8658636E-07, 9.9313414E-05,-5.3074288E-10
 4.3070101E+00,-4.5047958E+01,-7.2275109E+01, 1.0200396E-02, 1.9138764E-03, 2.6140203E+00, 3.2031850E-14, 1.6281414E+00, 1.5753203E+00, 1.6912605E-12, 1.0000000E-04, 0.0000000E+00, 6.9187844E-07, 9.9308122E-05,-5.2820640E-10
 4.3095381E+00,-4.5038221E+01,-7.2076940E+01, 1.0179617E-02, 1.9289719E-03, 2.6190762E+00, 3.2531586E-14, 1.6309671E+00, 1.5775506E+00, 1.7439592E-12, 1.0000000E-04, 0.0000000E+00, 6.9732919E-07, 9.9302671E-05,-5.2535565E-10
 4.3120661E+00,-4.5028927E+01,-7.1885340E+01, 1.0158844E-02, 1.9443091E-03, 2.6241322E+00, 3.1985487E-14, 1.6338528E+00, 1.5797209E+00, 1.7826729E-12, 1.0000000E-04, 0.0000000E+00, 7.0293978E-07, 9.9297060E-05,-5.2219066E-10
 4.3145941E+00,-4.5020053E+01,-7.1700133E+01, 1.0138079E-02, 1.9598868E-03, 2.6291882E+00, 3.2972754E-14, 1.6367976E+00, 1.5818320E+00, 1.7660752E-12, 1.0000000E-04, 0.0000000E+00, 7.0871132E-07, 9.9291289E-05,-5.1870018E-10
 4.3171221E+00,-4.5011578E+01,-7.1521145E+01, 1.0117323E-02, 1.9757033E-03, 2.6342442E+00, 3.2415715E-14, 1.6398008E+00, 1.5838848E+00, 1.7908569E-12, 1.0000000E-04, 0.0000000E+00, 7.1464479E-07, 9.9285355E-05,-5.1483934E-10
 4.3196501E+00,-4.5003481E+01,-7.1348205E+01, 1.0096579E-02, 1.9917564E-03, 2.6393001E+00, 3.2801505E-14, 1.6428616E+00, 1.5858800E+00, 1.8430696E-12, 1.0000000E-04, 0.0000000E+00, 7.2074114E-07, 9.9279259E-05,-5.1059690E-10
 4.3221781E+00,-4.4995744E+01,-7.1181144E+01, 1.0075848E-02, 2.0080443E-03, 2.6443561E+00, 3.2650448E-14, 1.6459791E+00, 1.5878185E+00, 1.8401880E-12, 1.0000000E-04, 0.0000000E+00, 7.2700119E-07, 9.9272999E-05,-5.0596164E-10
 4.3247060E+00,-4.4988348E+01,-7.1019794E+01, 1.0055131E-02, 2.0245645E-03, 2.6494121E+00, 3.2868359E-14, 1.6491524E+00, 1.5897012E+00, 1.8098928E-12, 1.0000000E-04, 0.0000000E+00, 7.3342571E-07, 9.9266574E-05,-5.0085499E-10
 4.3272340E+00,-4.4981275E+01,-7.0863993E+01, 1.0034431E-02, 2.0413145E-03, 2.6544681E+00, 3.3179353E-14, 1.6523805E+00, 1.5915290E+00, 1.8070719E-12, 1.0000000E-04, 0.0000000E+00, 7.4001537E-07, 9.9259985E-05,-4.9531064E-10
 4.3297620E+00,-4.4974511E+01,-7.0713577E+01, 1.0013749E-02, 2.0582916E-03, 2.6595240E+00, 3.3696239E-14, 1.6556626E+00, 1.5933029E+00, 1.8042597E-12, 1.0000000E-04, 0.0000000E+00, 7.4677078E-07, 9.9253229E-05,-4.8926123E-10
 4.3322900E+00,-4.4968039E+01,-7.0568389E+01, 9.9930853E-03, 2.0754930E-03, 2.6645800E+00, 3.3134189E-14, 1.6589975E+00, 1.5950239E+00, 1.7741615E-12, 1.0000000E-04, 0.0000000E+00, 7.5369247E-07, 9.9246308E-05,-4.8271800E-10
 4.3348180E+00,-4.4961846E+01,-7.0428271E+01, 9.9724423E-03, 2.0929155E-03, 2.6696360E+00, 3.3218777E-14, 1.6623844E+00, 1.5966931E+00, 1.8395403E-12, 1.0000000E-04, 0.0000000E+00, 7.6078089E-07, 9.9239219E-05,-4.7563604E-10
 4.3373460E+00,-4.4955917E+01,-7.0293072E+01, 9.9518212E-03, 2.1105560E-03, 2.6746920E+00, 3.3866940E-14, 1.6658221E+00, 1.5983113E+00, 1.8775063E-12, 1.0000000E-04, 0.0000000E+00, 7.6803643E-07, 9.9231964E-05,-4.6799291E-10
 4.3398740E+00,-4.4950240E+01,-7.0162640E+01, 9.9312229E-03, 2.1284112E-03, 2.6797479E+00, 3.3072728E-14, 1.6693097E+00, 1.5998797E+00, 1.9289390E-12, 1.0000000E-04, 0.0000000E+00, 7.7545941E-07, 9.9224541E-05,-4.5977739E-10
 4.3424020E+00,-4.4944803E+01,-7.0036829E+01, 9.9106488E-03, 2.1464778E-03, 2.6848039E+00, 3.3123272E-14, 1.6728461E+00, 1.6013993E+00, 1.9530866E-12, 1.0000000E-04, 0.0000000E+00, 7.8305011E-07, 9.9216950E-05,-4.5093336E-10
 4.3449299E+00,-4.4939594E+01,-6.9915494E+01, 9.8900996E-03, 2.1647519E-03, 2.6898599E+00, 3.3054447E-14, 1.6764301E+00, 1.6028712E+00, 1.9094487E-12, 1.0000000E-04, 0.0000000E+00, 7.9080870E-07, 9.9209191E-05,-4.4146082E-10
 4.3474579E+00,-4.4934603E+01,-6.9798495E+01, 9.8695766E-03, 2.1832302E-03, 2.6949159E+00, 3.3362883E-14, 1.6800608E+00, 1.6042965E+00, 1.8118599E-12, 1.0000000E-04, 0.0000000E+00, 7.9873534E-07, 9.9201265E-05,-4.3134854E-10
 4.3499859E+00,-4.4929819E+01,-6.9685694E+01, 9.8490808E-03, 2.2019087E-03, 2.6999719E+00, 3.3450003E-14, 1.6837370E+00, 1.6056763E+00, 1.8360761E-12, 1.0000000E-04, 0.0000000E+00, 8.0683010E-07, 9.9193170E-05,-4.2057409E-10
 4.3525139E+00,-4.4925232E+01,-6.9576956E+01, 9.8286131E-03, 2.2207837E-03, 2.7050278E+00, 3.3258623E-14, 1.6874578E+00, 1.6070115E+00, 1.7793390E-12, 1.0000000E-04, 0.0000000E+00, 8.1509301E-07, 9.9184907E-05,-4.0909256E-10
 4.3550419E+00,-4.4920834E+01,-6.9472151E+01, 9.8081744E-03, 2.2398513E-03, 2.7100838E+00, 3.3908282E-14, 1.6912219E+00, 1.6083034E+00, 1.7631532E-12, 1.0000000E-04, 0.0000000E+00, 8.2352407E-07, 9.9176476E-05,-3.9689273E-10
 4.3575699E+00,-4.4916615E+01,-6.9371149E+01, 9.7877655E-03, 2.2591075E-03, 2.7151398E+00, 3.3529116E-14, 1.6950283E+00, 1.6095529E+00, 1.7470170E-12, 1.0000000E-04, 0.0000000E+00, 8.3212319E-07, 9.9167877E-05,-3.8398584E-10
 4.3600979E+00,-4.4912568E+01,-6.9273827E+01, 9.7673871E-03, 2.2785481E-03, 2.7201958E+00, 3.3234694E-14, 1.6988760E+00, 1.6107612E+00, 1.8248566E-12, 1.0000000E-04, 0.0000000E+00, 8.4089026E-07, 9.9159110E-05,-3.7033819E-10
 4.3626259E+00,-4.4908685E+01,-6.9180061E+01, 9.7470400E-03, 2.2981693E-03, 2.7252517E+00, 3.3709546E-14, 1.7027638E+00, 1.6119294E+00, 1.8756635E-12, 1.0000000E-04, 0.0000000E+00, 8.4982513E-07, 9.9150175E-05,-3.5591614E-10
 4.3651539E+00,-4.4904958E+01,-6.9089734E+01, 9.7267251E-03, 2.3179668E-03, 2.7303077E+00, 3.3447388E-14, 1.7066907E+00, 1.6130585E+00, 1.8728068E-12, 1.0000000E-04, 0.0000000E+00, 8.5892761E-07, 9.9141072E-05,-3.4071967E-10
 4.3676818E+00,-4.4901381E+01,-6.9002730E+01, 9.7064431E-03, 2.3379365E-03, 2.7353637E+00, 3.3951831E-14, 1.7106557E+00, 1.6141495E+00, 1.7230336E-12, 1.0000000E-04, 0.0000000E+00, 8.6819744E-07, 9.9131803E-05,-3.2473756E-10
 4.3702098E+00,-4.4897946E+01,-6.8918936E+01, 9.6861945E-03, 2.3580742E-03, 2.7404197E+00, 3.4487925E-14, 1.7146576E+00, 1.6152035E+00, 1.7337539E-12, 1.0000000E-04, 0.0000000E+00, 8.7763437E-07, 9.9122366E-05,-3.0796982E-10
 4.3727378E+00,-4.4894648E+01,-6.8838244E+01, 9.6659800E-03, 2.3783759E-03, 2.7454756E+00, 3.4505608E-14, 1.7186956E+00, 1.6162215E+00, 1.6512273E-12, 1.0000000E-04, 0.0000000E+00, 8.8723809E-07, 9.9112762E-05,-2.9038277E-10
 4.3752658E+00,-4.4891481E+01,-6.8760546E+01, 9.6458003E-03, 2.3988373E-03, 2.7505316E+00, 3.5058881E-14, 1.7227684E+00, 1.6172046E+00, 1.6487277E-12, 1.0000000E-04, 0.0000000E+00, 8.9700827E-07, 9.9102992E-05,-2.7197641E-10
 4.3777938E+00,-4.4888438E+01,-6.8685740E+01, 9.6256557E-03, 2.4194542E-03, 2.7555876E+00, 3.4820965E-14, 1.7268753E+00, 1.6181538E+00, 1.6462357E-12, 1.0000000E-04, 0.0000000E+00, 9.0694452E-07, 9.9093055E-05,-2.5276196E-10
 4.3803218E+00,-4.4885515E+01,-6.8613726E+01, 9.6055469E-03, 2.4402224E-03, 2.7606436E+00, 3.5911545E-14, 1.7310150E+00, 1.6190700E+00, 1.6437512E-12, 1.0000000E-04, 0.0000000E+00, 9.1704647E-07, 9.9082954E-05,-2.3271699E-10
 4.3828498E+00,-4.4882707E+01,-6.8544406E+01, 9.5854744E-03, 2.4611379E-03, 2.7656995E+00, 3.5980125E-14, 1.7351868E+00, 1.6199542E+00, 1.5883298E-12, 1.0000000E-04, 0.0000000E+00, 9.2731370E-07, 9.9072686E-05,-2.1181904E-10
 4.3853778E+00,-4.4880009E+01,-6.8477686E+01, 9.5654388E-03, 2.4821963E-03, 2.7707555E+00, 3.5495340E-14, 1.7393895E+00, 1.6208075E+00, 1.5991561E-12, 1.0000000E-04, 0.0000000E+00, 9.3774576E-07, 9.9062254E-05,-1.9009055E-10
 4.3879057E+00,-4.4877415E+01,-6.8413473E+01, 9.5454405E-03, 2.5033937E-03, 2.7758115E+00, 3.5411849E-14, 1.7436223E+00, 1.6216306E+00, 1.5703609E-12, 1.0000000E-04, 0.0000000E+00, 9.4834218E-07, 9.9051658E-05,-1.6752032E-10
 4.3904337E+00,-4.4874922E+01,-6.8351680E+01, 9.5254799E-03, 2.5247259E-03, 2.7808675E+00, 3.4240981E-14, 1.7478843E+00, 1.6224246E+00, 1.5548286E-12, 1.0000000E-04, 0.0000000E+00, 9.5910249E-07, 9.9040898E-05,-1.4410833E-10
 4.3929617E+00,-4.4872526E+01,-6.8292220E+01, 9.5055575E-03, 2.5461889E-03, 2.7859235E+00, 3.4240864E-14, 1.7521745E+00, 1.6231904E+00, 1.4472454E-12, 1.0000000E-04, 0.0000000E+00, 9.7002619E-07, 9.9029974E-05,-1.1984336E-10
 4.3954897E+00,-4.4870222E+01,-6.8235010E+01, 9.4856738E-03, 2.5677786E-03, 2.7909794E+00, 3.4450901E-14, 1.7564921E+00, 1.6239288E+00, 1.4056695E-12, 1.0000000E-04, 0.0000000E+00, 9.8111275E-07, 9.9018887E-05,-9.4759080E-11
 4.3980177E+00,-4.4868007E+01,-6.8179968E+01, 9.4658289E-03, 2.5894911E-03, 2.7960354E+00, 3.5095031E-14, 1.7608362E+00, 1.6246407E+00, 1.3773353E-12, 1.0000000E-04, 0.0000000E+00, 9.9236164E-07, 9.9007638E-05,-6.8799380E-11
 4.4005457E+00,-4.4865877E+01,-6.8127017E+01, 9.4460234E-03, 2.6113223E-03, 2.8010914E+00, 3.4598327E-14, 1.7652058E+00, 1.6253270E+00, 1.4407710E-12, 1.0000000E-04, 0.0000000E+00, 1.0037723E-06, 9.8996228E-05,-4.2031595E-11
 4.4030737E+00,-4.4863829E+01,-6.8076082E+01, 9.4262576E-03, 2.6332685E-03, 2.8061474E+00, 3.4858525E-14, 1.7696004E+00, 1.6259885E+00, 1.4647825E-12, 1.0000000E-04, 0.0000000E+00, 1.0153442E-06, 9.8984656E-05,-1.4422056E-11
 4.4056017E+00,-4.4861859E+01,-6.8027087E+01, 9.4065318E-03, 2.6553257E-03, 2.8112033E+00, 3.3919824E-14, 1.7740189E+00, 1.6266259E+00, 1.5148406E-12, 1.0000000E-04, 0.0000000E+00, 1.0270768E-06, 9.8972923E-05, 1.4006791E-11
 4.4081297E+00,-4.4859964E+01,-6.7979964E+01, 9.3868463E-03, 2.6774902E-03, 2.8162593E+00, 3.3367661E-14, 1.7784606E+00, 1.6272402E+00, 1.5256313E-12, 1.0000000E-04, 0.0000000E+00, 1.0389694E-06, 9.8961031E-05, 4.3266168E-11
 4.4106576E+00,-4.4858142E+01,-6.7934643E+01, 9.3672014E-03, 2.6997581E-03, 2.8213153E+00, 3.3039444E-14, 1.7829247E+00, 1.6278320E+00, 1.5363900E-12, 1.0000000E-04, 0.0000000E+00, 1.0510216E-06, 9.8948978E-05, 4.2974360E-11
 4.4131856E+00,-4.4856389E+01,-6.7891058E+01, 9.3475974E-03, 2.7221259E-03, 2.8263713E+00, 3.3663999E-14, 1.7874106E+00, 1.6284021E+00, 1.4821120E-12, 1.0000000E-04, 0.0000000E+00, 1.0632326E-06, 9.8936767E-05, 4.2783562E-11
 4.4157136E+00,-4.4854703E+01,-6.7849146E+01, 9.3280345E-03, 2.7445899E-03, 2.8314272E+00, 3.3885353E-14, 1.7919174E+00, 1.6289513E+00, 1.4669397E-12, 1.0000000E-04, 0.0000000E+00, 1.0756019E-06, 9.8924398E-05, 4.2570318E-11
 4.4182416E+00,-4.4853081E+01,-6.7808843E+01, 9.3085132E-03, 2.7671464E-03, 2.8364832E+00, 3.4046505E-14, 1.7964444E+00, 1.6294802E+00, 1.4907000E-12, 1.0000000E-04, 0.0000000E+00, 1.0881290E-06, 9.8911871E-05, 4.2345850E-11
 4.4207696E+00,-4.4851520E+01,-6.7770091E+01, 9.2890335E-03, 2.7897921E-03, 2.8415392E+00, 3.3890777E-14, 1.8009910E+00, 1.6299896E+00, 1.5273338E-12, 1.0000000E-04, 0.0000000E+00, 1.1008131E-06, 9.8899187E-05, 4.2110159E-11
 4.4232976E+00,-4.4850019E+01,-6.7732832E+01, 9.2695958E-03, 2.8125234E-03, 2.8465952E+00, 3.3183494E-14, 1.8055565E+00, 1.6304801E+00, 1.6284821E-12, 1.0000000E-04, 0.0000000E+00, 1.1136537E-06, 9.8886346E-05, 4.1874467E-11
 4.4258256E+00,-4.4848574E+01,-6.7697009E+01, 9.2502002E-03, 2.8353369E-03, 2.8516511E+00, 3.3648703E-14, 1.8101403E+00, 1.6309523E+00, 1.7035222E-12, 1.0000000E-04, 0.0000000E+00, 1.1266501E-06, 9.8873350E-05, 4.1627553E-11
 4.4283536E+00,-4.4847184E+01,-6.7662570E+01, 9.2308470E-03, 2.8582292E-03, 2.8567071E+00, 3.3192863E-14, 1.8147416E+00, 1.6314069E+00, 1.6494767E-12, 1.0000000E-04, 0.0000000E+00, 1.1398018E-06, 9.8860198E-05, 4.1369415E-11
 4.4308815E+00,-4.4845846E+01,-6.7629463E+01, 9.2115363E-03, 2.8811973E-03, 2.8617631E+00, 3.3332758E-14, 1.8193600E+00, 1.6318446E+00, 1.6470603E-12, 1.0000000E-04, 0.0000000E+00, 1.1531081E-06, 9.8846892E-05, 4.1122500E-11
 4.4334095E+00,-4.4844559E+01,-6.7597636E+01, 9.1922684E-03, 2.9042378E-03, 2.8668191E+00, 3.3444722E-14, 1.8239947E+00, 1.6322659E+00, 1.6446509E-12, 1.0000000E-04, 0.0000000E+00, 1.1665684E-06, 9.8833432E-05, 4.0841916E-11
 4.4359375E+00,-4.4843321E+01,-6.7567043E+01, 9.1730433E-03, 2.9273475E-03, 2.8718751E+00, 3.2634153E-14, 1.8286452E+00, 1.6326713E+00, 1.7705492E-12, 1.0000000E-04, 0.0000000E+00, 1.1801821E-06, 9.8819818E-05, 4.0583778E-11
 4.4384655E+00,-4.4842129E+01,-6.7537636E+01, 9.1538613E-03, 2.9505234E-03, 2.8769310E+00, 3.2292521E-14, 1.8333110E+00, 1.6330615E+00, 1.7679667E-12, 1.0000000E-04, 0.0000000E+00, 1.1939486E-06, 9.8806051E-05, 4.0303193E-11
 4.4409935E+00,-4.4840983E+01,-6.7509370E+01, 9.1347226E-03, 2.9737626E-03, 2.8819870E+00, 3.1718791E-14, 1.8379914E+00, 1.6334370E+00, 1.7909771E-12, 1.0000000E-04, 0.0000000E+00, 1.2078672E-06, 9.8792133E-05, 4.0022608E-11
 4.4435215E+00,-4.4839879E+01,-6.7482203E+01, 9.1156272E-03, 2.9970619E-03, 2.8870430E+00, 3.1594279E-14, 1.8426861E+00, 1.6337983E+00, 1.7883724E-12, 1.0000000E-04, 0.0000000E+00, 1.2219374E-06, 9.8778063E-05, 3.9742023E-11
 4.4460495E+00,-4.4838817E+01,-6.7456092E+01, 9.0965753E-03, 3.0204186E-03, 2.8920990E+00, 3.1153564E-14, 1.8473944E+00, 1.6341460E+00, 1.8495530E-12, 1.0000000E-04, 0.0000000E+00, 1.2361585E-06, 9.8763841E-05, 3.9450215E-11
 4.4485775E+00,-4.4837795E+01,-6.7430997E+01, 9.0775670E-03, 3.0438298E-03, 2.8971549E+00, 3.1490239E-14, 1.8521159E+00, 1.6344805E+00, 1.7959228E-12, 1.0000000E-04, 0.0000000E+00, 1.2505300E-06, 9.8749470E-05, 3.9147184E-11
 4.4511055E+00,-4.4836812E+01,-6.7406879E+01, 9.0586025E-03, 3.0672928E-03, 2.9022109E+00, 3.2098822E-14, 1.8568501E+00, 1.6348022E+00, 1.6788549E-12, 1.0000000E-04, 0.0000000E+00, 1.2650511E-06, 9.8734949E-05, 3.8844152E-11
 4.4536334E+00,-4.4835866E+01,-6.7383702E+01, 9.0396819E-03, 3.0908048E-03, 2.9072669E+00, 3.1125025E-14, 1.8615966E+00, 1.6351118E+00, 1.6510270E-12, 1.0000000E-04, 0.0000000E+00, 1.2797214E-06, 9.8720279E-05, 3.8518674E-11
 4.4561614E+00,-4.4834955E+01,-6.7361428E+01, 9.0208052E-03, 3.1143632E-03, 2.9123229E+00, 3.0657091E-14, 1.8663548E+00, 1.6354095E+00, 1.7120525E-12, 1.0000000E-04, 0.0000000E+00, 1.2945403E-06, 9.8705460E-05, 3.8226866E-11
 4.4586894E+00,-4.4834078E+01,-6.7340024E+01, 9.0019725E-03, 3.1379655E-03, 2.9173788E+00, 3.0863439E-14, 1.8711244E+00, 1.6356959E+00, 1.6969205E-12, 1.0000000E-04, 0.0000000E+00, 1.3095071E-06, 9.8690493E-05, 3.7901387E-11
 4.4612174E+00,-4.4833235E+01,-6.7319456E+01, 8.9831840E-03, 3.1616089E-03, 2.9224348E+00, 3.0422084E-14, 1.8759049E+00, 1.6359714E+00, 1.7450589E-12, 1.0000000E-04, 0.0000000E+00, 1.3246212E-06, 9.8675379E-05, 3.7587133E-11
 4.4637454E+00,-4.4832424E+01,-6.7299692E+01, 8.9644396E-03, 3.1852914E-03, 2.9274908E+00, 3.0394974E-14, 1.8806960E+00, 1.6362363E+00, 1.7425502E-12, 1.0000000E-04, 0.0000000E+00, 1.3398821E-06, 9.8660118E-05, 3.7250431E-11
 4.4662734E+00,-4.4831642E+01,-6.7280700E+01, 8.9457396E-03, 3.2090102E-03, 2.9325468E+00, 2.9801339E-14, 1.8854972E+00, 1.6364911E+00, 1.7274397E-12, 1.0000000E-04, 0.0000000E+00, 1.3552893E-06, 9.8644711E-05, 3.6902506E-11
 4.4688014E+00,-4.4830891E+01,-6.7262452E+01, 8.9270839E-03, 3.2327631E-03, 2.9376027E+00, 3.0305384E-14, 1.8903081E+00, 1.6367361E+00, 1.6997815E-12, 1.0000000E-04, 0.0000000E+00, 1.3708420E-06, 9.8629158E-05, 3.6565804E-11
 4.4713294E+00,-4.4830168E+01,-6.7244917E+01, 8.9084727E-03, 3.2565478E-03, 2.9426587E+00, 3.0125053E-14, 1.8951285E+00, 1.6369716E+00, 1.7476401E-12, 1.0000000E-04, 0.0000000E+00, 1.3865398E-06, 9.8613460E-05, 3.6206656E-11
 4.4738573E+00,-4.4829472E+01,-6.7228070E+01, 8.8899059E-03, 3.2803620E-03, 2.9477147E+00, 2.9169399E-14, 1.8999580E+00, 1.6371982E+00, 1.7325871E-12, 1.0000000E-04, 0.0000000E+00, 1.4023821E-06, 9.8597618E-05, 3.5869954E-11
 4.4763853E+00,-4.4828802E+01,-6.7211883E+01, 8.8713836E-03, 3.3042037E-03, 2.9527707E+00, 2.9329255E-14, 1.9047961E+00, 1.6374160E+00, 1.7551882E-12, 1.0000000E-04, 0.0000000E+00, 1.4183684E-06, 9.8581632E-05, 3.5522029E-11
 4.4789133E+00,-4.4828158E+01,-6.7196330E+01, 8.8529059E-03, 3.3280706E-03, 2.9578267E+00, 2.8611610E-14, 1.9096427E+00, 1.6376254E+00, 1.7777249E-12, 1.0000000E-04, 0.0000000E+00, 1.4344981E-06, 9.8565502E-05, 3.5151657E-11
 4.4814413E+00,-4.4827538E+01,-6.7181387E+01, 8.8344728E-03, 3.3519607E-03, 2.9628826E+00, 2.8458027E-14, 1.9144973E+00, 1.6378268E+00, 1.7501919E-12, 1.0000000E-04, 0.0000000E+00, 1.4507706E-06, 9.8549229E-05, 3.4792509E-11
 4.4852333E+00,-4.4826659E+01,-6.7160264E+01, 8.8069225E-03, 3.3878357E-03, 2.9704666E+00, 2.8070517E-14, 1.9217964E+00, 1.6381116E+00, 1.6466654E-12, 1.0000000E-04, 0.0000000E+00, 1.4754988E-06, 9.8524501E-05, 3.0808205E-11
 4.4890253E+00,-4.4825830E+01,-6.7140360E+01, 8.7794728E-03, 3.4237498E-03, 2.9780506E+00, 2.7856867E-14, 1.9291117E+00, 1.6383803E+00, 1.6556131E-12, 1.0000000E-04, 0.0000000E+00, 1.5005445E-06, 9.8499455E-05, 2.6767785E-11
 4.4928173E+00,-4.4825046E+01,-6.7121608E+01, 8.7521236E-03, 3.4596971E-03, 2.9856345E+00, 2.8433791E-14, 1.9364423E+00, 1.6386336E+00, 1.5775701E-12, 1.0000000E-04, 0.0000000E+00, 1.5259062E-06, 9.8474094E-05, 2.2660024E-11
 4.4966092E+00,-4.4824307E+01,-6.7103939E+01, 8.7248750E-03, 3.4956712E-03, 2.9932185E+00, 2.8232491E-14, 1.9437874E+00, 1.6388725E+00, 1.6362082E-12, 1.0000000E-04, 0.0000000E+00, 1.5515822E-06, 9.8448418E-05, 1.8496146E-11
 4.5000000E+00,-4.4823678E+01,-6.7088963E+01, 8.7005902E-03, 3.5278580E-03, 3.0000000E+00, 2.7747815E-14, 1.9503663E+00, 1.6390752E+00, 1.6083727E-12, 1.0000000E-04, 0.0000000E+00, 1.5747915E-06, 9.8425209E-05, 1.6307585E-11
 4.5037920E+00,-4.4823015E+01,-6.7073183E+01, 8.6735321E-03, 3.5638679E-03, 3.0075840E+00, 2.8375546E-14, 1.9577365E+00, 1.6392889E+00, 1.6049816E-12, 1.0000000E-04, 0.0000000E+00, 1.6010582E-06, 9.8398942E-05, 1.2053921E-11
 4.5075840E+00,-4.4822389E+01,-6.7058316E+01, 8.6465744E-03, 3.5998885E-03, 3.0151679E+00, 2.8897807E-14, 1.9651190E+00, 1.6394903E+00, 1.5769647E-12, 1.0000000E-04, 0.0000000E+00, 1.6276344E-06, 9.8372366E-05, 7.7329156E-12
 4.5113759E+00,-4.4821797E+01,-6.7044311E+01, 8.6197173E-03, 3.6359149E-03, 3.0227519E+00, 2.8733472E-14, 1.9725131E+00, 1.6396803E+00, 1.5244771E-12, 1.0000000E-04, 0.0000000E+00, 1.6545185E-06, 9.8345482E-05, 3.3782403E-12
 4.5151679E+00,-4.4821239E+01,-6.7031116E+01, 8.5929604E-03, 3.6719420E-03, 3.0303359E+00, 2.8944677E-14, 1.9799180E+00, 1.6398593E+00, 1.6316989E-12, 1.0000000E-04, 0.0000000E+00, 1.6817089E-06, 9.8318291E-05,-1.0437753E-12
 4.5189599E+00,-4.4820712E+01,-6.7018686E+01, 8.5663039E-03, 3.7079649E-03, 3.0379198E+00, 2.9904688E-14, 1.9873332E+00, 1.6400281E+00, 1.4813742E-12, 1.0000000E-04, 0.0000000E+00, 1.7092042E-06, 9.8290796E-05,-5.5106844E-12
 4.5227519E+00,-4.4820214E+01,-6.7006976E+01, 8.5397474E-03, 3.7439791E-03, 3.0455038E+00, 2.8665768E-14, 1.9947581E+00, 1.6401872E+00, 1.5515868E-12, 1.0000000E-04, 0.0000000E+00, 1.7370028E-06, 9.8262997E-05,-1.0000040E-11
 4.5265439E+00,-4.4819745E+01,-6.6995945E+01, 8.5132910E-03, 3.7799803E-03, 3.0530878E+00, 2.7689146E-14, 2.0021921E+00, 1.6403371E+00, 1.4873974E-12, 1.0000000E-04, 0.0000000E+00, 1.7651032E-06, 9.8234897E-05,-1.4523066E-11
 4.5303359E+00,-4.4819302E+01,-6.6985554E+01, 8.4869345E-03, 3.8159641E-03, 3.0606717E+00, 2.8266842E-14, 2.0096347E+00, 1.6404784E+00, 1.4356412E-12, 1.0000000E-04, 0.0000000E+00, 1.7935041E-06, 9.8206496E-05,-1.9090986E-11
 4.5341278E+00,-4.4818883E+01,-6.6975765E+01, 8.4606776E-03, 3.8519263E-03, 3.0682557E+00, 2.7741874E-14, 2.0170855E+00, 1.6406116E+00, 1.3598171E-12, 1.0000000E-04, 0.0000000E+00, 1.8222038E-06, 9.8177796E-05,-2.3703799E-11
 4.5379198E+00,-4.4818488E+01,-6.6966544E+01, 8.4345203E-03, 3.8878633E-03, 3.0758396E+00, 2.8734444E-14, 2.0245439E+00, 1.6407372E+00, 1.3085391E-12, 1.0000000E-04, 0.0000000E+00, 1.8512012E-06, 9.8148799E-05,-2.8350283E-11
 4.5417118E+00,-4.4818116E+01,-6.6957857E+01, 8.4084623E-03, 3.9237711E-03, 3.0834236E+00, 2.9327284E-14, 2.0320096E+00, 1.6408555E+00, 1.3300193E-12, 1.0000000E-04, 0.0000000E+00, 1.8804946E-06, 9.8119505E-05,-3.3019213E-11
 4.5455038E+00,-4.4817764E+01,-6.6949675E+01, 8.3825034E-03, 3.9596461E-03, 3.0910076E+00, 2.9413849E-14, 2.0394820E+00, 1.6409670E+00, 1.3876095E-12, 1.0000000E-04, 0.0000000E+00, 1.9100830E-06, 9.8089917E-05,-3.7721813E-11
 4.5492958E+00,-4.4817432E+01,-6.6941967E+01, 8.3566435E-03, 3.9954848E-03, 3.0985915E+00, 2.9870466E-14, 2.0469609E+00, 1.6410721E+00, 1.4449628E-12, 1.0000000E-04, 0.0000000E+00, 1.9399647E-06, 9.8060035E-05,-4.2458084E-11
 4.5530878E+00,-4.4817119E+01,-6.6934706E+01, 8.3308822E-03, 4.0312838E-03, 3.1061755E+00, 3.0037854E-14, 2.0544459E+00, 1.6411711E+00, 1.5261141E-12, 1.0000000E-04, 0.0000000E+00, 1.9701387E-06, 9.8029861E-05,-4.7194354E-11
 4.5568797E+00,-4.4816823E+01,-6.6927867E+01, 8.3052194E-03, 4.0670400E-03, 3.1137595E+00, 3.0150695E-14, 2.0619365E+00, 1.6412644E+00, 1.3670922E-12, 1.0000000E-04, 0.0000000E+00, 2.0006035E-06, 9.7999397E-05,-5.1986742E-11
 4.5606717E+00,-4.4816545E+01,-6.6921424E+01, 8.2796548E-03, 4.1027502E-03, 3.1213434E+00, 3.0464631E-14, 2.0694325E+00, 1.6413523E+00, 1.4121683E-12, 1.0000000E-04, 0.0000000E+00, 2.0313578E-06, 9.7968642E-05,-5.6790353E-11
 4.5644637E+00,-4.4816282E+01,-6.6915356E+01, 8.2541881E-03, 4.1384115E-03, 3.1289274E+00, 3.0791175E-14, 2.0769337E+00, 1.6414352E+00, 1.3376293E-12, 1.0000000E-04, 0.0000000E+00, 2.0624005E-06, 9.7937599E-05,-6.1605187E-11
 4.5682557E+00,-4.4816033E+01,-6.6909639E+01, 8.2288192E-03, 4.1740209E-03, 3.1365114E+00, 3.0875500E-14, 2.0844396E+00, 1.6415133E+00, 1.3945007E-12, 1.0000000E-04, 0.0000000E+00, 2.0937303E-06, 9.7906270E-05,-6.6464915E-11
 4.5720477E+00,-4.4815799E+01,-6.6904255E+01, 8.2035476E-03, 4.2095757E-03, 3.1440953E+00, 2.9891137E-14, 2.0919500E+00, 1.6415868E+00, 1.3797734E-12, 1.0000000E-04, 0.0000000E+00, 2.1253459E-06, 9.7874654E-05,-7.1335866E-11
 4.5758396E+00,-4.4815578E+01,-6.6899182E+01, 8.1783731E-03, 4.2450732E-03, 3.1516793E+00, 3.0964103E-14, 2.0994646E+00, 1.6416561E+00, 1.4719403E-12, 1.0000000E-04, 0.0000000E+00, 2.1572461E-06, 9.7842754E-05,-7.6218040E-11
 4.5796316E+00,-4.4815370E+01,-6.6894405E+01, 8.1532955E-03, 4.2805108E-03, 3.1592633E+00, 3.1179242E-14, 2.1069833E+00, 1.6417214E+00, 1.4452694E-12, 1.0000000E-04, 0.0000000E+00, 2.1894298E-06, 9.7810570E-05,-8.1122662E-11
 4.5834236E+00,-4.4815174E+01,-6.6889904E+01, 8.1283144E-03, 4.3158861E-03, 3.1668472E+00, 3.0668626E-14, 2.1145057E+00, 1.6417830E+00, 1.4896416E-12, 1.0000000E-04, 0.0000000E+00, 2.2218958E-06, 9.7778104E-05,-8.6049730E-11
 4.5872156E+00,-4.4814988E+01,-6.6885665E+01, 8.1034295E-03, 4.3511967E-03, 3.1744312E+00, 3.0221059E-14, 2.1220317E+00, 1.6418410E+00, 1.5574325E-12, 1.0000000E-04, 0.0000000E+00, 2.2546428E-06, 9.7745357E-05,-9.1010468E-11
 4.5910076E+00,-4.4814813E+01,-6.6881672E+01, 8.0786405E-03, 4.3864404E-03, 3.1820152E+00, 3.0261279E-14, 2.1295610E+00, 1.6418956E+00, 1.4836507E-12, 1.0000000E-04, 0.0000000E+00, 2.2876698E-06, 9.7712330E-05,-9.5971207E-11
 4.5947996E+00,-4.4814648E+01,-6.6877911E+01, 8.0539472E-03, 4.4216149E-03, 3.1895991E+00, 3.1335116E-14, 2.1370935E+00, 1.6419471E+00, 1.3396567E-12, 1.0000000E-04, 0.0000000E+00, 2.3209756E-06, 9.7679024E-05,-1.0093194E-10
 4.5985915E+00,-4.4814493E+01,-6.6874368E+01, 8.0293491E-03, 4.4567181E-03, 3.1971831E+00, 3.2276821E-14, 2.1446290E+00, 1.6419955E+00, 1.3604293E-12, 1.0000000E-04, 0.0000000E+00, 2.3545591E-06, 9.7645441E-05,-1.0589268E-10
 4.6023835E+00,-4.4814346E+01,-6.6871030E+01, 8.0048459E-03, 4.4917479E-03, 3.2047670E+00, 3.1646318E-14, 2.1521673E+00, 1.6420412E+00, 1.4513452E-12, 1.0000000E-04, 0.0000000E+00, 2.3884191E-06, 9.7611581E-05,-1.1089831E-10
 4.6061755E+00,-4.4814208E+01,-6.6867887E+01, 7.9804374E-03, 4.5267025E-03, 3.2123510E+00, 3.0847839E-14, 2.1597082E+00, 1.6420843E+00, 1.4951742E-12, 1.0000000E-04, 0.0000000E+00, 2.4225546E-06, 9.7577445E-05,-1.1589272E-10
 4.6118635E+00,-4.4814017E+01,-6.6863570E+01, 7.9440342E-03, 4.5789514E-03, 3.2237270E+00, 3.0427069E-14, 2.1710250E+00, 1.6421434E+00, 1.3742516E-12, 1.0000000E-04, 0.0000000E+00, 2.4743738E-06, 9.7525626E-05,-1.6893446E-10
 4.6175515E+00,-4.4813843E+01,-6.6859619E+01, 7.9078415E-03, 4.6310191E-03, 3.2351029E+00, 3.1874970E-14, 2.1823468E+00, 1.6421975E+00, 1.2656599E-12, 1.0000000E-04, 0.0000000E+00, 2.5268054E-06, 9.7473195E-05,-2.2204354E-10
 4.6232394E+00,-4.4813683E+01,-6.6856002E+01, 7.8718583E-03, 4.6828997E-03, 3.2464789E+00, 3.0751039E-14, 2.1936732E+00, 1.6422471E+00, 1.4124090E-12, 1.0000000E-04, 0.0000000E+00, 2.5798457E-06, 9.7420154E-05,-2.7524241E-10
 4.6289274E+00,-4.4813536E+01,-6.6852691E+01, 7.8360833E-03, 4.7345880E-03, 3.2578548E+00, 3.2345010E-14, 2.2050038E+00, 1.6422925E+00, 1.4774900E-12, 1.0000000E-04, 0.0000000E+00, 2.6334912E-06, 9.7366509E-05,-3.2848617E-10
 4.6346154E+00,-4.4813402E+01,-6.6849660E+01, 7.8005152E-03, 4.7860788E-03, 3.2692307E+00, 3.2546796E-14, 2.2163382E+00, 1.6423340E+00, 1.5421873E-12, 1.0000000E-04, 0.0000000E+00, 2.6877386E-06, 9.7312261E-05,-3.8179728E-10
 4.6403033E+00,-4.4813279E+01,-6.6846886E+01, 7.7651528E-03, 4.8373673E-03, 3.2806067E+00, 3.2002099E-14, 2.2276761E+00, 1.6423721E+00, 1.5835542E-12, 1.0000000E-04, 0.0000000E+00, 2.7425842E-06, 9.7257416E-05,-4.3515327E-10
 4.6459913E+00,-4.4813166E+01,-6.6844346E+01, 7.7299949E-03, 4.8884489E-03, 3.2919826E+00, 3.0924838E-14, 2.2390172E+00, 1.6424069E+00, 1.5331474E-12, 1.0000000E-04, 0.0000000E+00, 2.7980246E-06, 9.7201975E-05,-4.8850927E-10
 4.6516793E+00,-4.4813062E+01,-6.6842021E+01, 7.6950402E-03, 4.9393192E-03, 3.3033586E+00, 3.2047071E-14, 2.2503612E+00, 1.6424388E+00, 1.4145875E-12, 1.0000000E-04, 0.0000000E+00, 2.8540565E-06, 9.7145943E-05,-5.4188771E-10
 4.6573673E+00,-4.4812968E+01,-6.6839893E+01, 7.6602875E-03, 4.9899740E-03, 3.3147345E+00, 3.1394148E-14, 2.2617080E+00, 1.6424680E+00, 1.3877162E-12, 1.0000000E-04, 0.0000000E+00, 2.9106765E-06, 9.7089323E-05,-5.9527737E-10
 4.6630552E+00,-4.4812881E+01,-6.6837944E+01, 7.6257354E-03, 5.0404094E-03, 3.3261105E+00, 3.1074559E-14, 2.2730572E+00, 1.6424947E+00, 1.4403928E-12, 1.0000000E-04, 0.0000000E+00, 2.9678812E-06, 9.7032119E-05,-6.4862215E-10
 4.6687432E+00,-4.4812801E+01,-6.6836161E+01, 7.5913827E-03, 5.0906216E-03, 3.3374864E+00, 2.8640556E-14, 2.2844087E+00, 1.6425192E+00, 1.2213526E-12, 1.0000000E-04, 0.0000000E+00, 3.0256673E-06, 9.6974333E-05,-7.0193325E-10
 4.6744312E+00,-4.4812728E+01,-6.6834528E+01, 7.5572282E-03, 5.1406071E-03, 3.3488624E+00, 2.7648617E-14, 2.2957622E+00, 1.6425416E+00, 1.2178246E-12, 1.0000000E-04, 0.0000000E+00, 3.0840314E-06, 9.6915969E-05,-7.5522190E-10
 4.6801192E+00,-4.4812661E+01,-6.6833034E+01, 7.5232704E-03, 5.1903624E-03, 3.3602383E+00, 2.7988391E-14, 2.3071177E+00, 1.6425621E+00, 1.1468550E-12, 1.0000000E-04, 0.0000000E+00, 3.1429702E-06, 9.6857030E-05,-8.0847689E-10
 4.6858071E+00,-4.4812600E+01,-6.6831666E+01, 7.4895081E-03, 5.2398844E-03, 3.3716143E+00, 2.8845857E-14, 2.3184748E+00, 1.6425809E+00, 1.0650816E-12, 1.0000000E-04, 0.0000000E+00, 3.2024804E-06, 9.6797520E-05,-8.6163086E-10
 4.6914951E+00,-4.4812544E+01,-6.6830413E+01, 7.4559401E-03, 5.2891699E-03, 3.3829902E+00, 2.8433778E-14, 2.3298336E+00, 1.6425981E+00, 8.7198374E-13, 1.0000000E-04, 0.0000000E+00, 3.2625588E-06, 9.6737441E-05,-9.1473994E-10
 4.6971831E+00,-4.4812492E+01,-6.6829267E+01, 7.4225650E-03, 5.3382161E-03, 3.3943662E+00, 2.8154260E-14, 2.3411938E+00, 1.6426138E+00, 9.8096731E-13, 1.0000000E-04, 0.0000000E+00, 3.3232020E-06, 9.6676798E-05,-9.6774801E-10
 4.7028711E+00,-4.4812445E+01,-6.6828217E+01, 7.3893815E-03, 5.3870201E-03, 3.4057421E+00, 2.8800148E-14, 2.3525553E+00, 1.6426282E+00, 9.7817409E-13, 1.0000000E-04, 0.0000000E+00, 3.3844068E-06, 9.6615593E-05,-1.0206551E-09
 4.7085590E+00,-4.4812402E+01,-6.6827256E+01, 7.3563884E-03, 5.4355793E-03, 3.4171181E+00, 2.7384443E-14, 2.3639181E+00, 1.6426414E+00, 1.1305735E-12, 1.0000000E-04, 0.0000000E+00, 3.4461699E-06, 9.6553830E-05,-1.0734723E-09
 4.7142470E+00,-4.4812362E+01,-6.6826377E+01, 7.3235843E-03, 5.4838911E-03, 3.4284940E+00, 2.7246150E-14, 2.3752819E+00, 1.6426535E+00, 1.2157939E-12, 1.0000000E-04, 0.0000000E+00, 3.5084881E-06, 9.6491512E-05,-1.1261662E-09
 4.7199350E+00,-4.4812326E+01,-6.6825572E+01, 7.2909679E-03, 5.5319532E-03, 3.4398700E+00, 2.6806450E-14, 2.3866468E+00, 1.6426646E+00, 1.1241896E-12, 1.0000000E-04, 0.0000000E+00, 3.5713582E-06, 9.6428642E-05,-1.1787590E-09
 4.7256229E+00,-4.4812293E+01,-6.6824834E+01, 7.2585380E-03, 5.5797632E-03, 3.4512459E+00, 2.6650749E-14, 2.3980126E+00, 1.6426747E+00, 1.1430055E-12, 1.0000000E-04, 0.0000000E+00, 3.6347767E-06, 9.6365223E-05,-1.2312283E-09
 4.7313109E+00,-4.4812263E+01,-6.6824160E+01, 7.2262933E-03, 5.6273190E-03, 3.4626218E+00, 2.5280119E-14, 2.4093793E+00, 1.6426840E+00, 1.4028265E-12, 1.0000000E-04, 0.0000000E+00, 3.6987407E-06, 9.6301259E-05,-1.2835293E-09
 4.7369989E+00,-4.4812235E+01,-6.6823542E+01, 7.1942324E-03, 5.6746185E-03, 3.4739978E+00, 2.6970291E-14, 2.4207468E+00, 1.6426925E+00, 1.2458946E-12, 1.0000000E-04, 0.0000000E+00, 3.7632466E-06, 9.6236753E-05,-1.3357181E-09
 4.7455309E+00,-4.4812198E+01,-6.6822728E+01, 7.1465466E-03, 5.7449751E-03, 3.4910617E+00, 2.4604861E-14, 2.4377995E+00, 1.6427037E+00, 1.2189181E-12, 1.0000000E-04, 0.0000000E+00, 3.8612142E-06, 9.6138786E-05,-1.3218684E-09
 4.7540628E+00,-4.4812166E+01,-6.6822013E+01, 7.0992661E-03, 5.8147432E-03, 3.5081256E+00, 2.5335893E-14, 2.4548536E+00, 1.6427135E+00, 1.1054633E-12, 1.0000000E-04, 0.0000000E+00, 3.9603794E-06, 9.6039621E-05,-1.3081983E-09
 4.7625948E+00,-4.4812137E+01,-6.6821385E+01, 7.0523866E-03, 5.8839173E-03, 3.5251896E+00, 2.1341977E-14, 2.4719089E+00, 1.6427221E+00, 1.4246667E-12, 1.0000000E-04, 0.0000000E+00, 4.0607313E-06, 9.5939269E-05,-1.2945395E-09
 4.7711267E+00,-4.4812112E+01,-6.6820833E+01, 7.0059039E-03, 5.9524921E-03, 3.5422535E+00, 2.4478973E-14, 2.4889652E+00, 1.6427297E+00, 1.4402795E-12, 1.0000000E-04, 0.0000000E+00, 4.1622590E-06, 9.5837741E-05,-1.2809816E-09
 4.7796587E+00,-4.4812090E+01,-6.6820349E+01, 6.9598140E-03, 6.0204626E-03, 3.5593174E+00, 2.3879743E-14, 2.5060225E+00, 1.6427363E+00, 1.5842136E-12, 1.0000000E-04, 0.0000000E+00, 4.2649516E-06, 9.5735048E-05,-1.2674686E-09
 4.7881907E+00,-4.4812071E+01,-6.6819923E+01, 6.9141125E-03, 6.0878245E-03, 3.5763813E+00, 2.3405380E-14, 2.5230806E+00, 1.6427422E+00, 1.7056480E-12, 1.0000000E-04, 0.0000000E+00, 4.3687982E-06, 9.5631202E-05,-1.2540342E-09
 4.7967226E+00,-4.4812054E+01,-6.6819550E+01, 6.8687954E-03, 6.1545735E-03, 3.5934452E+00, 2.6684639E-14, 2.5401393E+00, 1.6427473E+00, 1.6562227E-12, 1.0000000E-04, 0.0000000E+00, 4.4737877E-06, 9.5526212E-05,-1.2406560E-09
 4.8052546E+00,-4.4812039E+01,-6.6819221E+01, 6.8238587E-03, 6.2207059E-03, 3.6105092E+00, 2.8970058E-14, 2.5571988E+00, 1.6427518E+00, 1.6071989E-12, 1.0000000E-04, 0.0000000E+00, 4.5799093E-06, 9.5420091E-05,-1.2273562E-09
 4.8137865E+00,-4.4812026E+01,-6.6818933E+01, 6.7792983E-03, 6.2862181E-03, 3.6275731E+00, 3.2590525E-14, 2.5742587E+00, 1.6427558E+00, 1.4111394E-12, 1.0000000E-04, 0.0000000E+00, 4.6871519E-06, 9.5312848E-05,-1.2141014E-09
 4.8223185E+00,-4.4812015E+01,-6.6818679E+01, 6.7351103E-03, 6.3511069E-03, 3.6446370E+00, 3.5680961E-14, 2.5913192E+00, 1.6427593E+00, 1.3005678E-12, 1.0000000E-04, 0.0000000E+00, 4.7955045E-06, 9.5204495E-05,-1.2009701E-09
 4.8308505E+00,-4.4812005E+01,-6.6818457E+01, 6.6912906E-03, 6.4153695E-03, 3.6617009E+00, 3.5015104E-14, 2.6083800E+00, 1.6427624E+00, 1.2535620E-12, 1.0000000E-04, 0.0000000E+00, 4.9049563E-06, 9.5095044E-05,-1.1879060E-09
 4.8393824E+00,-4.4811996E+01,-6.6818261E+01, 6.6478355E-03, 6.4790031E-03, 3.6787648E+00, 3.7727138E-14, 2.6254412E+00, 1.6427650E+00, 1.1236953E-12, 1.0000000E-04, 0.0000000E+00, 5.0154961E-06, 9.4984504E-05,-1.1749318E-09
 4.8479144E+00,-4.4811988E+01,-6.6818090E+01, 6.6047409E-03, 6.5420055E-03, 3.6958288E+00, 3.7402263E-14, 2.6425028E+00, 1.6427674E+00, 1.2850313E-12, 1.0000000E-04, 0.0000000E+00, 5.1271129E-06, 9.4872887E-05,-1.1620249E-09
 4.8564463E+00,-4.4811981E+01,-6.6817939E+01, 6.5620032E-03, 6.6043743E-03, 3.7128927E+00, 4.0659189E-14, 2.6595647E+00, 1.6427695E+00, 1.1147817E-12, 1.0000000E-04, 0.0000000E+00, 5.2397957E-06, 9.4760204E-05,-1.1492078E-09
 4.8649783E+00,-4.4811975E+01,-6.6817806E+01, 6.5196186E-03, 6.6661079E-03, 3.7299566E+00, 4.1695288E-14, 2.6766268E+00, 1.6427713E+00, 1.0898152E-12, 1.0000000E-04, 0.0000000E+00, 5.3535335E-06, 9.4646467E-05,-1.1364805E-09
 4.8777762E+00,-4.4811968E+01,-6.6817642E+01, 6.4568158E-03, 6.7572604E-03, 3.7555525E+00, 4.4399139E-14, 2.7022204E+00, 1.6427736E+00, 1.0629538E-12, 1.0000000E-04, 0.0000000E+00, 5.5264762E-06, 9.4473524E-05,-1.1432706E-09
 4.8905742E+00,-4.4811962E+01,-6.6817506E+01, 6.3947831E-03, 6.8469755E-03, 3.7811484E+00, 4.5252992E-14, 2.7278144E+00, 1.6427754E+00, 1.6257365E-12, 1.0000000E-04, 0.0000000E+00, 5.7017178E-06, 9.4298282E-05,-1.1499597E-09
 4.9033721E+00,-4.4811956E+01,-6.6817393E+01, 6.3335083E-03, 6.9352501E-03, 3.8067442E+00, 4.5849157E-14, 2.7534087E+00, 1.6427770E+00, 2.0607455E-12, 1.0000000E-04, 0.0000000E+00, 5.8792209E-06, 9.4120779E-05,-1.1565591E-09
 4.9161701E+00,-4.4811952E+01,-6.6817299E+01, 6.2729797E-03, 7.0220816E-03, 3.8323401E+00, 4.9218672E-14, 2.7790033E+00, 1.6427783E+00, 2.0086438E-12, 1.0000000E-04, 0.0000000E+00, 6.0589482E-06, 9.3941052E-05,-1.1630911E-09
 4.9289680E+00,-4.4811949E+01,-6.6817222E+01, 6.2131856E-03, 7.1074686E-03, 3.8579360E+00, 4.7199670E-14, 2.8045981E+00, 1.6427793E+00, 1.9571418E-12, 1.0000000E-04, 0.0000000E+00, 6.2408626E-06, 9.3759137E-05,-1.1695333E-09
 4.9417659E+00,-4.4811946E+01,-6.6817158E+01, 6.1541147E-03, 7.1914107E-03, 3.8835319E+00, 5.0258244E-14, 2.8301931E+00, 1.6427802E+00, 1.5488113E-12, 1.0000000E-04, 0.0000000E+00, 6.4249267E-06, 9.3575073E-05,-1.1759307E-09
 4.9545639E+00,-4.4811943E+01,-6.6817105E+01, 6.0957559E-03, 7.2739079E-03, 3.9091278E+00, 4.8087864E-14, 2.8557883E+00, 1.6427809E+00, 1.7176911E-12, 1.0000000E-04, 0.0000000E+00, 6.6111035E-06, 9.3388897E-05,-1.1821933E-09
 4.9673618E+00,-4.4811941E+01,-6.6817061E+01, 6.0380981E-03, 7.3549615E-03, 3.9347236E+00, 4.7061468E-14, 2.8813835E+00, 1.6427815E+00, 1.7865006E-12, 1.0000000E-04, 0.0000000E+00, 6.7993558E-06, 9.3200644E-05,-1.1884223E-09
 4.9801598E+00,-4.4811940E+01,-6.6817025E+01, 5.9811308E-03, 7.4345731E-03, 3.9603195E+00, 4.7626502E-14, 2.9069789E+00, 1.6427821E+00, 1.7178859E-12, 1.0000000E-04, 0.0000000E+00, 6.9896465E-06, 9.3010354E-05,-1.1945391E-09
 4.9929577E+00,-4.4811938E+01,-6.6816994E+01, 5.9248434E-03, 7.5127454E-03, 3.9859154E+00, 4.8000265E-14, 2.9325744E+00, 1.6427825E+00, 1.6694511E-12, 1.0000000E-04, 0.0000000E+00, 7.1819387E-06, 9.2818061E-05,-1.2005885E-09
 5.0000000E+00,-4.4811938E+01,-6.6816980E+01, 5.8940794E-03, 7.5553321E-03, 4.0000000E+00, 4.7643004E-14, 2.9466588E+00, 1.6427827E+00, 1.7417383E-12, 1.0000000E-04, 0.0000000E+00, 7.2883509E-06, 9.2711649E-05,-1.1974796E-09
