time,h-5,th-5,Sw-5,C-5,Aaw-5,Cs1-5,Cs2-5,Caw1-5,Caw2-5,Ctot-5,h-10,th-10,Sw-10,C-10,Aaw-10,Cs1-10,Cs2-10,Caw1-10,Caw2-10,Ctot-10,h-15,th-15,Sw-15,C-15,Aaw-15,Cs1-15,Cs2-15,Caw1-15,Caw2-15,Ctot-15,h-20,th-20,Sw-20,C-20,Aaw-20,Cs1-20,Cs2-20,Caw1-20,Caw2-20,Ctot-20
  1.000000E-08, -3.000000E+02,  7.133719E-02,  1.987108E-01,  4.140700E-28,  2.496645E+02,  3.468700E-28,  9.394399E-39,  3.481513E-31,  5.802522E-43,  5.647353E-28, -3.000000E+02,  3.002704E-02,  1.021328E-01,  4.140700E-28,  9.576977E+01,  6.011113E-29,  1.628010E-39,  1.335487E-31,  2.225812E-43,  9.932935E-29, -3.000000E+02,  7.133719E-02,  1.987108E-01,  4.140700E-28,  2.496645E+02,  3.468700E-28,  9.394399E-39,  3.481513E-31,  5.802522E-43,  5.647353E-28, -3.000000E+02,  7.133719E-02,  1.987108E-01,  4.140700E-28,  2.496645E+02,  3.468700E-28,  9.394399E-39,  3.481513E-31,  5.802522E-43,  5.647353E-28
  2.000000E-08, -3.000000E+02,  7.133719E-02,  1.987108E-01,  4.140700E-28,  2.496645E+02,  3.468700E-28,  1.878880E-38,  3.481513E-31,  1.160504E-42,  5.647353E-28, -3.000000E+02,  3.002704E-02,  1.021328E-01,  4.140700E-28,  9.576977E+01,  6.011113E-29,  3.256021E-39,  1.335487E-31,  4.451623E-43,  9.932935E-29, -3.000000E+02,  7.133719E-02,  1.987108E-01,  4.140700E-28,  2.496645E+02,  3.468700E-28,  1.878880E-38,  3.481513E-31,  1.160504E-42,  5.647353E-28, -3.000000E+02,  7.133719E-02,  1.987108E-01,  4.140700E-28,  2.496645E+02,  3.468700E-28,  1.878880E-38,  3.481513E-31,  1.160504E-42,  5.647353E-28
  3.500000E-08, -3.000000E+02,  7.133719E-02,  1.987108E-01,  4.140700E-28,  2.496645E+02,  3.468700E-28,  3.288040E-38,  3.481513E-31,  2.030883E-42,  5.647353E-28, -3.000000E+02,  3.002704E-02,  1.021328E-01,  4.140700E-28,  9.576977E+01,  6.011113E-29,  5.698036E-39,  1.335487E-31,  7.790341E-43,  9.932935E-29, -3.000000E+02,  7.133719E-02,  1.987108E-01,  4.140700E-28,  2.496645E+02,  3.468700E-28,  3.288040E-38,  3.481513E-31,  2.030883E-42,  5.647353E-28, -3.000000E+02,  7.133719E-02,  1.987108E-01,  4.140700E-28,  2.496645E+02,  3.468700E-28,  3.288040E-38,  3.481513E-31,  2.030883E-42,  5.647353E-28
  5.750000E-08, -3.000000E+02,  7.133719E-02,  1.987108E-01,  4.140700E-28,  2.496645E+02,  3.468700E-28,  5.401780E-38,  3.481513E-31,  3.336450E-42,  5.647353E-28, -3.000000E+02,  3.002704E-02,  1.021328E-01,  4.140700E-28,  9.576977E+01,  6.011113E-29,  9.361059E-39,  1.335487E-31,  1.279842E-42,  9.932935E-29, -3.000000E+02,  7.133719E-02,  1.987108E-01,  4.140700E-28,  2.496645E+02,  3.468700E-28,  5.401780E-38,  3.481513E-31,  3.336450E-42,  5.647353E-28, -3.000000E+02,  7.133719E-02,  1.987108E-01,  4.140700E-28,  2.496645E+02,  3.468700E-28,  5.401780E-38,  3.481513E-31,  3.336450E-42,  5.647353E-28
  9.125000E-08, -3.000000E+02,  7.133719E-02,  1.987108E-01,  4.140700E-28,  2.496645E+02,  3.468700E-28,  8.572389E-38,  3.481513E-31,  5.294802E-42,  5.647353E-28, -3.000000E+02,  3.002704E-02,  1.021328E-01,  4.140700E-28,  9.576977E+01,  6.011113E-29,  1.485559E-38,  1.335487E-31,  2.031053E-42,  9.932935E-29, -3.000000E+02,  7.133719E-02,  1.987108E-01,  4.140700E-28,  2.496645E+02,  3.468700E-28,  8.572389E-38,  3.481513E-31,  5.294802E-42,  5.647353E-28, -3.000000E+02,  7.133719E-02,  1.987108E-01,  4.140700E-28,  2.496645E+02,  3.468700E-28,  8.572389E-38,  3.481513E-31,  5.294802E-42,  5.647353E-28
  1.418750E-07, -3.000000E+02,  7.133719E-02,  1.987108E-01,  4.140700E-28,  2.496645E+02,  3.468700E-28,  1.332830E-37,  3.481513E-31,  8.232329E-42,  5.647353E-28, -3.000000E+02,  3.002704E-02,  1.021328E-01,  4.140700E-28,  9.576977E+01,  6.011113E-29,  2.309740E-38,  1.335487E-31,  3.157870E-42,  9.932935E-29, -3.000000E+02,  7.133719E-02,  1.987108E-01,  4.140700E-28,  2.496645E+02,  3.468700E-28,  1.332830E-37,  3.481513E-31,  8.232329E-42,  5.647353E-28, -3.000000E+02,  7.133719E-02,  1.987108E-01,  4.140700E-28,  2.496645E+02,  3.468700E-28,  1.332830E-37,  3.481513E-31,  8.232329E-42,  5.647353E-28
  2.178125E-07, -3.000000E+02,  7.133719E-02,  1.987108E-01,  4.140700E-28,  2.496645E+02,  3.468700E-28,  2.046218E-37,  3.481513E-31,  1.263862E-41,  5.647353E-28, -3.000000E+02,  3.002704E-02,  1.021328E-01,  4.140700E-28,  9.576977E+01,  6.011113E-29,  3.546010E-38,  1.335487E-31,  4.848096E-42,  9.932935E-29, -3.000000E+02,  7.133719E-02,  1.987108E-01,  4.140700E-28,  2.496645E+02,  3.468700E-28,  2.046218E-37,  3.481513E-31,  1.263862E-41,  5.647353E-28, -3.000000E+02,  7.133719E-02,  1.987108E-01,  4.140700E-28,  2.496645E+02,  3.468700E-28,  2.046218E-37,  3.481513E-31,  1.263862E-41,  5.647353E-28
  3.317188E-07, -3.000000E+02,  7.133719E-02,  1.987108E-01,  4.140700E-28,  2.496645E+02,  3.468700E-28,  3.116298E-37,  3.481513E-31,  1.924805E-41,  5.647353E-28, -3.000000E+02,  3.002704E-02,  1.021328E-01,  4.140700E-28,  9.576977E+01,  6.011113E-29,  5.400415E-38,  1.335487E-31,  7.383435E-42,  9.932935E-29, -3.000000E+02,  7.133719E-02,  1.987108E-01,  4.140700E-28,  2.496645E+02,  3.468700E-28,  3.116298E-37,  3.481513E-31,  1.924805E-41,  5.647353E-28, -3.000000E+02,  7.133719E-02,  1.987108E-01,  4.140700E-28,  2.496645E+02,  3.468700E-28,  3.116298E-37,  3.481513E-31,  1.924805E-41,  5.647353E-28
  5.025781E-07, -3.000000E+02,  7.133719E-02,  1.987108E-01,  4.140700E-28,  2.496645E+02,  3.468700E-28,  4.721420E-37,  3.481513E-31,  2.916221E-41,  5.647353E-28, -3.000000E+02,  3.002704E-02,  1.021328E-01,  4.140700E-28,  9.576977E+01,  6.011113E-29,  8.182023E-38,  1.335487E-31,  1.118644E-41,  9.932935E-29, -3.000000E+02,  7.133719E-02,  1.987108E-01,  4.140700E-28,  2.496645E+02,  3.468700E-28,  4.721420E-37,  3.481513E-31,  2.916221E-41,  5.647353E-28, -3.000000E+02,  7.133719E-02,  1.987108E-01,  4.140700E-28,  2.496645E+02,  3.468700E-28,  4.721420E-37,  3.481513E-31,  2.916221E-41,  5.647353E-28
  7.588672E-07, -3.000000E+02,  7.133719E-02,  1.987108E-01,  4.140700E-28,  2.496645E+02,  3.468700E-28,  7.129101E-37,  3.481513E-31,  4.403344E-41,  5.647353E-28, -3.000000E+02,  3.002704E-02,  1.021328E-01,  4.140700E-28,  9.576977E+01,  6.011113E-29,  1.235444E-37,  1.335487E-31,  1.689095E-41,  9.932935E-29, -3.000000E+02,  7.133719E-02,  1.987108E-01,  4.140700E-28,  2.496645E+02,  3.468700E-28,  7.129101E-37,  3.481513E-31,  4.403344E-41,  5.647353E-28, -3.000000E+02,  7.133719E-02,  1.987108E-01,  4.140700E-28,  2.496645E+02,  3.468700E-28,  7.129101E-37,  3.481513E-31,  4.403344E-41,  5.647353E-28
  1.143301E-06, -3.000000E+02,  7.133719E-02,  1.987108E-01,  4.140700E-28,  2.496645E+02,  3.468700E-28,  1.074062E-36,  3.481513E-31,  6.634028E-41,  5.647353E-28, -3.000000E+02,  3.002704E-02,  1.021328E-01,  4.140700E-28,  9.576977E+01,  6.011113E-29,  1.861305E-37,  1.335487E-31,  2.544772E-41,  9.932935E-29, -3.000000E+02,  7.133719E-02,  1.987108E-01,  4.140700E-28,  2.496645E+02,  3.468700E-28,  1.074062E-36,  3.481513E-31,  6.634028E-41,  5.647353E-28, -3.000000E+02,  7.133719E-02,  1.987108E-01,  4.140700E-28,  2.496645E+02,  3.468700E-28,  1.074062E-36,  3.481513E-31,  6.634028E-41,  5.647353E-28
  1.719951E-06, -3.000000E+02,  7.133719E-02,  1.987108E-01,  4.140700E-28,  2.496645E+02,  3.468700E-28,  1.615791E-36,  3.481513E-31,  9.980055E-41,  5.647353E-28, -3.000000E+02,  3.002704E-02,  1.021328E-01,  4.140700E-28,  9.576977E+01,  6.011113E-29,  2.800098E-37,  1.335487E-31,  3.828287E-41,  9.932935E-29, -3.000000E+02,  7.133719E-02,  1.987108E-01,  4.140700E-28,  2.496645E+02,  3.468700E-28,  1.615791E-36,  3.481513E-31,  9.980055E-41,  5.647353E-28, -3.000000E+02,  7.133719E-02,  1.987108E-01,  4.140700E-28,  2.496645E+02,  3.468700E-28,  1.615791E-36,  3.481513E-31,  9.980055E-41,  5.647353E-28
  2.584927E-06, -3.000000E+02,  7.133719E-02,  1.987108E-01,  4.140700E-28,  2.496645E+02,  3.468700E-28,  2.428383E-36,  3.481513E-31,  1.499910E-40,  5.647353E-28, -3.000000E+02,  3.002704E-02,  1.021328E-01,  4.140700E-28,  9.576977E+01,  6.011113E-29,  4.208287E-37,  1.335487E-31,  5.753560E-41,  9.932935E-29, -3.000000E+02,  7.133719E-02,  1.987108E-01,  4.140700E-28,  2.496645E+02,  3.468700E-28,  2.428383E-36,  3.481513E-31,  1.499910E-40,  5.647353E-28, -3.000000E+02,  7.133719E-02,  1.987108E-01,  4.140700E-28,  2.496645E+02,  3.468700E-28,  2.428383E-36,  3.481513E-31,  1.499910E-40,  5.647353E-28
  3.882390E-06, -3.000000E+02,  7.133719E-02,  1.987108E-01,  4.140700E-28,  2.496645E+02,  3.468700E-28,  3.647272E-36,  3.481513E-31,  2.252766E-40,  5.647353E-28, -3.000000E+02,  3.002704E-02,  1.021328E-01,  4.140700E-28,  9.576977E+01,  6.011113E-29,  6.320571E-37,  1.335487E-31,  8.641469E-41,  9.932935E-29, -3.000000E+02,  7.133719E-02,  1.987108E-01,  4.140700E-28,  2.496645E+02,  3.468700E-28,  3.647272E-36,  3.481513E-31,  2.252766E-40,  5.647353E-28, -3.000000E+02,  7.133719E-02,  1.987108E-01,  4.140700E-28,  2.496645E+02,  3.468700E-28,  3.647272E-36,  3.481513E-31,  2.252766E-40,  5.647353E-28
  5.828585E-06, -3.000000E+02,  7.133719E-02,  1.987108E-01,  4.140700E-28,  2.496645E+02,  3.468700E-28,  5.475606E-36,  3.481513E-31,  3.382050E-40,  5.647353E-28, -3.000000E+02,  3.002704E-02,  1.021328E-01,  4.140700E-28,  9.576977E+01,  6.011113E-29,  9.488996E-37,  1.335487E-31,  1.297333E-40,  9.932935E-29, -3.000000E+02,  7.133719E-02,  1.987108E-01,  4.140700E-28,  2.496645E+02,  3.468700E-28,  5.475606E-36,  3.481513E-31,  3.382050E-40,  5.647353E-28, -3.000000E+02,  7.133719E-02,  1.987108E-01,  4.140700E-28,  2.496645E+02,  3.468700E-28,  5.475606E-36,  3.481513E-31,  3.382050E-40,  5.647353E-28
  8.747878E-06, -3.000000E+02,  7.133719E-02,  1.987108E-01,  4.140700E-28,  2.496645E+02,  3.468700E-28,  8.218106E-36,  3.481513E-31,  5.075976E-40,  5.647353E-28, -3.000000E+02,  3.002704E-02,  1.021328E-01,  4.140700E-28,  9.576977E+01,  6.011113E-29,  1.424163E-36,  1.335487E-31,  1.947113E-40,  9.932935E-29, -3.000000E+02,  7.133719E-02,  1.987108E-01,  4.140700E-28,  2.496645E+02,  3.468700E-28,  8.218106E-36,  3.481513E-31,  5.075976E-40,  5.647353E-28, -3.000000E+02,  7.133719E-02,  1.987108E-01,  4.140700E-28,  2.496645E+02,  3.468700E-28,  8.218106E-36,  3.481513E-31,  5.075976E-40,  5.647353E-28
  1.312682E-05, -3.000000E+02,  7.133719E-02,  1.987108E-01,  4.140700E-28,  2.496645E+02,  3.468700E-28,  1.233186E-35,  3.481513E-31,  7.616865E-40,  5.647353E-28, -3.000000E+02,  3.002704E-02,  1.021328E-01,  4.140700E-28,  9.576977E+01,  6.011113E-29,  2.137059E-36,  1.335487E-31,  2.921782E-40,  9.932935E-29, -3.000000E+02,  7.133719E-02,  1.987108E-01,  4.140700E-28,  2.496645E+02,  3.468700E-28,  1.233186E-35,  3.481513E-31,  7.616865E-40,  5.647353E-28, -3.000000E+02,  7.133719E-02,  1.987108E-01,  4.140700E-28,  2.496645E+02,  3.468700E-28,  1.233186E-35,  3.481513E-31,  7.616865E-40,  5.647353E-28
  1.969523E-05, -3.000000E+02,  7.133719E-02,  1.987108E-01,  4.140700E-28,  2.496645E+02,  3.468700E-28,  1.850248E-35,  3.481513E-31,  1.142820E-39,  5.647353E-28, -3.000000E+02,  3.002704E-02,  1.021328E-01,  4.140700E-28,  9.576977E+01,  6.011113E-29,  3.206403E-36,  1.335487E-31,  4.383786E-40,  9.932936E-29, -3.000000E+02,  7.133719E-02,  1.987108E-01,  4.140700E-28,  2.496645E+02,  3.468700E-28,  1.850248E-35,  3.481513E-31,  1.142820E-39,  5.647353E-28, -3.000000E+02,  7.133719E-02,  1.987108E-01,  4.140700E-28,  2.496645E+02,  3.468700E-28,  1.850248E-35,  3.481513E-31,  1.142820E-39,  5.647353E-28
  2.954784E-05, -3.000000E+02,  7.133719E-02,  1.987108E-01,  4.140700E-28,  2.496645E+02,  3.468700E-28,  2.775842E-35,  3.481513E-31,  1.714520E-39,  5.647353E-28, -3.000000E+02,  3.002704E-02,  1.021328E-01,  4.140700E-28,  9.576977E+01,  6.011113E-29,  4.810418E-36,  1.335487E-31,  6.576792E-40,  9.932936E-29, -3.000000E+02,  7.133719E-02,  1.987108E-01,  4.140700E-28,  2.496645E+02,  3.468700E-28,  2.775842E-35,  3.481513E-31,  1.714520E-39,  5.647353E-28, -3.000000E+02,  7.133719E-02,  1.987108E-01,  4.140700E-28,  2.496645E+02,  3.468700E-28,  2.775842E-35,  3.481513E-31,  1.714520E-39,  5.647353E-28
  4.432676E-05, -3.000000E+02,  7.133719E-02,  1.987108E-01,  4.140700E-28,  2.496645E+02,  3.468700E-28,  4.164232E-35,  3.481513E-31,  2.572070E-39,  5.647353E-28, -3.000000E+02,  3.002704E-02,  1.021328E-01,  4.140700E-28,  9.576977E+01,  6.011113E-29,  7.216441E-36,  1.335487E-31,  9.866301E-40,  9.932936E-29, -3.000000E+02,  7.133719E-02,  1.987108E-01,  4.140700E-28,  2.496645E+02,  3.468700E-28,  4.164232E-35,  3.481513E-31,  2.572070E-39,  5.647353E-28, -3.000000E+02,  7.133719E-02,  1.987108E-01,  4.140700E-28,  2.496645E+02,  3.468700E-28,  4.164232E-35,  3.481513E-31,  2.572070E-39,  5.647353E-28
  6.649513E-05, -3.000000E+02,  7.133719E-02,  1.987108E-01,  4.140700E-28,  2.496645E+02,  3.468700E-28,  6.246818E-35,  3.481513E-31,  3.858395E-39,  5.647354E-28, -3.000000E+02,  3.002704E-02,  1.021328E-01,  4.140700E-28,  9.576977E+01,  6.011113E-29,  1.082548E-35,  1.335487E-31,  1.480056E-39,  9.932937E-29, -3.000000E+02,  7.133719E-02,  1.987108E-01,  4.140700E-28,  2.496645E+02,  3.468700E-28,  6.246818E-35,  3.481513E-31,  3.858395E-39,  5.647354E-28, -3.000000E+02,  7.133719E-02,  1.987108E-01,  4.140700E-28,  2.496645E+02,  3.468700E-28,  6.246818E-35,  3.481513E-31,  3.858395E-39,  5.647354E-28
  9.974770E-05, -3.000000E+02,  7.133719E-02,  1.987108E-01,  4.140700E-28,  2.496645E+02,  3.468700E-28,  9.370696E-35,  3.481513E-31,  5.787882E-39,  5.647354E-28, -3.000000E+02,  3.002704E-02,  1.021328E-01,  4.140700E-28,  9.576977E+01,  6.011113E-29,  1.623903E-35,  1.335487E-31,  2.220196E-39,  9.932938E-29, -3.000000E+02,  7.133719E-02,  1.987108E-01,  4.140700E-28,  2.496645E+02,  3.468700E-28,  9.370696E-35,  3.481513E-31,  5.787882E-39,  5.647354E-28, -3.000000E+02,  7.133719E-02,  1.987108E-01,  4.140700E-28,  2.496645E+02,  3.468700E-28,  9.370696E-35,  3.481513E-31,  5.787882E-39,  5.647354E-28
  1.496266E-04, -3.000000E+02,  7.133719E-02,  1.987108E-01,  4.140700E-28,  2.496645E+02,  3.468700E-28,  1.405651E-34,  3.481513E-31,  8.682113E-39,  5.647355E-28, -3.000000E+02,  3.002704E-02,  1.021328E-01,  4.140700E-28,  9.576977E+01,  6.011113E-29,  2.435935E-35,  1.335487E-31,  3.330405E-39,  9.932939E-29, -3.000000E+02,  7.133719E-02,  1.987108E-01,  4.140700E-28,  2.496645E+02,  3.468700E-28,  1.405651E-34,  3.481513E-31,  8.682113E-39,  5.647355E-28, -3.000000E+02,  7.133719E-02,  1.987108E-01,  4.140700E-28,  2.496645E+02,  3.468700E-28,  1.405651E-34,  3.481513E-31,  8.682113E-39,  5.647355E-28
  2.244448E-04, -3.000000E+02,  7.133719E-02,  1.987108E-01,  4.140700E-28,  2.496645E+02,  3.468700E-28,  2.108524E-34,  3.481513E-31,  1.302346E-38,  5.647356E-28, -3.000000E+02,  3.002704E-02,  1.021328E-01,  4.140700E-28,  9.576977E+01,  6.011113E-29,  3.653984E-35,  1.335487E-31,  4.995718E-39,  9.932941E-29, -3.000000E+02,  7.133719E-02,  1.987108E-01,  4.140700E-28,  2.496645E+02,  3.468700E-28,  2.108524E-34,  3.481513E-31,  1.302346E-38,  5.647356E-28, -3.000000E+02,  7.133719E-02,  1.987108E-01,  4.140700E-28,  2.496645E+02,  3.468700E-28,  2.108524E-34,  3.481513E-31,  1.302346E-38,  5.647356E-28
  3.366722E-04, -3.000000E+02,  7.133719E-02,  1.987108E-01,  4.140700E-28,  2.496645E+02,  3.468700E-28,  3.162832E-34,  3.481513E-31,  1.953548E-38,  5.647358E-28, -3.000000E+02,  3.002704E-02,  1.021328E-01,  4.140700E-28,  9.576977E+01,  6.011113E-29,  5.481057E-35,  1.335487E-31,  7.493688E-39,  9.932944E-29, -3.000000E+02,  7.133719E-02,  1.987108E-01,  4.140700E-28,  2.496645E+02,  3.468700E-28,  3.162832E-34,  3.481513E-31,  1.953548E-38,  5.647358E-28, -3.000000E+02,  7.133719E-02,  1.987108E-01,  4.140700E-28,  2.496645E+02,  3.468700E-28,  3.162832E-34,  3.481513E-31,  1.953548E-38,  5.647358E-28
  5.050134E-04, -3.000000E+02,  7.133719E-02,  1.987108E-01,  4.140700E-28,  2.496645E+02,  3.468700E-28,  4.744295E-34,  3.481513E-31,  2.930350E-38,  5.647360E-28, -3.000000E+02,  3.002704E-02,  1.021328E-01,  4.140700E-28,  9.576977E+01,  6.011113E-29,  8.221665E-35,  1.335487E-31,  1.124064E-38,  9.932949E-29, -3.000000E+02,  7.133719E-02,  1.987108E-01,  4.140700E-28,  2.496645E+02,  3.468700E-28,  4.744295E-34,  3.481513E-31,  2.930350E-38,  5.647360E-28, -3.000000E+02,  7.133719E-02,  1.987108E-01,  4.140700E-28,  2.496645E+02,  3.468700E-28,  4.744295E-34,  3.481513E-31,  2.930350E-38,  5.647360E-28
  7.575250E-04, -3.000000E+02,  7.133719E-02,  1.987108E-01,  4.140700E-28,  2.496645E+02,  3.468700E-28,  7.116487E-34,  3.481513E-31,  4.395553E-38,  5.647364E-28, -3.000000E+02,  3.002704E-02,  1.021328E-01,  4.140700E-28,  9.576977E+01,  6.011113E-29,  1.233258E-34,  1.335487E-31,  1.686107E-38,  9.932955E-29, -3.000000E+02,  7.133719E-02,  1.987108E-01,  4.140700E-28,  2.496645E+02,  3.468700E-28,  7.116487E-34,  3.481513E-31,  4.395553E-38,  5.647364E-28, -3.000000E+02,  7.133719E-02,  1.987108E-01,  4.140700E-28,  2.496645E+02,  3.468700E-28,  7.116487E-34,  3.481513E-31,  4.395553E-38,  5.647364E-28
  1.136293E-03, -3.000000E+02,  7.133719E-02,  1.987108E-01,  4.140700E-28,  2.496645E+02,  3.468700E-28,  1.067477E-33,  3.481513E-31,  6.593356E-38,  5.647370E-28, -3.000000E+02,  3.002704E-02,  1.021328E-01,  4.140700E-28,  9.576977E+01,  6.011113E-29,  1.849894E-34,  1.335487E-31,  2.529171E-38,  9.932966E-29, -3.000000E+02,  7.133719E-02,  1.987108E-01,  4.140700E-28,  2.496645E+02,  3.468700E-28,  1.067477E-33,  3.481513E-31,  6.593356E-38,  5.647370E-28, -3.000000E+02,  7.133719E-02,  1.987108E-01,  4.140700E-28,  2.496645E+02,  3.468700E-28,  1.067477E-33,  3.481513E-31,  6.593356E-38,  5.647370E-28
  1.704444E-03, -3.000000E+02,  7.133719E-02,  1.987108E-01,  4.140738E-28,  2.496645E+02,  3.468728E-28,  1.601224E-33,  3.481546E-31,  9.890089E-38,  5.647424E-28, -3.000000E+02,  3.002704E-02,  1.021328E-01,  4.140700E-28,  9.576977E+01,  6.011113E-29,  2.774847E-34,  1.335487E-31,  3.793765E-38,  9.932981E-29, -3.000000E+02,  7.133719E-02,  1.987108E-01,  4.140700E-28,  2.496645E+02,  3.468700E-28,  1.601220E-33,  3.481513E-31,  9.890058E-38,  5.647379E-28, -3.000000E+02,  7.133719E-02,  1.987108E-01,  4.140700E-28,  2.496645E+02,  3.468700E-28,  1.601220E-33,  3.481513E-31,  9.890058E-38,  5.647379E-28
  2.556671E-03, -3.000000E+02,  7.133719E-02,  1.987108E-01,  4.143984E-28,  2.496645E+02,  3.471094E-28,  2.402389E-33,  3.484275E-31,  1.483906E-37,  5.651288E-28, -3.000000E+02,  3.002704E-02,  1.021328E-01,  4.140700E-28,  9.576977E+01,  6.011113E-29,  4.162275E-34,  1.335487E-31,  5.690655E-38,  9.933004E-29, -3.000000E+02,  7.133719E-02,  1.987108E-01,  4.140700E-28,  2.496645E+02,  3.468700E-28,  2.401832E-33,  3.481513E-31,  1.483511E-37,  5.647392E-28, -3.000000E+02,  7.133719E-02,  1.987108E-01,  4.140700E-28,  2.496645E+02,  3.468700E-28,  2.401832E-33,  3.481513E-31,  1.483511E-37,  5.647392E-28
  3.835011E-03, -3.000000E+02,  7.133719E-02,  1.987108E-01,  4.466403E-28,  2.496645E+02,  3.704896E-28,  3.685079E-33,  3.755366E-31,  2.284007E-37,  6.032000E-28, -3.000000E+02,  3.002704E-02,  1.021328E-01,  4.140700E-28,  9.576977E+01,  6.011113E-29,  6.243412E-34,  1.335487E-31,  8.535983E-38,  9.933038E-29, -3.000000E+02,  7.133719E-02,  1.987108E-01,  4.140700E-28,  2.496645E+02,  3.468700E-28,  3.602748E-33,  3.481513E-31,  2.225266E-37,  5.647411E-28, -3.000000E+02,  7.133719E-02,  1.987108E-01,  4.140700E-28,  2.496645E+02,  3.468700E-28,  3.602748E-33,  3.481513E-31,  2.225266E-37,  5.647411E-28
  5.752522E-03, -3.000000E+02,  7.133719E-02,  1.987108E-01,  9.872355E-27,  2.496645E+02,  5.475940E-27,  3.212294E-32,  8.300707E-30,  2.881175E-36,  8.918412E-27, -3.000000E+02,  3.002704E-02,  1.021328E-01,  4.140700E-28,  9.576977E+01,  6.011113E-29,  9.365106E-34,  1.335487E-31,  1.280396E-37,  9.933090E-29, -3.000000E+02,  7.133719E-02,  1.987108E-01,  4.140700E-28,  2.496645E+02,  3.468700E-28,  5.404115E-33,  3.481513E-31,  3.337896E-37,  5.647440E-28, -3.000000E+02,  7.133719E-02,  1.987108E-01,  4.140700E-28,  2.496645E+02,  3.468700E-28,  5.404115E-33,  3.481513E-31,  3.337896E-37,  5.647440E-28
  7.670032E-03, -3.000000E+02,  7.133719E-02,  1.987108E-01,  4.755397E-25,  2.496645E+02,  1.593915E-25,  8.598813E-31,  3.998353E-28,  1.306622E-34,  2.597651E-25, -3.000000E+02,  3.002704E-02,  1.021328E-01,  4.140700E-28,  9.576977E+01,  6.011113E-29,  1.248679E-33,  1.335487E-31,  1.707193E-37,  9.933141E-29, -3.000000E+02,  7.133719E-02,  1.987108E-01,  4.140700E-28,  2.496645E+02,  3.468700E-28,  7.205476E-33,  3.481513E-31,  4.450523E-37,  5.647470E-28, -3.000000E+02,  7.133719E-02,  1.987108E-01,  4.140700E-28,  2.496645E+02,  3.468700E-28,  7.205476E-33,  3.481513E-31,  4.450523E-37,  5.647470E-28
  9.587543E-03, -3.000000E+02,  7.133719E-02,  1.987108E-01,  1.228969E-23,  2.496645E+02,  2.699064E-24,  1.487677E-29,  1.033321E-26,  3.432992E-33,  4.402611E-24, -3.000000E+02,  3.002704E-02,  1.021328E-01,  4.140700E-28,  9.576977E+01,  6.011113E-29,  1.560846E-33,  1.335487E-31,  2.133989E-37,  9.933193E-29, -3.000000E+02,  7.133719E-02,  1.987108E-01,  4.140700E-28,  2.496645E+02,  3.468700E-28,  9.006831E-33,  3.481513E-31,  5.563147E-37,  5.647499E-28, -3.000000E+02,  7.133719E-02,  1.987108E-01,  4.140700E-28,  2.496645E+02,  3.468700E-28,  9.006831E-33,  3.481513E-31,  5.563147E-37,  5.647499E-28
  1.150505E-02, -2.999999E+02,  7.133719E-02,  1.987108E-01,  2.054428E-22,  2.496645E+02,  3.128627E-23,  1.773538E-28,  1.727369E-25,  5.863698E-32,  5.109044E-23, -3.000000E+02,  3.002704E-02,  1.021328E-01,  4.140700E-28,  9.576977E+01,  6.011113E-29,  1.873012E-33,  1.335487E-31,  2.560783E-37,  9.933244E-29, -3.000000E+02,  7.133719E-02,  1.987108E-01,  4.140700E-28,  2.496645E+02,  3.468700E-28,  1.080818E-32,  3.481513E-31,  6.675768E-37,  5.647528E-28, -3.000000E+02,  7.133719E-02,  1.987108E-01,  4.140700E-28,  2.496645E+02,  3.468700E-28,  1.080818E-32,  3.481513E-31,  6.675768E-37,  5.647528E-28
  1.342256E-02, -2.999997E+02,  7.133719E-02,  1.987108E-01,  2.787328E-21,  2.496645E+02,  3.024309E-22,  1.747950E-27,  2.343593E-24,  8.076122E-31,  4.946004E-22, -3.000000E+02,  3.002704E-02,  1.021328E-01,  4.140700E-28,  9.576977E+01,  6.011113E-29,  2.185178E-33,  1.335487E-31,  2.987576E-37,  9.933296E-29, -3.000000E+02,  7.133719E-02,  1.987108E-01,  4.140700E-28,  2.496645E+02,  3.468700E-28,  1.260952E-32,  3.481513E-31,  7.788385E-37,  5.647558E-28, -3.000000E+02,  7.133719E-02,  1.987108E-01,  4.140700E-28,  2.496645E+02,  3.468700E-28,  1.260952E-32,  3.481513E-31,  7.788385E-37,  5.647558E-28
  1.534007E-02, -2.999991E+02,  7.133720E-02,  1.987109E-01,  3.520649E-20,  2.496645E+02,  2.747100E-21,  1.601430E-26,  2.960172E-23,  1.026785E-29,  4.501671E-21, -3.000000E+02,  3.002704E-02,  1.021328E-01,  4.140700E-28,  9.576977E+01,  6.011113E-29,  2.497342E-33,  1.335487E-31,  3.414368E-37,  9.933347E-29, -3.000000E+02,  7.133719E-02,  1.987108E-01,  4.140700E-28,  2.496645E+02,  3.468700E-28,  1.441086E-32,  3.481513E-31,  8.900999E-37,  5.647587E-28, -3.000000E+02,  7.133719E-02,  1.987108E-01,  4.140700E-28,  2.496645E+02,  3.468700E-28,  1.441086E-32,  3.481513E-31,  8.900999E-37,  5.647587E-28
  1.725759E-02, -2.999974E+02,  7.133722E-02,  1.987109E-01,  4.065662E-19,  2.496644E+02,  2.308112E-20,  1.358801E-25,  3.418420E-22,  1.195151E-28,  3.792405E-20, -3.000000E+02,  3.002704E-02,  1.021328E-01,  4.140700E-28,  9.576977E+01,  6.011113E-29,  2.809505E-33,  1.335487E-31,  3.841159E-37,  9.933399E-29, -3.000000E+02,  7.133719E-02,  1.987108E-01,  4.140700E-28,  2.496645E+02,  3.468700E-28,  1.621219E-32,  3.481513E-31,  1.001361E-36,  5.647616E-28, -3.000000E+02,  7.133719E-02,  1.987108E-01,  4.140700E-28,  2.496645E+02,  3.468700E-28,  1.621219E-32,  3.481513E-31,  1.001361E-36,  5.647616E-28
  1.917510E-02, -2.999926E+02,  7.133729E-02,  1.987111E-01,  3.981482E-18,  2.496641E+02,  1.680163E-19,  1.008429E-24,  3.347637E-21,  1.189367E-27,  2.769959E-19, -3.000000E+02,  3.002704E-02,  1.021328E-01,  4.140700E-28,  9.576977E+01,  6.011113E-29,  3.121666E-33,  1.335487E-31,  4.267948E-37,  9.933450E-29, -3.000000E+02,  7.133719E-02,  1.987108E-01,  4.140700E-28,  2.496645E+02,  3.468700E-28,  1.801351E-32,  3.481513E-31,  1.112622E-36,  5.647646E-28, -3.000000E+02,  7.133719E-02,  1.987108E-01,  4.140700E-28,  2.496645E+02,  3.468700E-28,  1.801351E-32,  3.481513E-31,  1.112622E-36,  5.647646E-28
  2.109261E-02, -2.999801E+02,  7.133745E-02,  1.987116E-01,  3.239821E-17,  2.496635E+02,  1.041036E-18,  6.414778E-24,  2.724040E-20,  9.894963E-27,  1.723328E-18, -3.000000E+02,  3.002704E-02,  1.021328E-01,  4.140700E-28,  9.576977E+01,  6.011113E-29,  3.433827E-33,  1.335487E-31,  4.694737E-37,  9.933502E-29, -3.000000E+02,  7.133719E-02,  1.987108E-01,  4.140700E-28,  2.496645E+02,  3.468700E-28,  1.981483E-32,  3.481513E-31,  1.223882E-36,  5.647675E-28, -3.000000E+02,  7.133719E-02,  1.987108E-01,  4.140700E-28,  2.496645E+02,  3.468700E-28,  1.981483E-32,  3.481513E-31,  1.223882E-36,  5.647675E-28
  2.301012E-02, -2.999500E+02,  7.133786E-02,  1.987127E-01,  2.276660E-16,  2.496618E+02,  5.677564E-18,  3.589972E-23,  1.914202E-19,  7.106981E-26,  9.445117E-18, -3.000000E+02,  3.002704E-02,  1.021328E-01,  4.140700E-28,  9.576977E+01,  6.011113E-29,  3.745987E-33,  1.335487E-31,  5.121524E-37,  9.933553E-29, -3.000000E+02,  7.133719E-02,  1.987108E-01,  4.140700E-28,  2.496645E+02,  3.468700E-28,  2.161614E-32,  3.481513E-31,  1.335142E-36,  5.647704E-28, -3.000000E+02,  7.133719E-02,  1.987108E-01,  4.140700E-28,  2.496645E+02,  3.468700E-28,  2.161614E-32,  3.481513E-31,  1.335142E-36,  5.647704E-28
  2.492763E-02, -2.998790E+02,  7.133881E-02,  1.987153E-01,  1.476324E-15,  2.496580E+02,  2.887358E-17,  1.858470E-22,  1.241265E-18,  4.677583E-25,  4.832420E-17, -3.000000E+02,  3.002704E-02,  1.021328E-01,  4.140700E-28,  9.576977E+01,  6.011113E-29,  4.058146E-33,  1.335487E-31,  5.548310E-37,  9.933605E-29, -3.000000E+02,  7.133719E-02,  1.987108E-01,  4.140700E-28,  2.496645E+02,  3.468700E-28,  2.341745E-32,  3.481513E-31,  1.446402E-36,  5.647734E-28, -3.000000E+02,  7.133719E-02,  1.987108E-01,  4.140700E-28,  2.496645E+02,  3.468700E-28,  2.341745E-32,  3.481513E-31,  1.446402E-36,  5.647734E-28
  2.684514E-02, -2.997111E+02,  7.134106E-02,  1.987216E-01,  9.358610E-15,  2.496489E+02,  1.439682E-16,  9.335079E-22,  7.868255E-18,  2.982327E-24,  2.427737E-16, -3.000000E+02,  3.002704E-02,  1.021328E-01,  4.140700E-28,  9.576977E+01,  6.011113E-29,  4.370303E-33,  1.335487E-31,  5.975094E-37,  9.933656E-29, -3.000000E+02,  7.133719E-02,  1.987108E-01,  4.140700E-28,  2.496645E+02,  3.468700E-28,  2.521874E-32,  3.481513E-31,  1.557662E-36,  5.647763E-28, -3.000000E+02,  7.133719E-02,  1.987108E-01,  4.140700E-28,  2.496645E+02,  3.468700E-28,  2.521874E-32,  3.481513E-31,  1.557662E-36,  5.647763E-28
  2.876265E-02, -2.993139E+02,  7.134640E-02,  1.987365E-01,  5.837019E-14,  2.496273E+02,  7.077810E-16,  4.609182E-21,  4.907051E-17,  1.866448E-23,  1.204802E-15, -3.000000E+02,  3.002704E-02,  1.021328E-01,  4.140700E-28,  9.576977E+01,  6.011113E-29,  4.682460E-33,  1.335487E-31,  6.401877E-37,  9.933708E-29, -3.000000E+02,  7.133719E-02,  1.987108E-01,  4.140700E-28,  2.496645E+02,  3.468700E-28,  2.702004E-32,  3.481513E-31,  1.668921E-36,  5.647792E-28, -3.000000E+02,  7.133719E-02,  1.987108E-01,  4.140700E-28,  2.496645E+02,  3.468700E-28,  2.702004E-32,  3.481513E-31,  1.668921E-36,  5.647792E-28
  3.068016E-02, -2.984031E+02,  7.135876E-02,  1.987709E-01,  3.420236E-13,  2.495772E+02,  3.295652E-15,  2.172428E-20,  2.874739E-16,  1.105365E-22,  5.673942E-15, -3.000000E+02,  3.002704E-02,  1.021328E-01,  4.140700E-28,  9.576977E+01,  6.011113E-29,  4.994615E-33,  1.335487E-31,  6.828660E-37,  9.933759E-29, -3.000000E+02,  7.133719E-02,  1.987108E-01,  4.140700E-28,  2.496645E+02,  3.468700E-28,  2.882132E-32,  3.481513E-31,  1.780180E-36,  5.647821E-28, -3.000000E+02,  7.133719E-02,  1.987108E-01,  4.140700E-28,  2.496645E+02,  3.468700E-28,  2.882132E-32,  3.481513E-31,  1.780180E-36,  5.647821E-28
  3.259767E-02, -2.964558E+02,  7.138568E-02,  1.988459E-01,  1.784475E-12,  2.494682E+02,  1.387160E-14,  9.376279E-20,  1.499212E-15,  5.896607E-22,  2.419585E-14, -3.000000E+02,  3.002704E-02,  1.021328E-01,  4.140700E-28,  9.576977E+01,  6.011113E-29,  5.306769E-33,  1.335487E-31,  7.255440E-37,  9.933811E-29, -3.000000E+02,  7.133719E-02,  1.987108E-01,  4.140700E-28,  2.496645E+02,  3.468700E-28,  3.062260E-32,  3.481513E-31,  1.891438E-36,  5.647851E-28, -3.000000E+02,  7.133719E-02,  1.987108E-01,  4.140700E-28,  2.496645E+02,  3.468700E-28,  3.062260E-32,  3.481513E-31,  1.891438E-36,  5.647851E-28
  3.451518E-02, -2.926976E+02,  7.143970E-02,  1.989964E-01,  8.028455E-12,  2.492495E+02,  5.132659E-14,  3.603138E-19,  6.739128E-15,  2.743378E-21,  9.082163E-14, -3.000000E+02,  3.002704E-02,  1.021328E-01,  4.140700E-28,  9.576977E+01,  6.011113E-29,  5.618923E-33,  1.335487E-31,  7.682220E-37,  9.933862E-29, -3.000000E+02,  7.133719E-02,  1.987108E-01,  4.140700E-28,  2.496645E+02,  3.468700E-28,  3.242388E-32,  3.481513E-31,  2.002697E-36,  5.647880E-28, -3.000000E+02,  7.133719E-02,  1.987108E-01,  4.140700E-28,  2.496645E+02,  3.468700E-28,  3.242388E-32,  3.481513E-31,  2.002697E-36,  5.647880E-28
  3.643269E-02, -2.863062E+02,  7.153820E-02,  1.992708E-01,  3.081604E-11,  2.488631E+02,  1.654049E-13,  1.219300E-18,  2.582705E-14,  1.099729E-20,  2.971474E-13, -3.000000E+02,  3.002704E-02,  1.021328E-01,  4.140700E-28,  9.576977E+01,  6.011113E-29,  5.931075E-33,  1.335487E-31,  8.108998E-37,  9.933914E-29, -3.000000E+02,  7.133719E-02,  1.987108E-01,  4.140700E-28,  2.496645E+02,  3.468700E-28,  3.422514E-32,  3.481513E-31,  2.113954E-36,  5.647909E-28, -3.000000E+02,  7.133719E-02,  1.987108E-01,  4.140700E-28,  2.496645E+02,  3.468700E-28,  3.422514E-32,  3.481513E-31,  2.113954E-36,  5.647909E-28
  3.835020E-02, -2.768567E+02,  7.170097E-02,  1.997241E-01,  1.012546E-10,  2.482389E+02,  4.656114E-13,  3.637328E-18,  8.464906E-14,  3.804975E-20,  8.494647E-13, -3.000000E+02,  3.002704E-02,  1.021328E-01,  4.140700E-28,  9.576977E+01,  6.011113E-29,  6.243226E-33,  1.335487E-31,  8.535776E-37,  9.933965E-29, -3.000000E+02,  7.133719E-02,  1.987108E-01,  4.140700E-28,  2.496645E+02,  3.468700E-28,  3.602641E-32,  3.481513E-31,  2.225212E-36,  5.647939E-28, -3.000000E+02,  7.133719E-02,  1.987108E-01,  4.140700E-28,  2.496645E+02,  3.468700E-28,  3.602641E-32,  3.481513E-31,  2.225212E-36,  5.647939E-28
  4.026771E-02, -2.646916E+02,  7.194614E-02,  2.004071E-01,  2.883372E-10,  2.473361E+02,  1.157247E-12,  9.647181E-18,  2.401739E-13,  1.148054E-19,  2.143776E-12, -3.000000E+02,  3.002704E-02,  1.021328E-01,  4.140700E-28,  9.576977E+01,  6.011113E-29,  6.555376E-33,  1.335487E-31,  8.962552E-37,  9.934017E-29, -3.000000E+02,  7.133719E-02,  1.987108E-01,  4.140700E-28,  2.496645E+02,  3.468700E-28,  3.782766E-32,  3.481513E-31,  2.336469E-36,  5.647968E-28, -3.000000E+02,  7.133719E-02,  1.987108E-01,  4.140700E-28,  2.496645E+02,  3.468700E-28,  3.782766E-32,  3.481513E-31,  2.336469E-36,  5.647968E-28
  4.218522E-02, -2.508193E+02,  7.228671E-02,  2.013557E-01,  7.240719E-10,  2.461416E+02,  2.578236E-12,  2.303655E-17,  6.002113E-13,  3.066231E-19,  4.847380E-12, -3.000000E+02,  3.002704E-02,  1.021328E-01,  4.140700E-28,  9.576977E+01,  6.011113E-29,  6.867525E-33,  1.335487E-31,  9.389326E-37,  9.934068E-29, -3.000000E+02,  7.133719E-02,  1.987108E-01,  4.140700E-28,  2.496645E+02,  3.468700E-28,  3.962891E-32,  3.481513E-31,  2.447726E-36,  5.647997E-28, -3.000000E+02,  7.133719E-02,  1.987108E-01,  4.140700E-28,  2.496645E+02,  3.468700E-28,  3.962891E-32,  3.481513E-31,  2.447726E-36,  5.647997E-28
  4.410273E-02, -2.364319E+02,  7.272922E-02,  2.025884E-01,  1.633952E-09,  2.446756E+02,  5.233965E-12,  5.021771E-17,  1.346379E-12,  7.369037E-19,  9.980958E-12, -3.000000E+02,  3.002704E-02,  1.021328E-01,  4.140700E-28,  9.576977E+01,  6.011113E-29,  7.179673E-33,  1.335487E-31,  9.816100E-37,  9.934120E-29, -3.000000E+02,  7.133719E-02,  1.987108E-01,  4.140700E-28,  2.496645E+02,  3.468700E-28,  4.143015E-32,  3.481513E-31,  2.558983E-36,  5.648027E-28, -3.000000E+02,  7.133719E-02,  1.987108E-01,  4.140700E-28,  2.496645E+02,  3.468700E-28,  4.143015E-32,  3.481513E-31,  2.558983E-36,  5.648027E-28
  4.602024E-02, -2.224856E+02,  7.327395E-02,  2.041057E-01,  3.372490E-09,  2.429767E+02,  9.831724E-12,  1.012761E-16,  2.759642E-12,  1.618839E-18,  1.900314E-11, -3.000000E+02,  3.002704E-02,  1.021328E-01,  4.140700E-28,  9.576977E+01,  6.011113E-29,  7.491819E-33,  1.335487E-31,  1.024287E-36,  9.934171E-29, -3.000000E+02,  7.133719E-02,  1.987108E-01,  4.140700E-28,  2.496645E+02,  3.468700E-28,  4.323139E-32,  3.481513E-31,  2.670239E-36,  5.648056E-28, -3.000000E+02,  7.133719E-02,  1.987108E-01,  4.140700E-28,  2.496645E+02,  3.468700E-28,  4.323139E-32,  3.481513E-31,  2.670239E-36,  5.648056E-28
  4.793775E-02, -2.095643E+02,  7.391564E-02,  2.058931E-01,  6.464555E-09,  2.410916E+02,  1.731734E-11,  1.912088E-16,  5.248778E-12,  3.296261E-18,  3.390224E-11, -3.000000E+02,  3.002704E-02,  1.021328E-01,  4.140700E-28,  9.576977E+01,  6.011113E-29,  7.803965E-33,  1.335487E-31,  1.066964E-36,  9.934223E-29, -3.000000E+02,  7.133719E-02,  1.987108E-01,  4.140700E-28,  2.496645E+02,  3.468700E-28,  4.503262E-32,  3.481513E-31,  2.781495E-36,  5.648085E-28, -3.000000E+02,  7.133719E-02,  1.987108E-01,  4.140700E-28,  2.496645E+02,  3.468700E-28,  4.503262E-32,  3.481513E-31,  2.781495E-36,  5.648085E-28
  4.985527E-02, -1.979366E+02,  7.464415E-02,  2.079224E-01,  1.165367E-08,  2.390735E+02,  2.891579E-11,  3.413749E-16,  9.382778E-12,  6.294839E-18,  5.729921E-11, -3.000000E+02,  3.002704E-02,  1.021328E-01,  4.140700E-28,  9.576977E+01,  6.011113E-29,  8.116110E-33,  1.335487E-31,  1.109641E-36,  9.934274E-29, -3.000000E+02,  7.133719E-02,  1.987108E-01,  4.140700E-28,  2.496645E+02,  3.468700E-28,  4.683384E-32,  3.481513E-31,  2.892751E-36,  5.648115E-28, -3.000000E+02,  7.133719E-02,  1.987108E-01,  4.140700E-28,  2.496645E+02,  3.468700E-28,  4.683384E-32,  3.481513E-31,  2.892751E-36,  5.648115E-28
  5.177278E-02, -1.876631E+02,  7.544545E-02,  2.101545E-01,  1.995827E-08,  2.369728E+02,  4.617635E-11,  5.811786E-16,  1.592791E-11,  1.138513E-17,  9.256355E-11, -3.000000E+02,  3.002704E-02,  1.021328E-01,  4.140700E-28,  9.576977E+01,  6.011113E-29,  8.428253E-33,  1.335487E-31,  1.152318E-36,  9.934326E-29, -3.000000E+02,  7.133719E-02,  1.987108E-01,  4.140700E-28,  2.496645E+02,  3.468700E-28,  4.863506E-32,  3.481513E-31,  3.004006E-36,  5.648144E-28, -3.000000E+02,  7.133719E-02,  1.987108E-01,  4.140700E-28,  2.496645E+02,  3.468700E-28,  4.863506E-32,  3.481513E-31,  3.004006E-36,  5.648144E-28
  5.369029E-02, -1.786831E+02,  7.630328E-02,  2.125440E-01,  3.273570E-08,  2.348357E+02,  7.102013E-11,  9.500013E-16,  2.588947E-11,  1.965896E-17,  1.439386E-10, -3.000000E+02,  3.002704E-02,  1.021328E-01,  4.140700E-28,  9.576977E+01,  6.011113E-29,  8.740396E-33,  1.335487E-31,  1.194995E-36,  9.934377E-29, -3.000000E+02,  7.133719E-02,  1.987108E-01,  4.140700E-28,  2.496645E+02,  3.468700E-28,  5.043627E-32,  3.481513E-31,  3.115261E-36,  5.648173E-28, -3.000000E+02,  7.133719E-02,  1.987108E-01,  4.140700E-28,  2.496645E+02,  3.468700E-28,  5.043627E-32,  3.481513E-31,  3.115261E-36,  5.648173E-28
  5.560780E-02, -1.708723E+02,  7.720135E-02,  2.150455E-01,  5.175103E-08,  2.327005E+02,  1.057845E-10,  1.499362E-15,  4.055587E-11,  3.261992E-17,  2.166650E-10, -3.000000E+02,  3.002704E-02,  1.021328E-01,  4.140700E-28,  9.576977E+01,  6.011113E-29,  9.052537E-33,  1.335487E-31,  1.237672E-36,  9.934429E-29, -3.000000E+02,  7.133719E-02,  1.987108E-01,  4.140700E-28,  2.496645E+02,  3.468700E-28,  5.223748E-32,  3.481513E-31,  3.226516E-36,  5.648202E-28, -3.000000E+02,  7.133719E-02,  1.987108E-01,  4.140700E-28,  2.496645E+02,  3.468700E-28,  5.223748E-32,  3.481513E-31,  3.226516E-36,  5.648202E-28
  5.752531E-02, -1.640796E+02,  7.812545E-02,  2.176197E-01,  7.924602E-08,  2.305951E+02,  1.532580E-10,  2.295263E-15,  6.154107E-11,  5.228738E-17,  3.170867E-10, -3.000000E+02,  3.002704E-02,  1.021328E-01,  4.140700E-28,  9.576977E+01,  6.011113E-29,  9.364677E-33,  1.335487E-31,  1.280348E-36,  9.934480E-29, -3.000000E+02,  7.133719E-02,  1.987108E-01,  4.140700E-28,  2.496645E+02,  3.468700E-28,  5.403868E-32,  3.481513E-31,  3.337770E-36,  5.648232E-28, -3.000000E+02,  7.133719E-02,  1.987108E-01,  4.140700E-28,  2.496645E+02,  3.468700E-28,  5.403868E-32,  3.481513E-31,  3.337770E-36,  5.648232E-28
  5.944282E-02, -1.581524E+02,  7.906447E-02,  2.202353E-01,  1.180037E-07,  2.285368E+02,  2.167014E-10,  3.420637E-15,  9.082159E-11,  8.131238E-17,  4.527303E-10, -3.000000E+02,  3.002704E-02,  1.021328E-01,  4.140700E-28,  9.576977E+01,  6.011113E-29,  9.676816E-33,  1.335487E-31,  1.323024E-36,  9.934532E-29, -3.000000E+02,  7.133719E-02,  1.987108E-01,  4.140700E-28,  2.496645E+02,  3.468700E-28,  5.583987E-32,  3.481513E-31,  3.449024E-36,  5.648261E-28, -3.000000E+02,  7.133719E-02,  1.987108E-01,  4.140700E-28,  2.496645E+02,  3.468700E-28,  5.583987E-32,  3.481513E-31,  3.449024E-36,  5.648261E-28
  6.136033E-02, -1.529518E+02,  8.001027E-02,  2.228698E-01,  1.714053E-07,  2.265351E+02,  2.998567E-10,  4.977854E-15,  1.307667E-10,  1.231031E-16,  6.323560E-10, -3.000000E+02,  3.002704E-02,  1.021328E-01,  4.140700E-28,  9.576977E+01,  6.011113E-29,  9.988954E-33,  1.335487E-31,  1.365701E-36,  9.934583E-29, -3.000000E+02,  7.133719E-02,  1.987108E-01,  4.140700E-28,  2.496645E+02,  3.468700E-28,  5.764105E-32,  3.481513E-31,  3.560278E-36,  5.648290E-28, -3.000000E+02,  7.133719E-02,  1.987108E-01,  4.140700E-28,  2.496645E+02,  3.468700E-28,  5.764105E-32,  3.481513E-31,  3.560278E-36,  5.648290E-28
  6.327784E-02, -1.483585E+02,  8.095708E-02,  2.255072E-01,  2.434801E-07,  2.245941E+02,  4.069451E-10,  7.091201E-15,  1.841616E-10,  1.819579E-16,  8.659845E-10, -3.000000E+02,  3.002704E-02,  1.021328E-01,  4.140700E-28,  9.576977E+01,  6.011113E-29,  1.030109E-32,  1.335487E-31,  1.408377E-36,  9.934635E-29, -3.000000E+02,  7.133719E-02,  1.987108E-01,  4.140700E-28,  2.496645E+02,  3.468700E-28,  5.944223E-32,  3.481513E-31,  3.671531E-36,  5.648320E-28, -3.000000E+02,  7.133719E-02,  1.987108E-01,  4.140700E-28,  2.496645E+02,  3.468700E-28,  5.944223E-32,  3.481513E-31,  3.671531E-36,  5.648320E-28
  6.519535E-02, -1.442742E+02,  8.190081E-02,  2.281360E-01,  3.389461E-07,  2.227151E+02,  5.426580E-10,  9.909330E-15,  2.542247E-10,  2.632036E-16,  1.164906E-09, -3.000000E+02,  3.002704E-02,  1.021328E-01,  4.140700E-28,  9.576977E+01,  6.011113E-29,  1.061323E-32,  1.335487E-31,  1.451053E-36,  9.934686E-29, -3.000000E+02,  7.133719E-02,  1.987108E-01,  4.140700E-28,  2.496645E+02,  3.468700E-28,  6.124341E-32,  3.481513E-31,  3.782785E-36,  5.648349E-28, -3.000000E+02,  7.133719E-02,  1.987108E-01,  4.140700E-28,  2.496645E+02,  3.468700E-28,  6.124341E-32,  3.481513E-31,  3.782785E-36,  5.648349E-28
  6.711286E-02, -1.406186E+02,  8.283849E-02,  2.307479E-01,  4.632438E-07,  2.208974E+02,  7.121427E-10,  1.360762E-14,  3.446178E-10,  3.733372E-16,  1.541671E-09, -3.000000E+02,  3.002704E-02,  1.021328E-01,  4.140700E-28,  9.576977E+01,  6.011113E-29,  1.092536E-32,  1.335487E-31,  1.493729E-36,  9.934738E-29, -3.000000E+02,  7.133719E-02,  1.987108E-01,  4.140700E-28,  2.496645E+02,  3.468700E-28,  6.304458E-32,  3.481513E-31,  3.894037E-36,  5.648378E-28, -3.000000E+02,  7.133719E-02,  1.987108E-01,  4.140700E-28,  2.496645E+02,  3.468700E-28,  6.304458E-32,  3.481513E-31,  3.894037E-36,  5.648378E-28
  6.903037E-02, -1.373266E+02,  8.376796E-02,  2.333369E-01,  6.225611E-07,  2.191396E+02,  9.209816E-10,  1.839046E-14,  4.594521E-10,  5.201698E-16,  2.010070E-09, -3.000000E+02,  3.002704E-02,  1.021328E-01,  4.140700E-28,  9.576977E+01,  6.011113E-29,  1.123750E-32,  1.335487E-31,  1.536404E-36,  9.934789E-29, -3.000000E+02,  7.133719E-02,  1.987108E-01,  4.140700E-28,  2.496645E+02,  3.468700E-28,  6.484574E-32,  3.481513E-31,  4.005290E-36,  5.648408E-28, -3.000000E+02,  7.133719E-02,  1.987108E-01,  4.140700E-28,  2.496645E+02,  3.468700E-28,  6.484574E-32,  3.481513E-31,  4.005290E-36,  5.648408E-28
  7.190664E-02, -1.329613E+02,  8.514198E-02,  2.371643E-01,  9.599044E-07,  2.166130E+02,  1.342304E-09,  2.884671E-14,  7.002448E-10,  8.558478E-16,  2.965950E-09, -3.000000E+02,  3.002704E-02,  1.021328E-01,  4.140700E-28,  9.576977E+01,  6.011113E-29,  1.170569E-32,  1.335487E-31,  1.600418E-36,  9.934867E-29, -3.000000E+02,  7.133719E-02,  1.987108E-01,  4.140700E-28,  2.496645E+02,  3.468700E-28,  6.754747E-32,  3.481513E-31,  4.172168E-36,  5.648452E-28, -3.000000E+02,  7.133719E-02,  1.987108E-01,  4.140700E-28,  2.496645E+02,  3.468700E-28,  6.754747E-32,  3.481513E-31,  4.172168E-36,  5.648452E-28
  7.478290E-02, -1.291500E+02,  8.649256E-02,  2.409263E-01,  1.425552E-06,  2.142044E+02,  1.893555E-09,  4.359706E-14,  1.028369E-09,  1.348819E-15,  4.232555E-09, -3.000000E+02,  3.002704E-02,  1.021328E-01,  4.140700E-28,  9.576977E+01,  6.011113E-29,  1.217389E-32,  1.335487E-31,  1.664431E-36,  9.934944E-29, -3.000000E+02,  7.133719E-02,  1.987108E-01,  4.140700E-28,  2.496645E+02,  3.468700E-28,  7.024918E-32,  3.481513E-31,  4.339045E-36,  5.648496E-28, -3.000000E+02,  7.133719E-02,  1.987108E-01,  4.140700E-28,  2.496645E+02,  3.468700E-28,  7.024918E-32,  3.481513E-31,  4.339045E-36,  5.648496E-28
  7.765917E-02, -1.257853E+02,  8.781912E-02,  2.446215E-01,  2.051245E-06,  2.119034E+02,  2.598770E-09,  6.384086E-14,  1.463837E-09,  2.050541E-15,  5.872280E-09, -3.000000E+02,  3.002704E-02,  1.021328E-01,  4.140700E-28,  9.576977E+01,  6.011113E-29,  1.264208E-32,  1.335487E-31,  1.728444E-36,  9.935021E-29, -3.000000E+02,  7.133719E-02,  1.987108E-01,  4.140700E-28,  2.496645E+02,  3.468700E-28,  7.295088E-32,  3.481513E-31,  4.505922E-36,  5.648539E-28, -3.000000E+02,  7.133719E-02,  1.987108E-01,  4.140700E-28,  2.496645E+02,  3.468700E-28,  7.295088E-32,  3.481513E-31,  4.505922E-36,  5.648539E-28
  8.053543E-02, -1.227817E+02,  8.912361E-02,  2.482552E-01,  2.872180E-06,  2.096971E+02,  3.483027E-09,  9.097278E-14,  2.028344E-09,  3.022871E-15,  7.951358E-09, -3.000000E+02,  3.002704E-02,  1.021328E-01,  4.140700E-28,  9.576977E+01,  6.011113E-29,  1.311027E-32,  1.335487E-31,  1.792456E-36,  9.935099E-29, -3.000000E+02,  7.133719E-02,  1.987108E-01,  4.140700E-28,  2.496645E+02,  3.468700E-28,  7.565257E-32,  3.481513E-31,  4.672797E-36,  5.648583E-28, -3.000000E+02,  7.133719E-02,  1.987108E-01,  4.140700E-28,  2.496645E+02,  3.468700E-28,  7.565257E-32,  3.481513E-31,  4.672797E-36,  5.648583E-28
  8.341170E-02, -1.200706E+02,  9.041021E-02,  2.518390E-01,  3.926431E-06,  2.075710E+02,  4.571838E-09,  1.265862E-13,  2.744745E-09,  4.338622E-15,  1.053833E-08, -3.000000E+02,  3.002704E-02,  1.021328E-01,  4.140700E-28,  9.576977E+01,  6.011113E-29,  1.357846E-32,  1.335487E-31,  1.856468E-36,  9.935176E-29, -3.000000E+02,  7.133719E-02,  1.987108E-01,  4.140700E-28,  2.496645E+02,  3.468700E-28,  7.835424E-32,  3.481513E-31,  4.839672E-36,  5.648627E-28, -3.000000E+02,  7.133719E-02,  1.987108E-01,  4.140700E-28,  2.496645E+02,  3.468700E-28,  7.835424E-32,  3.481513E-31,  4.839672E-36,  5.648627E-28
  8.628797E-02, -1.175958E+02,  9.168489E-02,  2.553897E-01,  5.254057E-06,  2.055095E+02,  5.890377E-09,  1.724707E-13,  3.636337E-09,  6.081774E-15,  1.370198E-08, -3.000000E+02,  3.002704E-02,  1.021328E-01,  4.140700E-28,  9.576977E+01,  6.011113E-29,  1.404665E-32,  1.335487E-31,  1.920480E-36,  9.935253E-29, -3.000000E+02,  7.133719E-02,  1.987108E-01,  4.140700E-28,  2.496645E+02,  3.468700E-28,  8.105590E-32,  3.481513E-31,  5.006547E-36,  5.648671E-28, -3.000000E+02,  7.133719E-02,  1.987108E-01,  4.140700E-28,  2.496645E+02,  3.468700E-28,  8.105590E-32,  3.481513E-31,  5.006547E-36,  5.648671E-28
  9.060237E-02, -1.142292E+02,  9.359032E-02,  2.606973E-01,  7.973524E-06,  2.025041E+02,  8.467367E-09,  2.714084E-13,  5.437779E-09,  9.991834E-15,  1.996088E-08, -3.000000E+02,  3.002704E-02,  1.021328E-01,  4.140726E-28,  9.576977E+01,  6.011146E-29,  1.474893E-32,  1.335495E-31,  2.016498E-36,  9.935423E-29, -3.000000E+02,  7.133719E-02,  1.987108E-01,  4.140700E-28,  2.496645E+02,  3.468700E-28,  8.510835E-32,  3.481513E-31,  5.256857E-36,  5.648737E-28, -3.000000E+02,  7.133719E-02,  1.987108E-01,  4.140700E-28,  2.496645E+02,  3.468700E-28,  8.510835E-32,  3.481513E-31,  5.256857E-36,  5.648737E-28
  9.491676E-02, -1.111810E+02,  9.550695E-02,  2.660361E-01,  1.157293E-05,  1.995646E+02,  1.170869E-08,  4.082192E-13,  7.777930E-09,  1.558458E-14,  2.793394E-08, -3.000000E+02,  3.002704E-02,  1.021328E-01,  4.141266E-28,  9.576977E+01,  6.011828E-29,  1.545128E-32,  1.335670E-31,  2.112528E-36,  9.936666E-29, -3.000000E+02,  7.133719E-02,  1.987108E-01,  4.140700E-28,  2.496645E+02,  3.468700E-28,  8.916078E-32,  3.481513E-31,  5.507165E-36,  5.648803E-28, -3.000000E+02,  7.133719E-02,  1.987108E-01,  4.140700E-28,  2.496645E+02,  3.468700E-28,  8.916078E-32,  3.481513E-31,  5.507165E-36,  5.648803E-28
  9.923116E-02, -1.083870E+02,  9.744414E-02,  2.714321E-01,  1.617314E-05,  1.966705E+02,  1.566620E-08,  5.912716E-13,  1.071201E-08,  2.328708E-14,  3.777788E-08, -3.000000E+02,  3.002704E-02,  1.021328E-01,  4.144360E-28,  9.576977E+01,  6.015735E-29,  1.615408E-32,  1.336667E-31,  2.208629E-36,  9.943240E-29, -3.000000E+02,  7.133719E-02,  1.987108E-01,  4.140700E-28,  2.496645E+02,  3.468700E-28,  9.321317E-32,  3.481513E-31,  5.757472E-36,  5.648869E-28, -3.000000E+02,  7.133719E-02,  1.987108E-01,  4.140700E-28,  2.496645E+02,  3.468700E-28,  9.321317E-32,  3.481513E-31,  5.757472E-36,  5.648869E-28
  1.000000E-01, -1.079141E+02,  9.779058E-02,  2.723972E-01,  1.703664E-05,  1.961605E+02,  1.639142E-08,  6.254020E-13,  1.125467E-08,  2.472922E-14,  3.959058E-08, -3.000000E+02,  3.002704E-02,  1.021328E-01,  4.145016E-28,  9.576977E+01,  6.016563E-29,  1.627934E-32,  1.336879E-31,  2.225757E-36,  9.944629E-29, -3.000000E+02,  7.133719E-02,  1.987108E-01,  4.140700E-28,  2.496645E+02,  3.468700E-28,  9.393531E-32,  3.481513E-31,  5.802077E-36,  5.648881E-28, -3.000000E+02,  7.133719E-02,  1.987108E-01,  4.140700E-28,  2.496645E+02,  3.468700E-28,  9.393531E-32,  3.481513E-31,  5.802077E-36,  5.648881E-28
  1.011533E-01, -1.072160E+02,  9.831238E-02,  2.738506E-01,  1.840417E-05,  1.953965E+02,  1.753031E-08,  6.801548E-13,  1.211073E-08,  2.705696E-14,  4.244304E-08, -3.000000E+02,  3.002704E-02,  1.021328E-01,  4.146315E-28,  9.576977E+01,  6.018205E-29,  1.646728E-32,  1.337298E-31,  2.251457E-36,  9.947374E-29, -3.000000E+02,  7.133719E-02,  1.987108E-01,  4.140700E-28,  2.496645E+02,  3.468700E-28,  9.501853E-32,  3.481513E-31,  5.868985E-36,  5.648899E-28, -3.000000E+02,  7.133719E-02,  1.987108E-01,  4.140700E-28,  2.496645E+02,  3.468700E-28,  9.501853E-32,  3.481513E-31,  5.868985E-36,  5.648899E-28
  1.028831E-01, -1.061952E+02,  9.909828E-02,  2.760398E-01,  2.062329E-05,  1.942552E+02,  1.935548E-08,  7.708348E-13,  1.349174E-08,  3.094674E-14,  4.702812E-08, -3.000000E+02,  3.002704E-02,  1.021328E-01,  4.149411E-28,  9.576977E+01,  6.022113E-29,  1.674937E-32,  1.338296E-31,  2.290036E-36,  9.953880E-29, -3.000000E+02,  7.133719E-02,  1.987108E-01,  4.140700E-28,  2.496645E+02,  3.468700E-28,  9.664335E-32,  3.481513E-31,  5.969346E-36,  5.648925E-28, -3.000000E+02,  7.133719E-02,  1.987108E-01,  4.140700E-28,  2.496645E+02,  3.468700E-28,  9.664335E-32,  3.481513E-31,  5.969346E-36,  5.648925E-28
  1.054780E-01, -1.047250E+02,  1.002801E-01,  2.793317E-01,  2.434674E-05,  1.925589E+02,  2.236228E-08,  9.279848E-13,  1.578853E-08,  3.777467E-14,  5.461500E-08, -3.000000E+02,  3.002704E-02,  1.021328E-01,  4.159707E-28,  9.576977E+01,  6.035111E-29,  1.717341E-32,  1.341617E-31,  2.348048E-36,  9.975433E-29, -3.000000E+02,  7.133719E-02,  1.987108E-01,  4.140700E-28,  2.496645E+02,  3.468700E-28,  9.908057E-32,  3.481513E-31,  6.119888E-36,  5.648965E-28, -3.000000E+02,  7.133719E-02,  1.987108E-01,  4.140700E-28,  2.496645E+02,  3.468700E-28,  9.908057E-32,  3.481513E-31,  6.119888E-36,  5.648965E-28
  1.093702E-01, -1.026575E+02,  1.020481E-01,  2.842566E-01,  3.087531E-05,  1.900639E+02,  2.749632E-08,  1.217828E-12,  1.976278E-08,  5.059461E-14,  6.765209E-08, -3.000000E+02,  3.002704E-02,  1.021328E-01,  4.222060E-28,  9.576977E+01,  6.113740E-29,  1.781777E-32,  1.361728E-31,  2.436370E-36,  1.010550E-28, -3.000000E+02,  7.133719E-02,  1.987108E-01,  4.140700E-28,  2.496645E+02,  3.468700E-28,  1.027364E-31,  3.481513E-31,  6.345698E-36,  5.649024E-28, -3.000000E+02,  7.133719E-02,  1.987108E-01,  4.140700E-28,  2.496645E+02,  3.468700E-28,  1.027364E-31,  3.481513E-31,  6.345698E-36,  5.649024E-28
  1.152086E-01, -9.985308E+01,  1.046628E-01,  2.915398E-01,  4.296649E-05,  1.864611E+02,  3.665520E-08,  1.797409E-12,  2.698083E-08,  7.684788E-14,  9.111883E-08, -2.999999E+02,  3.002704E-02,  1.021328E-01,  5.237197E-28,  9.576977E+01,  7.374232E-29,  1.898360E-32,  1.689137E-31,  2.600710E-36,  1.218908E-28, -3.000000E+02,  7.133719E-02,  1.987108E-01,  4.140700E-28,  2.496645E+02,  3.468700E-28,  1.082200E-31,  3.481513E-31,  6.684412E-36,  5.649113E-28, -3.000000E+02,  7.133719E-02,  1.987108E-01,  4.140700E-28,  2.496645E+02,  3.468700E-28,  1.082200E-31,  3.481513E-31,  6.684412E-36,  5.649113E-28
  1.239661E-01, -9.622846E+01,  1.084575E-01,  3.021100E-01,  6.684997E-05,  1.813994E+02,  5.384565E-08,  3.074489E-12,  4.083889E-08,  1.364541E-13,  1.357013E-07, -2.999992E+02,  3.002704E-02,  1.021328E-01,  7.250558E-27,  9.576977E+01,  7.254774E-28,  3.619013E-32,  2.338500E-30,  6.013879E-36,  1.199654E-27, -3.000000E+02,  7.133719E-02,  1.987108E-01,  4.140700E-28,  2.496645E+02,  3.468700E-28,  1.164453E-31,  3.481513E-31,  7.192475E-36,  5.649247E-28, -3.000000E+02,  7.133719E-02,  1.987108E-01,  4.140700E-28,  2.496645E+02,  3.468700E-28,  1.164453E-31,  3.481513E-31,  7.192475E-36,  5.649247E-28
  1.327236E-01, -9.314616E+01,  1.121050E-01,  3.122702E-01,  9.709941E-05,  1.766999E+02,  7.450596E-08,  4.841569E-12,  5.778162E-08,  2.207886E-13,  1.898963E-07, -2.999960E+02,  3.002704E-02,  1.021328E-01,  1.386758E-25,  9.576977E+01,  9.454558E-27,  2.604323E-31,  4.472666E-29,  7.129547E-35,  1.564934E-26, -3.000000E+02,  7.133719E-02,  1.987108E-01,  4.140700E-28,  2.496645E+02,  3.468700E-28,  1.246705E-31,  3.481513E-31,  7.700532E-36,  5.649381E-28, -3.000000E+02,  7.133719E-02,  1.987108E-01,  4.140700E-28,  2.496645E+02,  3.468700E-28,  1.246705E-31,  3.481513E-31,  7.700532E-36,  5.649381E-28
  1.458599E-01, -8.928385E+01,  1.173078E-01,  3.267626E-01,  1.586943E-04,  1.702438E+02,  1.142355E-07,  8.905567E-12,  9.098479E-08,  4.199809E-13,  2.954769E-07, -2.999341E+02,  3.002706E-02,  1.021329E-01,  1.202822E-23,  9.576970E+01,  4.590670E-25,  1.659249E-29,  3.879423E-27,  8.564669E-33,  7.617285E-25, -3.000001E+02,  7.133719E-02,  1.987108E-01,  4.140700E-28,  2.496645E+02,  3.468700E-28,  1.370081E-31,  3.481513E-31,  8.462602E-36,  5.649582E-28, -3.000000E+02,  7.133719E-02,  1.987108E-01,  4.140700E-28,  2.496645E+02,  3.468700E-28,  1.370081E-31,  3.481513E-31,  8.462602E-36,  5.649582E-28
  1.655644E-01, -8.460901E+01,  1.247111E-01,  3.473846E-01,  2.954129E-04,  1.614894E+02,  1.961491E-07,  1.937261E-11,  1.606604E-07,  9.475736E-13,  5.166687E-07, -2.965946E+02,  3.002814E-02,  1.021365E-01,  5.435858E-21,  9.576587E+01,  9.370957E-23,  5.017340E-27,  1.753139E-24,  5.765832E-30,  1.565454E-22, -3.000001E+02,  7.133719E-02,  1.987108E-01,  4.140700E-28,  2.496645E+02,  3.468700E-28,  1.555137E-31,  3.481513E-31,  9.605673E-36,  5.649883E-28, -3.000000E+02,  7.133719E-02,  1.987108E-01,  4.140700E-28,  2.496645E+02,  3.468700E-28,  1.555137E-31,  3.481513E-31,  9.605673E-36,  5.649883E-28
  1.951210E-01, -7.911206E+01,  1.352922E-01,  3.768585E-01,  6.229182E-04,  1.497137E+02,  3.753770E-07,  4.941865E-11,  3.140694E-07,  2.494604E-12,  1.009167E-06, -2.281128E+02,  3.007054E-02,  1.022807E-01,  3.723745E-17,  9.561587E+01,  2.036354E-19,  1.630502E-23,  1.199078E-20,  5.907105E-26,  3.491359E-19, -3.000001E+02,  7.133719E-02,  1.987108E-01,  4.140700E-28,  2.496645E+02,  3.468700E-28,  1.832706E-31,  3.481514E-31,  1.132020E-35,  5.650334E-28, -3.000000E+02,  7.133719E-02,  1.987108E-01,  4.140700E-28,  2.496645E+02,  3.468700E-28,  1.832706E-31,  3.481513E-31,  1.132020E-35,  5.650334E-28
  2.246777E-01, -7.471841E+01,  1.455086E-01,  4.053164E-01,  1.096752E-03,  1.390267E+02,  6.140543E-07,  9.856804E-11,  5.134949E-07,  5.023914E-12,  1.672313E-06, -1.559006E+02,  3.026726E-02,  1.029499E-01,  5.879619E-15,  9.508455E+01,  1.665078E-17,  1.349117E-21,  1.882767E-18,  9.333379E-24,  2.953675E-17, -3.000002E+02,  7.133719E-02,  1.987108E-01,  4.140700E-28,  2.496645E+02,  3.468700E-28,  2.110261E-31,  3.481514E-31,  1.303466E-35,  5.650786E-28, -3.000000E+02,  7.133719E-02,  1.987108E-01,  4.140700E-28,  2.496645E+02,  3.468700E-28,  2.110261E-31,  3.481513E-31,  1.303466E-35,  5.650786E-28
  2.542344E-01, -7.104283E+01,  1.554627E-01,  4.330438E-01,  1.732607E-03,  1.291580E+02,  9.140747E-07,  1.717299E-10,  7.536102E-07,  8.735895E-12,  2.510454E-06, -1.172778E+02,  3.072364E-02,  1.045022E-01,  2.573819E-13,  9.426221E+01,  4.459679E-16,  3.704657E-20,  8.170583E-17,  4.118072E-22,  8.255221E-16, -3.000003E+02,  7.133719E-02,  1.987108E-01,  4.140700E-28,  2.496646E+02,  3.468700E-28,  2.387800E-31,  3.481514E-31,  1.474904E-35,  5.651238E-28, -3.000000E+02,  7.133719E-02,  1.987108E-01,  4.140700E-28,  2.496645E+02,  3.468700E-28,  2.387800E-31,  3.481513E-31,  1.474904E-35,  5.651238E-28
  2.837910E-01, -6.787529E+01,  1.651930E-01,  4.601477E-01,  2.539035E-03,  1.199628E+02,  1.274602E-06,  2.737463E-10,  1.025735E-06,  1.378817E-11,  3.519402E-06, -9.606723E+01,  3.145384E-02,  1.069859E-01,  5.508020E-12,  9.321629E+01,  6.408654E-15,  5.500257E-19,  1.729119E-15,  8.929243E-21,  1.247756E-14, -3.000003E+02,  7.133719E-02,  1.987108E-01,  4.140700E-28,  2.496646E+02,  3.468700E-28,  2.665325E-31,  3.481514E-31,  1.646334E-35,  5.651689E-28, -3.000000E+02,  7.133719E-02,  1.987108E-01,  4.140700E-28,  2.496645E+02,  3.468700E-28,  2.665325E-31,  3.481513E-31,  1.646334E-35,  5.651689E-28
  2.985694E-01, -6.643540E+01,  1.699937E-01,  4.735201E-01,  2.991945E-03,  1.155751E+02,  1.470254E-06,  3.325839E-10,  1.164487E-06,  1.665600E-11,  4.065759E-06, -8.928324E+01,  3.187790E-02,  1.084282E-01,  1.335687E-11,  9.268270E+01,  1.385045E-14,  1.104356E-18,  4.169086E-15,  1.919751E-20,  2.744995E-14, -3.000002E+02,  7.133719E-02,  1.987108E-01,  4.140700E-28,  2.496645E+02,  3.468700E-28,  2.804084E-31,  3.481514E-31,  1.732047E-35,  5.651915E-28, -3.000000E+02,  7.133719E-02,  1.987108E-01,  4.140700E-28,  2.496645E+02,  3.468700E-28,  2.804084E-31,  3.481513E-31,  1.732047E-35,  5.651915E-28
  3.133477E-01, -6.507957E+01,  1.747382E-01,  4.867360E-01,  3.489165E-03,  1.113290E+02,  1.680662E-06,  3.998412E-10,  1.308106E-06,  1.987749E-11,  4.652904E-06, -8.373933E+01,  3.234919E-02,  1.100312E-01,  3.568571E-11,  9.212852E+01,  3.256648E-14,  2.407754E-18,  1.107199E-14,  4.646742E-20,  6.596511E-14, -3.000000E+02,  7.133719E-02,  1.987108E-01,  4.140700E-28,  2.496645E+02,  3.468700E-28,  2.942839E-31,  3.481513E-31,  1.817758E-35,  5.652141E-28, -3.000000E+02,  7.133719E-02,  1.987108E-01,  4.140700E-28,  2.496645E+02,  3.468700E-28,  2.942839E-31,  3.481513E-31,  1.817758E-35,  5.652141E-28
  3.281261E-01, -6.379838E+01,  1.794251E-01,  4.997913E-01,  4.030053E-03,  1.072185E+02,  1.905167E-06,  4.760821E-10,  1.455090E-06,  2.346094E-11,  5.278686E-06, -7.917690E+01,  3.285662E-02,  1.117572E-01,  9.857393E-11,  9.156659E+01,  7.882677E-14,  5.562621E-18,  3.039741E-14,  1.213353E-19,  1.637097E-13, -2.999996E+02,  7.133719E-02,  1.987108E-01,  4.140700E-28,  2.496645E+02,  3.468700E-28,  3.081591E-31,  3.481513E-31,  1.903468E-35,  5.652366E-28, -3.000000E+02,  7.133719E-02,  1.987108E-01,  4.140700E-28,  2.496645E+02,  3.468700E-28,  3.081591E-31,  3.481513E-31,  1.903468E-35,  5.652366E-28
  3.429044E-01, -6.258422E+01,  1.840513E-01,  5.126777E-01,  4.613357E-03,  1.032397E+02,  2.142928E-06,  5.618371E-10,  1.603870E-06,  2.741075E-11,  5.940449E-06, -7.538103E+01,  3.339064E-02,  1.135736E-01,  2.712893E-10,  9.100533E+01,  1.901898E-13,  1.317455E-17,  8.314515E-14,  3.261192E-19,  4.060388E-13, -2.999985E+02,  7.133721E-02,  1.987109E-01,  4.140700E-28,  2.496645E+02,  3.468700E-28,  3.220338E-31,  3.481512E-31,  1.989175E-35,  5.652592E-28, -3.000000E+02,  7.133719E-02,  1.987108E-01,  4.140700E-28,  2.496645E+02,  3.468700E-28,  3.220338E-31,  3.481513E-31,  1.989175E-35,  5.652592E-28
  3.576827E-01, -6.143081E+01,  1.886132E-01,  5.253850E-01,  5.237305E-03,  9.938970E+01,  2.392966E-06,  6.575972E-10,  1.752872E-06,  3.172747E-11,  6.635153E-06, -7.219295E+01,  3.394184E-02,  1.154484E-01,  7.304763E-10,  9.045204E+01,  4.502337E-13,  3.119418E-17,  2.225164E-13,  8.741700E-19,  9.902481E-13, -2.999952E+02,  7.133725E-02,  1.987110E-01,  4.140700E-28,  2.496643E+02,  3.468700E-28,  3.359082E-31,  3.481510E-31,  2.074881E-35,  5.652818E-28, -3.000000E+02,  7.133719E-02,  1.987108E-01,  4.140700E-28,  2.496645E+02,  3.468700E-28,  3.359082E-31,  3.481513E-31,  2.074881E-35,  5.652818E-28
  3.724611E-01, -6.033302E+01,  1.931061E-01,  5.379001E-01,  5.899660E-03,  9.566673E+01,  2.654190E-06,  7.638099E-10,  1.900571E-06,  3.640788E-11,  7.359479E-06, -6.950343E+01,  3.449911E-02,  1.173439E-01,  1.910701E-09,  8.991491E+01,  1.039294E-12,  7.278964E-17,  5.785780E-13,  2.299189E-18,  2.359453E-12, -2.999825E+02,  7.133742E-02,  1.987115E-01,  4.140700E-28,  2.496636E+02,  3.468700E-28,  3.497822E-31,  3.481500E-31,  2.160584E-35,  5.653044E-28, -3.000000E+02,  7.133719E-02,  1.987108E-01,  4.140700E-28,  2.496645E+02,  3.468700E-28,  3.497822E-31,  3.481513E-31,  2.160585E-35,  5.653044E-28
  3.872394E-01, -5.928672E+01,  1.975240E-01,  5.502062E-01,  6.597803E-03,  9.207038E+01,  2.925432E-06,  8.808759E-10,  2.045552E-06,  4.144527E-11,  8.109930E-06, -6.722943E+01,  3.505126E-02,  1.192220E-01,  4.848356E-09,  8.940137E+01,  2.336512E-12,  1.663033E-16,  1.459742E-12,  5.894485E-18,  5.485207E-12, -2.999305E+02,  7.133812E-02,  1.987134E-01,  4.141285E-28,  2.496608E+02,  3.469127E-28,  3.636576E-31,  3.481953E-31,  2.246297E-35,  5.653963E-28, -3.000000E+02,  7.133719E-02,  1.987108E-01,  4.140700E-28,  2.496645E+02,  3.468700E-28,  3.636559E-31,  3.481513E-31,  2.246287E-35,  5.653269E-28
  4.020177E-01, -5.828881E+01,  2.018591E-01,  5.622817E-01,  7.328806E-03,  8.860171E+01,  3.205469E-06,  1.009147E-09,  2.186561E-06,  4.682985E-11,  8.882933E-06, -6.529953E+01,  3.558960E-02,  1.210531E-01,  1.194615E-08,  8.891598E+01,  5.120224E-12,  3.712287E-16,  3.577215E-12,  1.470504E-17,  1.245137E-11, -2.997168E+02,  7.134098E-02,  1.987214E-01,  4.225567E-28,  2.496492E+02,  3.530470E-28,  3.777781E-31,  3.552651E-31,  2.333749E-35,  5.754076E-28, -3.000000E+02,  7.133719E-02,  1.987108E-01,  4.140700E-28,  2.496645E+02,  3.468700E-28,  3.775292E-31,  3.481513E-31,  2.331987E-35,  5.653495E-28
  4.094069E-01, -5.780505E+01,  2.040026E-01,  5.682523E-01,  7.703842E-03,  8.690823E+01,  3.347712E-06,  1.076128E-09,  2.254509E-06,  4.960579E-11,  9.274640E-06, -6.443754E+01,  3.585373E-02,  1.219515E-01,  1.726828E-08,  8.868277E+01,  7.055171E-12,  5.124123E-16,  5.157342E-12,  2.105622E-17,  1.741837E-11, -2.995236E+02,  7.134357E-02,  1.987286E-01,  4.402269E-28,  2.496387E+02,  3.658569E-28,  3.850946E-31,  3.701058E-31,  2.379302E-35,  5.962772E-28, -3.000000E+02,  7.133719E-02,  1.987108E-01,  4.140700E-28,  2.496645E+02,  3.468700E-28,  3.844657E-31,  3.481513E-31,  2.374836E-35,  5.653608E-28
  4.167961E-01, -5.733256E+01,  2.061220E-01,  5.741560E-01,  8.086319E-03,  8.524750E+01,  3.491852E-06,  1.145993E-09,  2.321205E-06,  5.246384E-11,  9.671134E-06, -6.364048E+01,  3.611233E-02,  1.228311E-01,  2.510828E-08,  8.845737E+01,  9.771055E-12,  7.079444E-16,  7.479773E-12,  3.026743E-17,  2.450993E-11, -2.991517E+02,  7.134859E-02,  1.987426E-01,  5.478069E-28,  2.496184E+02,  4.425054E-28,  3.939449E-31,  4.605126E-31,  2.435989E-35,  7.210969E-28, -3.000000E+02,  7.133719E-02,  1.987108E-01,  4.140700E-28,  2.496645E+02,  3.468700E-28,  3.914022E-31,  3.481513E-31,  2.417685E-35,  5.653721E-28
  4.241852E-01, -5.687116E+01,  2.082160E-01,  5.799889E-01,  8.475791E-03,  8.362002E+01,  3.637721E-06,  1.218776E-09,  2.386540E-06,  5.540231E-11,  1.007195E-05, -6.290292E+01,  3.636477E-02,  1.236897E-01,  3.665919E-08,  8.823997E+01,  1.358125E-11,  9.797240E-16,  1.089396E-11,  4.368316E-17,  3.463779E-11, -2.983996E+02,  7.135880E-02,  1.987710E-01,  1.407380E-27,  2.495770E+02,  1.005612E-27,  4.140641E-31,  1.182914E-30,  2.581639E-35,  1.638088E-27, -3.000000E+02,  7.133719E-02,  1.987108E-01,  4.140700E-28,  2.496645E+02,  3.468700E-28,  3.983386E-31,  3.481513E-31,  2.460534E-35,  5.653834E-28
  4.315744E-01, -5.642074E+01,  2.102830E-01,  5.857464E-01,  8.871795E-03,  8.202638E+01,  3.785146E-06,  1.294508E-09,  2.450420E-06,  5.841943E-11,  1.047660E-05, -6.222055E+01,  3.661030E-02,  1.245248E-01,  5.366576E-08,  8.803087E+01,  1.892071E-11,  1.358353E-15,  1.590998E-11,  6.327605E-17,  4.909618E-11, -2.968432E+02,  7.138027E-02,  1.988308E-01,  1.012098E-26,  2.494901E+02,  5.595726E-27,  5.260406E-31,  8.503810E-30,  3.628867E-35,  9.114328E-27, -3.000000E+02,  7.133719E-02,  1.987108E-01,  4.140700E-28,  2.496645E+02,  3.468700E-28,  4.052748E-31,  3.481513E-31,  2.503382E-35,  5.653947E-28
  4.352690E-01, -5.619893E+01,  2.113090E-01,  5.886043E-01,  9.071775E-03,  8.124001E+01,  3.859268E-06,  1.333116E-09,  2.481626E-06,  5.994719E-11,  1.067983E-05, -6.189651E+01,  3.673112E-02,  1.249358E-01,  6.395909E-08,  8.792879E+01,  2.204123E-11,  1.578891E-15,  1.893960E-11,  7.493796E-17,  5.765959E-11, -2.957534E+02,  7.139557E-02,  1.988735E-01,  2.222697E-26,  2.494282E+02,  1.109426E-26,  6.370473E-31,  1.867081E-29,  4.778522E-35,  1.807166E-26, -3.000000E+02,  7.133719E-02,  1.987108E-01,  4.140700E-28,  2.496645E+02,  3.468700E-28,  4.087429E-31,  3.481513E-31,  2.524806E-35,  5.654003E-28
  4.389636E-01, -5.597984E+01,  2.123276E-01,  5.914417E-01,  9.273268E-03,  8.046236E+01,  3.933735E-06,  1.372468E-09,  2.512454E-06,  6.149393E-11,  1.088391E-05, -6.158511E+01,  3.684991E-02,  1.253398E-01,  7.632805E-08,  8.782899E+01,  2.570609E-11,  1.836098E-15,  2.257665E-11,  8.883935E-17,  6.780749E-11, -2.942278E+02,  7.141738E-02,  1.989342E-01,  5.594406E-26,  2.493399E+02,  2.476616E-26,  8.848557E-31,  4.697678E-29,  7.671140E-35,  4.034695E-26, -3.000000E+02,  7.133719E-02,  1.987108E-01,  4.140700E-28,  2.496645E+02,  3.468700E-28,  4.122110E-31,  3.481513E-31,  2.546229E-35,  5.654059E-28
  4.426582E-01, -5.576346E+01,  2.133386E-01,  5.942579E-01,  9.476208E-03,  7.969351E+01,  4.008526E-06,  1.412569E-09,  2.542897E-06,  6.305940E-11,  1.108877E-05, -6.128609E+01,  3.696650E-02,  1.257364E-01,  9.119497E-08,  8.773152E+01,  3.001065E-11,  2.136375E-15,  2.694412E-11,  1.054300E-16,  7.983648E-11, -2.921195E+02,  7.144826E-02,  1.990202E-01,  1.529971E-25,  2.492153E+02,  5.942745E-26,  1.479487E-30,  1.284090E-28,  1.557802E-34,  9.683021E-26, -3.000000E+02,  7.133719E-02,  1.987108E-01,  4.140700E-28,  2.496645E+02,  3.468700E-28,  4.156791E-31,  3.481513E-31,  2.567653E-35,  5.654116E-28
  4.463527E-01, -5.554980E+01,  2.143418E-01,  5.970523E-01,  9.680530E-03,  7.893356E+01,  4.083616E-06,  1.453420E-09,  2.572945E-06,  6.464337E-11,  1.129436E-05, -6.099926E+01,  3.708073E-02,  1.261249E-01,  1.090669E-07,  8.763647E+01,  3.506659E-11,  2.487241E-15,  3.218957E-11,  1.252505E-16,  9.409795E-11, -2.892653E+02,  7.149152E-02,  1.991407E-01,  4.359599E-25,  2.490459E+02,  1.477853E-25,  2.958231E-30,  3.656482E-28,  3.809310E-34,  2.408482E-25, -3.000000E+02,  7.133719E-02,  1.987108E-01,  4.140700E-28,  2.496645E+02,  3.468700E-28,  4.191471E-31,  3.481513E-31,  2.589077E-35,  5.654172E-28
  4.500473E-01, -5.533885E+01,  2.153368E-01,  5.998240E-01,  9.886168E-03,  7.818265E+01,  4.158981E-06,  1.495026E-09,  2.602596E-06,  6.624559E-11,  1.150061E-05, -6.072455E+01,  3.719239E-02,  1.265047E-01,  1.305521E-07,  8.754398E+01,  4.100462E-11,  2.897521E-15,  3.848998E-11,  1.489504E-16,  1.110081E-10, -2.855065E+02,  7.155115E-02,  1.993068E-01,  1.259312E-24,  2.488124E+02,  3.719021E-25,  6.679501E-30,  1.055220E-27,  1.030692E-33,  6.062409E-25, -3.000000E+02,  7.133719E-02,  1.987108E-01,  4.140700E-28,  2.496645E+02,  3.468700E-28,  4.226152E-31,  3.481513E-31,  2.610500E-35,  5.654229E-28
  4.537419E-01, -5.513064E+01,  2.163234E-01,  6.025723E-01,  1.009305E-02,  7.744089E+01,  4.234599E-06,  1.537388E-09,  2.631842E-06,  6.786581E-11,  1.170747E-05, -6.046192E+01,  3.730124E-02,  1.268750E-01,  1.563802E-07,  8.745420E+01,  4.797764E-11,  3.377571E-15,  4.605745E-11,  1.773099E-16,  1.310595E-10, -2.807199E+02,  7.163178E-02,  1.995314E-01,  3.626015E-24,  2.485017E+02,  9.332895E-25,  1.601805E-29,  3.034565E-27,  2.899251E-33,  1.521782E-24, -3.000000E+02,  7.133719E-02,  1.987108E-01,  4.140700E-28,  2.496645E+02,  3.468700E-28,  4.260832E-31,  3.481513E-31,  2.631923E-35,  5.654285E-28
  4.574365E-01, -5.492518E+01,  2.173014E-01,  6.052963E-01,  1.030112E-02,  7.670843E+01,  4.310445E-06,  1.580508E-09,  2.660682E-06,  6.950377E-11,  1.191487E-05, -6.021144E+01,  3.740702E-02,  1.272348E-01,  1.874254E-07,  8.736729E+01,  5.616444E-11,  3.939535E-15,  5.514609E-11,  2.112657E-16,  1.548351E-10, -2.748521E+02,  7.173842E-02,  1.998285E-01,  1.030197E-23,  2.480971E+02,  2.315011E-24,  3.918218E-29,  8.607544E-27,  8.199422E-33,  3.775934E-24, -3.000000E+02,  7.133719E-02,  1.987108E-01,  4.140700E-28,  2.496645E+02,  3.468700E-28,  4.295511E-31,  3.481513E-31,  2.653347E-35,  5.654342E-28
  4.611311E-01, -5.472247E+01,  2.182703E-01,  6.079952E-01,  1.051030E-02,  7.598541E+01,  4.386496E-06,  1.624389E-09,  2.689114E-06,  7.115924E-11,  1.212274E-05, -5.997321E+01,  3.750945E-02,  1.275832E-01,  2.247342E-07,  8.728351E+01,  6.577381E-11,  4.597648E-15,  6.606005E-11,  2.519417E-16,  1.830243E-10, -2.679437E+02,  7.187621E-02,  2.002123E-01,  2.870902E-23,  2.475881E+02,  5.646620E-24,  9.568256E-29,  2.393787E-26,  2.293937E-32,  9.213208E-24, -3.000000E+02,  7.133719E-02,  1.987108E-01,  4.140700E-28,  2.496645E+02,  3.468700E-28,  4.330191E-31,  3.481513E-31,  2.674770E-35,  5.654398E-28
  4.648257E-01, -5.452255E+01,  2.192299E-01,  6.106681E-01,  1.072051E-02,  7.527200E+01,  4.462725E-06,  1.669033E-09,  2.717137E-06,  7.283195E-11,  1.233104E-05, -5.974737E+01,  3.760823E-02,  1.279191E-01,  2.695588E-07,  8.720307E+01,  7.704940E-11,  5.368581E-15,  7.916307E-11,  3.006858E-16,  2.164414E-10, -2.601319E+02,  7.205014E-02,  2.006968E-01,  7.822308E-23,  2.469640E+02,  1.350560E-23,  2.308203E-28,  6.505880E-26,  6.299989E-32,  2.204469E-23, -3.000000E+02,  7.133719E-02,  1.987108E-01,  4.140700E-28,  2.496645E+02,  3.468700E-28,  4.364870E-31,  3.481513E-31,  2.696193E-35,  5.654454E-28
  4.685202E-01, -5.432544E+01,  2.201797E-01,  6.133140E-01,  1.093169E-02,  7.456836E+01,  4.539110E-06,  1.714441E-09,  2.744752E-06,  7.452166E-11,  1.253969E-05, -5.953399E+01,  3.770308E-02,  1.282418E-01,  3.233943E-07,  8.712607E+01,  9.027508E-11,  6.271847E-15,  9.488944E-11,  3.591133E-16,  2.560470E-10, -2.516310E+02,  7.226469E-02,  2.012944E-01,  2.080946E-22,  2.462173E+02,  3.163731E-23,  5.473849E-28,  1.725508E-25,  1.692495E-31,  5.166238E-23, -3.000000E+02,  7.133719E-02,  1.987108E-01,  4.140700E-28,  2.496645E+02,  3.468700E-28,  4.399549E-31,  3.481513E-31,  2.717615E-35,  5.654511E-28
  4.722148E-01, -5.413118E+01,  2.211196E-01,  6.159319E-01,  1.114377E-02,  7.387467E+01,  4.615625E-06,  1.760614E-09,  2.771961E-06,  7.622811E-11,  1.274863E-05, -5.933305E+01,  3.779379E-02,  1.285503E-01,  3.880234E-07,  8.705264E+01,  1.057809E-10,  7.330259E-15,  1.137568E-10,  4.291583E-16,  3.029726E-10, -2.426973E+02,  7.252364E-02,  2.020157E-01,  5.403134E-22,  2.453465E+02,  7.256286E-23,  1.273453E-27,  4.464399E-25,  4.441487E-31,  1.185475E-22, -3.000000E+02,  7.133719E-02,  1.987108E-01,  4.140700E-28,  2.496645E+02,  3.468700E-28,  4.434228E-31,  3.481513E-31,  2.739038E-35,  5.654567E-28
  4.759094E-01, -5.393978E+01,  2.220490E-01,  6.185208E-01,  1.135666E-02,  7.319111E+01,  4.692245E-06,  1.807553E-09,  2.798768E-06,  7.795106E-11,  1.295780E-05, -5.914426E+01,  3.788025E-02,  1.288444E-01,  4.655649E-07,  8.698297E+01,  1.239491E-10,  8.570458E-15,  1.363804E-10,  5.131336E-16,  3.585468E-10, -2.335918E+02,  7.282977E-02,  2.028685E-01,  1.369421E-21,  2.443545E+02,  1.629670E-22,  2.904108E-27,  1.126924E-24,  1.138062E-30,  2.663787E-22, -3.000000E+02,  7.133719E-02,  1.987108E-01,  4.140700E-28,  2.496645E+02,  3.468700E-28,  4.468907E-31,  3.481513E-31,  2.760461E-35,  5.654624E-28
  4.796040E-01, -5.375129E+01,  2.229676E-01,  6.210796E-01,  1.157029E-02,  7.251786E+01,  4.768942E-06,  1.855259E-09,  2.825178E-06,  7.969026E-11,  1.316714E-05, -5.896696E+01,  3.796257E-02,  1.291244E-01,  5.585293E-07,  8.691680E+01,  1.452214E-10,  1.002350E-14,  1.634885E-10,  6.138005E-16,  4.243242E-10, -2.245526E+02,  7.318459E-02,  2.038568E-01,  3.388307E-21,  2.432479E+02,  3.584245E-22,  6.490520E-27,  2.775680E-24,  2.847209E-30,  5.861908E-22, -3.000000E+02,  7.133719E-02,  1.987108E-01,  4.140700E-28,  2.496645E+02,  3.468700E-28,  4.503585E-31,  3.481513E-31,  2.781883E-35,  5.654680E-28
  4.832986E-01, -5.356574E+01,  2.238750E-01,  6.236073E-01,  1.178458E-02,  7.185511E+01,  4.845691E-06,  1.903734E-09,  2.851193E-06,  8.144547E-11,  1.337658E-05, -5.879995E+01,  3.804112E-02,  1.293916E-01,  6.698762E-07,  8.685381E+01,  1.701046E-10,  1.172552E-14,  1.959390E-10,  7.344486E-16,  5.021144E-10, -2.157778E+02,  7.358798E-02,  2.049804E-01,  8.183155E-21,  2.420400E+02,  7.718869E-22,  1.421406E-26,  6.670301E-24,  6.954502E-30,  1.263156E-21, -3.000000E+02,  7.133719E-02,  1.987108E-01,  4.140700E-28,  2.496645E+02,  3.468700E-28,  4.538263E-31,  3.481513E-31,  2.803306E-35,  5.654737E-28
  4.869932E-01, -5.338316E+01,  2.247709E-01,  6.261029E-01,  1.199943E-02,  7.120302E+01,  4.922463E-06,  1.952975E-09,  2.876820E-06,  8.321645E-11,  1.358605E-05, -5.864145E+01,  3.811658E-02,  1.296482E-01,  8.030750E-07,  8.679354E+01,  1.991767E-10,  1.371842E-14,  2.347367E-10,  8.789861E-16,  5.940122E-10, -2.074191E+02,  7.403798E-02,  2.062339E-01,  1.928237E-20,  2.407444E+02,  1.627055E-21,  3.049443E-26,  1.563342E-23,  1.658091E-29,  2.664328E-21, -3.000000E+02,  7.133719E-02,  1.987108E-01,  4.140700E-28,  2.496645E+02,  3.468700E-28,  4.572941E-31,  3.481513E-31,  2.824728E-35,  5.654793E-28
  4.906877E-01, -5.320358E+01,  2.256550E-01,  6.285655E-01,  1.221477E-02,  7.056173E+01,  4.999228E-06,  2.002985E-09,  2.902062E-06,  8.500296E-11,  1.379548E-05, -5.848921E+01,  3.818991E-02,  1.298976E-01,  9.621704E-07,  8.673504E+01,  2.330934E-10,  1.605069E-14,  2.810503E-10,  1.052041E-15,  7.024271E-10, -1.995805E+02,  7.453078E-02,  2.076066E-01,  4.430498E-20,  2.393804E+02,  3.355261E-21,  6.406731E-26,  3.571729E-23,  3.857412E-29,  5.498133E-21, -3.000000E+02,  7.133719E-02,  1.987108E-01,  4.140700E-28,  2.496645E+02,  3.468700E-28,  4.607619E-31,  3.481513E-31,  2.846150E-35,  5.654849E-28
  4.943823E-01, -5.302701E+01,  2.265269E-01,  6.309943E-01,  1.243050E-02,  6.993136E+01,  5.075955E-06,  2.053762E-09,  2.926922E-06,  8.680478E-11,  1.400477E-05, -5.834072E+01,  3.826225E-02,  1.301437E-01,  1.151847E-06,  8.667756E+01,  2.725926E-10,  1.877817E-14,  3.362318E-10,  1.259073E-15,  8.301140E-10, -1.923209E+02,  7.506108E-02,  2.090838E-01,  9.922177E-20,  2.379662E+02,  6.766447E-21,  1.317726E-25,  7.951696E-23,  8.753731E-29,  1.109619E-20, -3.000000E+02,  7.133719E-02,  1.987108E-01,  4.140700E-28,  2.496645E+02,  3.468700E-28,  4.642296E-31,  3.481513E-31,  2.867572E-35,  5.654906E-28
  4.980769E-01, -5.285348E+01,  2.273865E-01,  6.333886E-01,  1.264651E-02,  6.931198E+01,  5.152609E-06,  2.105306E-09,  2.951401E-06,  8.862165E-11,  1.421386E-05, -5.819353E+01,  3.833476E-02,  1.303903E-01,  1.377503E-06,  8.662003E+01,  3.185014E-10,  2.196500E-14,  4.018356E-10,  1.506501E-15,  9.802069E-10, -1.856588E+02,  7.562279E-02,  2.106485E-01,  2.165726E-19,  2.365220E+02,  1.334405E-20,  2.652936E-25,  1.725093E-22,  1.937612E-28,  2.190009E-20, -3.000000E+02,  7.133719E-02,  1.987108E-01,  4.140700E-28,  2.496645E+02,  3.468700E-28,  4.676973E-31,  3.481513E-31,  2.888994E-35,  5.654962E-28
  5.000000E-01, -5.276405E+01,  2.278304E-01,  6.346251E-01,  1.275909E-02,  6.899290E+01,  5.192492E-06,  2.132343E-09,  2.963961E-06,  8.957138E-11,  1.432261E-05, -5.811710E+01,  3.837273E-02,  1.305195E-01,  1.506103E-06,  8.659000E+01,  3.442186E-10,  2.375773E-14,  4.391976E-10,  1.647265E-15,  1.064992E-09, -1.824543E+02,  7.592261E-02,  2.114836E-01,  3.053095E-19,  2.357708E+02,  1.799023E-20,  3.589919E-25,  2.424197E-22,  2.714594E-28,  2.953629E-20, -3.000000E+02,  7.133719E-02,  1.987108E-01,  4.140700E-28,  2.496645E+02,  3.468700E-28,  4.695023E-31,  3.481513E-31,  2.900144E-35,  5.654992E-28
  5.028846E-01, -5.263170E+01,  2.284887E-01,  6.364587E-01,  1.292798E-02,  6.852076E+01,  5.252238E-06,  2.173365E-09,  2.982634E-06,  9.100495E-11,  1.448555E-05, -5.800133E+01,  3.843067E-02,  1.307166E-01,  1.725873E-06,  8.654418E+01,  3.875238E-10,  2.678513E-14,  5.030186E-10,  1.889094E-15,  1.208805E-09, -1.778995E+02,  7.638642E-02,  2.127756E-01,  5.321273E-19,  2.346338E+02,  2.917065E-20,  5.868856E-25,  4.204783E-22,  4.736112E-28,  4.792273E-20, -3.000000E+02,  7.133719E-02,  1.987108E-01,  4.140700E-28,  2.496645E+02,  3.468700E-28,  4.722098E-31,  3.481513E-31,  2.916870E-35,  5.655036E-28
  5.057693E-01, -5.250119E+01,  2.291391E-01,  6.382705E-01,  1.309690E-02,  6.805536E+01,  5.311892E-06,  2.214853E-09,  3.001075E-06,  9.244738E-11,  1.464823E-05, -5.788400E+01,  3.848991E-02,  1.309181E-01,  1.976270E-06,  8.649749E+01,  4.360005E-10,  3.019124E-14,  5.756880E-10,  2.165859E-15,  1.371207E-09, -1.736654E+02,  7.686179E-02,  2.140997E-01,  9.188711E-19,  2.334968E+02,  4.691850E-20,  9.534330E-25,  7.225584E-22,  8.209929E-28,  7.713114E-20, -3.000000E+02,  7.133719E-02,  1.987108E-01,  4.140700E-28,  2.496645E+02,  3.468700E-28,  4.749172E-31,  3.481513E-31,  2.933595E-35,  5.655080E-28
  5.086539E-01, -5.237251E+01,  2.297818E-01,  6.400606E-01,  1.326580E-02,  6.759669E+01,  5.371439E-06,  2.256806E-09,  3.019281E-06,  9.389856E-11,  1.481062E-05, -5.776481E+01,  3.855064E-02,  1.311246E-01,  2.261127E-06,  8.644968E+01,  4.901889E-10,  3.402068E-14,  6.583029E-10,  2.482341E-15,  1.554341E-09, -1.697301E+02,  7.734662E-02,  2.154502E-01,  1.570943E-18,  2.323638E+02,  7.481217E-20,  1.537898E-24,  1.229324E-21,  1.412010E-27,  1.230727E-19, -3.000000E+02,  7.133719E-02,  1.987108E-01,  4.140700E-28,  2.496645E+02,  3.468700E-28,  4.776247E-31,  3.481513E-31,  2.950321E-35,  5.655124E-28
  5.115385E-01, -5.224566E+01,  2.304166E-01,  6.418289E-01,  1.343461E-02,  6.714472E+01,  5.430859E-06,  2.299223E-09,  3.037250E-06,  9.535837E-11,  1.497265E-05, -5.764367E+01,  3.861292E-02,  1.313365E-01,  2.584675E-06,  8.640077E+01,  5.506731E-10,  3.832264E-14,  7.520746E-10,  2.843904E-15,  1.760553E-09, -1.660694E+02,  7.783923E-02,  2.168224E-01,  2.658749E-18,  2.312382E+02,  1.182447E-19,  2.461676E-24,  2.070496E-21,  2.407435E-27,  1.946657E-19, -3.000000E+02,  7.133719E-02,  1.987108E-01,  4.140700E-28,  2.496645E+02,  3.468700E-28,  4.803321E-31,  3.481513E-31,  2.967046E-35,  5.655168E-28
  5.144231E-01, -5.212063E+01,  2.310435E-01,  6.435752E-01,  1.360329E-02,  6.669944E+01,  5.490135E-06,  2.342102E-09,  3.054982E-06,  9.682670E-11,  1.513429E-05, -5.752071E+01,  3.867674E-02,  1.315535E-01,  2.951575E-06,  8.635075E+01,  6.180840E-10,  4.315121E-14,  8.583359E-10,  3.256554E-15,  1.992406E-09, -1.626589E+02,  7.833832E-02,  2.182126E-01,  4.455563E-18,  2.301218E+02,  1.852925E-19,  3.909260E-24,  3.453010E-21,  4.067525E-27,  3.052793E-19, -3.000000E+02,  7.133719E-02,  1.987108E-01,  4.140700E-28,  2.496645E+02,  3.468700E-28,  4.830395E-31,  3.481513E-31,  2.983771E-35,  5.655212E-28
  5.173078E-01, -5.199740E+01,  2.316625E-01,  6.452995E-01,  1.377178E-02,  6.626080E+01,  5.549247E-06,  2.385443E-09,  3.072473E-06,  9.830343E-11,  1.529548E-05, -5.739615E+01,  3.874200E-02,  1.317755E-01,  3.366952E-06,  8.629971E+01,  6.931016E-10,  4.856584E-14,  9.785515E-10,  3.726997E-15,  2.252695E-09, -1.594757E+02,  7.884284E-02,  2.196179E-01,  7.396488E-18,  2.290159E+02,  2.879817E-19,  6.159094E-24,  5.704644E-21,  6.810124E-27,  4.748440E-19, -3.000000E+02,  7.133719E-02,  1.987108E-01,  4.140700E-28,  2.496645E+02,  3.468700E-28,  4.857469E-31,  3.481513E-31,  3.000496E-35,  5.655256E-28
  5.201924E-01, -5.187597E+01,  2.322737E-01,  6.470018E-01,  1.394003E-02,  6.582878E+01,  5.608180E-06,  2.429245E-09,  3.089722E-06,  9.978845E-11,  1.545618E-05, -5.727032E+01,  3.880855E-02,  1.320019E-01,  3.836428E-06,  8.624777E+01,  7.764568E-10,  5.463165E-14,  1.114326E-09,  4.262714E-15,  2.544461E-09, -1.564986E+02,  7.935191E-02,  2.210360E-01,  1.216976E-17,  2.279213E+02,  4.441278E-19,  9.628808E-24,  9.341237E-21,  1.130107E-26,  7.329186E-19, -3.000000E+02,  7.133719E-02,  1.987108E-01,  4.140700E-28,  2.496645E+02,  3.468700E-28,  4.884543E-31,  3.481513E-31,  3.017221E-35,  5.655300E-28
  5.230770E-01, -5.175633E+01,  2.328769E-01,  6.486820E-01,  1.410796E-02,  6.540336E+01,  5.666914E-06,  2.473505E-09,  3.106728E-06,  1.012816E-10,  1.561634E-05, -5.714358E+01,  3.887625E-02,  1.322321E-01,  4.366151E-06,  8.619506E+01,  8.689338E-10,  6.141991E-14,  1.267414E-09,  4.872030E-15,  2.871001E-09, -1.537087E+02,  7.986474E-02,  2.224645E-01,  1.985749E-17,  2.268388E+02,  6.799967E-19,  1.494123E-23,  1.516977E-20,  1.859418E-26,  1.123135E-18, -3.000000E+02,  7.133719E-02,  1.987108E-01,  4.140700E-28,  2.496645E+02,  3.468700E-28,  4.911617E-31,  3.481513E-31,  3.033946E-35,  5.655344E-28
  5.259616E-01, -5.163845E+01,  2.334721E-01,  6.503402E-01,  1.427555E-02,  6.498450E+01,  5.725432E-06,  2.518222E-09,  3.123490E-06,  1.027829E-10,  1.577591E-05, -5.701629E+01,  3.894490E-02,  1.324657E-01,  4.962832E-06,  8.614172E+01,  9.713717E-10,  6.900842E-14,  1.439728E-09,  5.564185E-15,  3.235888E-09, -1.510895E+02,  8.038058E-02,  2.239013E-01,  3.215148E-17,  2.257688E+02,  1.034135E-18,  2.302033E-23,  2.444569E-20,  3.034684E-26,  1.709606E-18, -3.000000E+02,  7.133719E-02,  1.987108E-01,  4.140700E-28,  2.496645E+02,  3.468700E-28,  4.938691E-31,  3.481513E-31,  3.050671E-35,  5.655388E-28
  5.288463E-01, -5.152235E+01,  2.340594E-01,  6.519762E-01,  1.444272E-02,  6.457216E+01,  5.783718E-06,  2.563394E-09,  3.140007E-06,  1.042920E-10,  1.593485E-05, -5.688880E+01,  3.901435E-02,  1.327019E-01,  5.633769E-06,  8.608789E+01,  1.084666E-09,  7.748201E-14,  1.633347E-09,  6.349424E-15,  3.642978E-09, -1.486265E+02,  8.089867E-02,  2.253445E-01,  5.168249E-17,  2.247122E+02,  1.562865E-18,  3.523008E-23,  3.911178E-20,  4.915044E-26,  2.586131E-18, -3.000000E+02,  7.133719E-02,  1.987108E-01,  4.140700E-28,  2.496645E+02,  3.468700E-28,  4.965764E-31,  3.481513E-31,  3.067396E-35,  5.655432E-28
  5.317309E-01, -5.140800E+01,  2.346388E-01,  6.535900E-01,  1.460942E-02,  6.416633E+01,  5.841756E-06,  2.609019E-09,  3.156280E-06,  1.058090E-10,  1.609310E-05, -5.676142E+01,  3.908442E-02,  1.329402E-01,  6.386889E-06,  8.603368E+01,  1.209769E-09,  8.693291E-14,  1.850527E-09,  7.239073E-15,  4.096424E-09, -1.463070E+02,  8.141826E-02,  2.267918E-01,  8.251998E-17,  2.236692E+02,  2.348113E-18,  5.357451E-23,  6.215882E-20,  7.903427E-26,  3.889345E-18, -3.000000E+02,  7.133719E-02,  1.987108E-01,  4.140700E-28,  2.496645E+02,  3.468700E-28,  4.992838E-31,  3.481513E-31,  3.084121E-35,  5.655476E-28
  5.346155E-01, -5.129540E+01,  2.352102E-01,  6.551815E-01,  1.477562E-02,  6.376697E+01,  5.899528E-06,  2.655096E-09,  3.172309E-06,  1.073337E-10,  1.625064E-05, -5.663445E+01,  3.915496E-02,  1.331801E-01,  7.230765E-06,  8.597927E+01,  1.347693E-09,  9.746131E-14,  2.093705E-09,  8.245630E-15,  4.600688E-09, -1.441195E+02,  8.193863E-02,  2.282413E-01,  1.309262E-16,  2.226409E+02,  3.508535E-18,  8.098464E-23,  9.816779E-20,  1.262300E-25,  5.817413E-18, -3.000000E+02,  7.133719E-02,  1.987108E-01,  4.140700E-28,  2.496645E+02,  3.468700E-28,  5.019911E-31,  3.481513E-31,  3.100845E-35,  5.655520E-28
  5.375002E-01, -5.118454E+01,  2.357735E-01,  6.567508E-01,  1.494124E-02,  6.337405E+01,  5.957020E-06,  2.701621E-09,  3.188095E-06,  1.088660E-10,  1.640742E-05, -5.650812E+01,  3.922583E-02,  1.334212E-01,  8.174658E-06,  8.592466E+01,  1.499510E-09,  1.091757E-13,  2.365510E-09,  9.382858E-15,  5.160548E-09, -1.420540E+02,  8.245908E-02,  2.296910E-01,  2.064880E-16,  2.216273E+02,  5.215201E-18,  1.217279E-22,  1.541187E-19,  2.003249E-25,  8.656475E-18, -3.000000E+02,  7.133719E-02,  1.987108E-01,  4.140700E-28,  2.496645E+02,  3.468700E-28,  5.046984E-31,  3.481513E-31,  3.117570E-35,  5.655564E-28
  5.403848E-01, -5.107541E+01,  2.363289E-01,  6.582977E-01,  1.510626E-02,  6.298756E+01,  6.014217E-06,  2.748593E-09,  3.203638E-06,  1.104057E-10,  1.656340E-05, -5.638264E+01,  3.929692E-02,  1.336630E-01,  9.228524E-06,  8.587008E+01,  1.666348E-09,  1.221935E-13,  2.668772E-09,  1.066588E-14,  5.781112E-09, -1.401010E+02,  8.297905E-02,  2.311394E-01,  3.238042E-16,  2.206289E+02,  7.713623E-18,  1.819899E-22,  2.405926E-19,  3.159936E-25,  1.281782E-17, -3.000000E+02,  7.133719E-02,  1.987108E-01,  4.140700E-28,  2.496645E+02,  3.468700E-28,  5.074057E-31,  3.481513E-31,  3.134295E-35,  5.655608E-28
  5.432694E-01, -5.096800E+01,  2.368762E-01,  6.598223E-01,  1.527061E-02,  6.260746E+01,  6.071103E-06,  2.796009E-09,  3.218941E-06,  1.119528E-10,  1.671853E-05, -5.625819E+01,  3.936811E-02,  1.339051E-01,  1.040307E-05,  8.581546E+01,  1.849401E-09,  1.366413E-13,  3.006521E-09,  1.211128E-14,  6.467820E-09, -1.382517E+02,  8.349806E-02,  2.325851E-01,  5.049878E-16,  2.196458E+02,  1.135447E-17,  2.706957E-22,  3.735436E-19,  4.955804E-25,  1.888988E-17, -3.000000E+02,  7.133719E-02,  1.987108E-01,  4.140700E-28,  2.496645E+02,  3.468700E-28,  5.101130E-31,  3.481513E-31,  3.151019E-35,  5.655652E-28
  5.461540E-01, -5.086232E+01,  2.374155E-01,  6.613245E-01,  1.543424E-02,  6.223374E+01,  6.127663E-06,  2.843867E-09,  3.234006E-06,  1.135072E-10,  1.687278E-05, -5.613492E+01,  3.943931E-02,  1.341473E-01,  1.170972E-05,  8.576104E+01,  2.049917E-09,  1.526555E-13,  3.382004E-09,  1.373719E-14,  7.226456E-09, -1.364979E+02,  8.401578E-02,  2.340272E-01,  7.833490E-16,  2.186777E+02,  1.663618E-17,  4.006644E-22,  5.768956E-19,  7.729319E-25,  2.771043E-17, -2.999999E+02,  7.133719E-02,  1.987108E-01,  4.140700E-28,  2.496645E+02,  3.468700E-28,  5.128202E-31,  3.481513E-31,  3.167743E-35,  5.655696E-28
  5.490387E-01, -5.075835E+01,  2.379467E-01,  6.628042E-01,  1.559713E-02,  6.186635E+01,  6.183885E-06,  2.892164E-09,  3.248834E-06,  1.150686E-10,  1.702612E-05, -5.601295E+01,  3.951044E-02,  1.343893E-01,  1.316073E-05,  8.570671E+01,  2.269208E-09,  1.703829E-13,  3.798675E-09,  1.556341E-14,  8.063150E-09, -1.348322E+02,  8.453199E-02,  2.354652E-01,  1.208784E-15,  2.177246E+02,  2.426365E-17,  5.902219E-22,  8.863268E-19,  1.199047E-24,  4.046643E-17, -2.999999E+02,  7.133719E-02,  1.987108E-01,  4.140700E-28,  2.496645E+02,  3.468700E-28,  5.155275E-31,  3.481513E-31,  3.184468E-35,  5.655740E-28
  5.519233E-01, -5.065608E+01,  2.384699E-01,  6.642615E-01,  1.575921E-02,  6.150527E+01,  6.239755E-06,  2.940897E-09,  3.263428E-06,  1.166371E-10,  1.717851E-05, -5.589238E+01,  3.958143E-02,  1.346307E-01,  1.476907E-05,  8.565269E+01,  2.508638E-09,  1.899807E-13,  4.260216E-09,  1.761153E-14,  8.984381E-09, -1.332473E+02,  8.504658E-02,  2.368985E-01,  1.855609E-15,  2.167858E+02,  3.522864E-17,  8.654424E-22,  1.354736E-18,  1.850357E-24,  5.883096E-17, -2.999999E+02,  7.133719E-02,  1.987108E-01,  4.140700E-28,  2.496645E+02,  3.468700E-28,  5.182347E-31,  3.481513E-31,  3.201192E-35,  5.655785E-28
  5.548079E-01, -5.055551E+01,  2.389850E-01,  6.656962E-01,  1.592044E-02,  6.115049E+01,  6.295259E-06,  2.990063E-09,  3.277791E-06,  1.182124E-10,  1.732991E-05, -5.577328E+01,  3.965221E-02,  1.348715E-01,  1.654858E-05,  8.559887E+01,  2.769635E-09,  2.116175E-13,  4.770524E-09,  1.990497E-14,  9.996979E-09, -1.317369E+02,  8.555950E-02,  2.383273E-01,  2.833862E-15,  2.158609E+02,  5.091927E-17,  1.263244E-21,  2.060109E-18,  2.840786E-24,  8.515028E-17, -2.999998E+02,  7.133719E-02,  1.987108E-01,  4.140700E-28,  2.496645E+02,  3.468700E-28,  5.209419E-31,  3.481513E-31,  3.217916E-35,  5.655829E-28
  5.576925E-01, -5.045664E+01,  2.394919E-01,  6.671085E-01,  1.608079E-02,  6.080195E+01,  6.350385E-06,  3.039660E-09,  3.291925E-06,  1.197946E-10,  1.748029E-05, -5.565574E+01,  3.972273E-02,  1.351113E-01,  1.851385E-05,  8.554542E+01,  3.053676E-09,  2.354732E-13,  5.333729E-09,  2.246918E-14,  1.110813E-08, -1.302950E+02,  8.607075E-02,  2.397514E-01,  4.305520E-15,  2.149492E+02,  7.326809E-17,  1.835644E-21,  3.116728E-18,  4.339200E-24,  1.226975E-16, -2.999997E+02,  7.133719E-02,  1.987108E-01,  4.140700E-28,  2.496645E+02,  3.468700E-28,  5.236491E-31,  3.481513E-31,  3.234640E-35,  5.655873E-28
  5.605772E-01, -5.035944E+01,  2.399909E-01,  6.684982E-01,  1.624021E-02,  6.045965E+01,  6.405120E-06,  3.089684E-09,  3.305835E-06,  1.213834E-10,  1.762961E-05, -5.553979E+01,  3.979293E-02,  1.353501E-01,  2.068033E-05,  8.549228E+01,  3.362295E-09,  2.617399E-13,  5.954177E-09,  2.533166E-14,  1.232535E-08, -1.289165E+02,  8.658036E-02,  2.411709E-01,  6.507592E-15,  2.140502E+02,  1.049514E-16,  2.655567E-21,  4.691087E-18,  6.594511E-24,  1.760148E-16, -2.999996E+02,  7.133720E-02,  1.987109E-01,  4.140700E-28,  2.496645E+02,  3.468700E-28,  5.263563E-31,  3.481513E-31,  3.251364E-35,  5.655917E-28
  5.634618E-01, -5.026392E+01,  2.404817E-01,  6.698654E-01,  1.639865E-02,  6.012353E+01,  6.459453E-06,  3.140132E-09,  3.319522E-06,  1.229788E-10,  1.777786E-05, -5.542548E+01,  3.986276E-02,  1.355876E-01,  2.306425E-05,  8.543955E+01,  3.697072E-09,  2.906219E-13,  6.636445E-09,  2.852215E-14,  1.365653E-08, -1.275966E+02,  8.708833E-02,  2.425859E-01,  9.784810E-15,  2.131635E+02,  1.496557E-16,  3.824737E-21,  7.024294E-18,  9.971546E-24,  2.513725E-16, -2.999993E+02,  7.133720E-02,  1.987109E-01,  4.140700E-28,  2.496645E+02,  3.468700E-28,  5.290635E-31,  3.481513E-31,  3.268088E-35,  5.655961E-28
  5.663464E-01, -5.017007E+01,  2.409644E-01,  6.712101E-01,  1.655609E-02,  5.979357E+01,  6.513372E-06,  3.191002E-09,  3.332990E-06,  1.245807E-10,  1.792499E-05, -5.531285E+01,  3.993220E-02,  1.358238E-01,  2.568264E-05,  8.538722E+01,  4.059638E-09,  3.223363E-13,  7.385329E-09,  3.207267E-14,  1.510986E-08, -1.263312E+02,  8.759463E-02,  2.439962E-01,  1.463559E-14,  2.122886E+02,  2.124319E-16,  5.484339E-21,  1.046344E-17,  1.500200E-23,  3.573810E-16, -2.999989E+02,  7.133720E-02,  1.987109E-01,  4.140700E-28,  2.496645E+02,  3.468700E-28,  5.317707E-31,  3.481513E-31,  3.284812E-35,  5.656005E-28
  5.692311E-01, -5.007788E+01,  2.414391E-01,  6.725323E-01,  1.671248E-02,  5.946974E+01,  6.566866E-06,  3.242289E-09,  3.346243E-06,  1.261889E-10,  1.807098E-05, -5.520192E+01,  4.000118E-02,  1.360584E-01,  2.855336E-05,  8.533533E+01,  4.451665E-09,  3.571132E-13,  8.205846E-09,  3.601765E-14,  1.669389E-08, -1.251166E+02,  8.809920E-02,  2.454017E-01,  2.177627E-14,  2.114252E+02,  3.001637E-16,  7.829338E-21,  1.550521E-17,  2.245636E-23,  5.058028E-16, -2.999984E+02,  7.133721E-02,  1.987109E-01,  4.140700E-28,  2.496644E+02,  3.468700E-28,  5.344778E-31,  3.481512E-31,  3.301536E-35,  5.656049E-28
  5.721157E-01, -4.998734E+01,  2.419057E-01,  6.738321E-01,  1.686778E-02,  5.915197E+01,  6.619925E-06,  3.293990E-09,  3.359284E-06,  1.278034E-10,  1.821580E-05, -5.509273E+01,  4.006969E-02,  1.362915E-01,  3.169501E-05,  8.528391E+01,  4.874868E-09,  3.951962E-13,  9.103225E-09,  4.039404E-14,  1.841746E-08, -1.239498E+02,  8.860194E-02,  2.468021E-01,  3.223018E-14,  2.105730E+02,  4.221834E-16,  1.112760E-20,  2.285614E-17,  3.344479E-23,  7.126223E-16, -2.999975E+02,  7.133722E-02,  1.987109E-01,  4.140700E-28,  2.496644E+02,  3.468700E-28,  5.371849E-31,  3.481512E-31,  3.318260E-35,  5.656093E-28
  5.750003E-01, -4.989844E+01,  2.423643E-01,  6.751094E-01,  1.702197E-02,  5.884025E+01,  6.672538E-06,  3.346102E-09,  3.372118E-06,  1.294240E-10,  1.835943E-05, -5.498528E+01,  4.013769E-02,  1.365228E-01,  3.512698E-05,  8.523297E+01,  5.330994E-09,  4.368425E-13,  1.008290E-08,  4.524141E-14,  2.028972E-08, -1.228277E+02,  8.910271E-02,  2.481970E-01,  4.745061E-14,  2.097320E+02,  5.910756E-16,  1.574532E-20,  3.351537E-17,  4.955780E-23,  9.994490E-16, -2.999961E+02,  7.133724E-02,  1.987110E-01,  4.140700E-28,  2.496643E+02,  3.468700E-28,  5.398921E-31,  3.481510E-31,  3.334984E-35,  5.656137E-28
  5.778849E-01, -4.981117E+01,  2.428148E-01,  6.763643E-01,  1.717500E-02,  5.853453E+01,  6.724697E-06,  3.398621E-09,  3.384747E-06,  1.310508E-10,  1.850183E-05, -5.487959E+01,  4.020515E-02,  1.367522E-01,  3.886935E-05,  8.518254E+01,  5.821824E-09,  4.823232E-13,  1.115052E-08,  5.060204E-14,  2.232012E-08, -1.217479E+02,  8.960139E-02,  2.495860E-01,  6.948916E-14,  2.089020E+02,  8.237216E-16,  2.218056E-20,  4.888742E-17,  7.306115E-23,  1.395345E-15, -2.999939E+02,  7.133727E-02,  1.987111E-01,  4.140700E-28,  2.496642E+02,  3.468700E-28,  5.425992E-31,  3.481509E-31,  3.351707E-35,  5.656181E-28
  5.807696E-01, -4.972552E+01,  2.432573E-01,  6.775970E-01,  1.732684E-02,  5.823476E+01,  6.776391E-06,  3.451544E-09,  3.397176E-06,  1.326834E-10,  1.864299E-05, -5.477566E+01,  4.027203E-02,  1.369797E-01,  4.294295E-05,  8.513261E+01,  6.349166E-09,  5.319235E-13,  1.231190E-08,  5.652100E-14,  2.451835E-08, -1.207080E+02,  9.009783E-02,  2.509689E-01,  1.012248E-13,  2.080828E+02,  1.142648E-15,  3.110737E-20,  7.093502E-17,  1.071642E-22,  1.939194E-15, -2.999904E+02,  7.133732E-02,  1.987112E-01,  4.140700E-28,  2.496640E+02,  3.468700E-28,  5.453063E-31,  3.481506E-31,  3.368431E-35,  5.656225E-28
  5.836542E-01, -4.964148E+01,  2.436919E-01,  6.788074E-01,  1.747747E-02,  5.794090E+01,  6.827613E-06,  3.504867E-09,  3.409408E-06,  1.343220E-10,  1.878289E-05, -5.467351E+01,  4.033832E-02,  1.372052E-01,  4.736921E-05,  8.508325E+01,  6.914845E-09,  5.859429E-13,  1.357305E-08,  6.304626E-14,  2.689437E-08, -1.197057E+02,  9.059191E-02,  2.523451E-01,  1.466737E-13,  2.072745E+02,  1.577753E-15,  4.343339E-20,  1.023848E-16,  1.563872E-22,  2.682748E-15, -2.999849E+02,  7.133739E-02,  1.987114E-01,  4.140700E-28,  2.496637E+02,  3.468700E-28,  5.480134E-31,  3.481502E-31,  3.385154E-35,  5.656269E-28
  5.865388E-01, -4.955905E+01,  2.441185E-01,  6.799957E-01,  1.762684E-02,  5.765290E+01,  6.878353E-06,  3.558586E-09,  3.421448E-06,  1.359664E-10,  1.892149E-05, -5.457313E+01,  4.040398E-02,  1.374285E-01,  5.217024E-05,  8.503442E+01,  7.520706E-09,  6.446953E-13,  1.494014E-08,  7.022875E-14,  2.945832E-08, -1.187391E+02,  9.108352E-02,  2.537145E-01,  2.114048E-13,  2.064767E+02,  2.168516E-15,  6.037468E-20,  1.470021E-16,  2.270606E-22,  3.694531E-15, -2.999761E+02,  7.133751E-02,  1.987117E-01,  4.140700E-28,  2.496632E+02,  3.468700E-28,  5.507204E-31,  3.481495E-31,  3.401877E-35,  5.656313E-28
  5.894234E-01, -4.947820E+01,  2.445371E-01,  6.811619E-01,  1.777494E-02,  5.737072E+01,  6.928605E-06,  3.612697E-09,  3.433300E-06,  1.376164E-10,  1.905879E-05, -5.447453E+01,  4.046900E-02,  1.376497E-01,  5.736866E-05,  8.498618E+01,  8.168602E-09,  7.085091E-13,  1.641951E-08,  7.812243E-14,  3.222060E-08, -1.178062E+02,  9.157258E-02,  2.550768E-01,  3.030948E-13,  2.056895E+02,  2.966784E-15,  8.355234E-20,  2.099558E-16,  3.279999E-22,  5.064804E-15, -2.999623E+02,  7.133769E-02,  1.987122E-01,  4.140700E-28,  2.496625E+02,  3.468700E-28,  5.534275E-31,  3.481485E-31,  3.418601E-35,  5.656357E-28
  5.923081E-01, -4.939893E+01,  2.449479E-01,  6.823062E-01,  1.792174E-02,  5.709429E+01,  6.978361E-06,  3.667196E-09,  3.444967E-06,  1.392720E-10,  1.919476E-05, -5.437771E+01,  4.053335E-02,  1.378685E-01,  6.298765E-05,  8.493850E+01,  8.860392E-09,  7.777272E-13,  1.801760E-08,  8.678440E-14,  3.519172E-08, -1.169051E+02,  9.205904E-02,  2.564319E-01,  4.322625E-13,  2.049124E+02,  4.040295E-15,  1.151167E-19,  2.983001E-16,  4.714119E-22,  6.911841E-15, -2.999403E+02,  7.133799E-02,  1.987131E-01,  4.140700E-28,  2.496613E+02,  3.468700E-28,  5.561345E-31,  3.481468E-31,  3.435324E-35,  5.656401E-28
  5.951927E-01, -4.932122E+01,  2.453509E-01,  6.834287E-01,  1.806721E-02,  5.682356E+01,  7.027614E-06,  3.722080E-09,  3.456454E-06,  1.409332E-10,  1.932938E-05, -5.428265E+01,  4.059701E-02,  1.380851E-01,  6.905081E-05,  8.489143E+01,  9.597930E-09,  8.527069E-13,  1.974102E-08,  9.627490E-14,  3.838236E-08, -1.160342E+02,  9.254286E-02,  2.577796E-01,  6.132367E-13,  2.041454E+02,  5.477081E-15,  1.579057E-19,  4.216045E-16,  6.741043E-22,  9.389823E-15, -2.999057E+02,  7.133845E-02,  1.987143E-01,  4.140700E-28,  2.496594E+02,  3.468700E-28,  5.588415E-31,  3.481442E-31,  3.452046E-35,  5.656445E-28
  5.980773E-01, -4.924506E+01,  2.457461E-01,  6.845294E-01,  1.821133E-02,  5.655848E+01,  7.076358E-06,  3.777345E-09,  3.467763E-06,  1.425998E-10,  1.946265E-05, -5.418936E+01,  4.065997E-02,  1.382992E-01,  7.558217E-05,  8.484495E+01,  1.038306E-08,  9.338201E-13,  2.159644E-08,  1.066574E-13,  4.180332E-08, -1.151919E+02,  9.302400E-02,  2.591198E-01,  8.654207E-13,  2.033883E+02,  7.390952E-15,  2.156467E-19,  5.927763E-16,  9.590899E-22,  1.269871E-14, -2.998511E+02,  7.133918E-02,  1.987164E-01,  4.140700E-28,  2.496565E+02,  3.468700E-28,  5.615485E-31,  3.481401E-31,  3.468769E-35,  5.656489E-28
  6.009620E-01, -4.917044E+01,  2.461335E-01,  6.856086E-01,  1.835407E-02,  5.629900E+01,  7.124587E-06,  3.832986E-09,  3.478901E-06,  1.442717E-10,  1.959453E-05, -5.409783E+01,  4.072220E-02,  1.385109E-01,  8.260606E-05,  8.479908E+01,  1.121763E-08,  1.021453E-12,  2.359065E-08,  1.179986E-13,  4.546545E-08, -1.143766E+02,  9.350243E-02,  2.604524E-01,  1.214937E-12,  2.026409E+02,  9.928287E-15,  2.932102E-19,  8.291216E-16,  1.357702E-21,  1.709652E-14, -2.997648E+02,  7.134034E-02,  1.987196E-01,  4.140700E-28,  2.496518E+02,  3.468700E-28,  5.642555E-31,  3.481336E-31,  3.485491E-35,  5.656533E-28
  6.038466E-01, -4.909734E+01,  2.465132E-01,  6.866664E-01,  1.849541E-02,  5.604505E+01,  7.172296E-06,  3.889000E-09,  3.489870E-06,  1.459489E-10,  1.972503E-05, -5.400805E+01,  4.078369E-02,  1.387200E-01,  9.014710E-05,  8.475385E+01,  1.210344E-08,  1.116006E-12,  2.573049E-08,  1.303685E-13,  4.937966E-08, -1.135872E+02,  9.397810E-02,  2.617774E-01,  1.696749E-12,  2.019029E+02,  1.327639E-14,  3.969304E-19,  1.153713E-15,  1.912365E-21,  2.291451E-14, -2.996272E+02,  7.134218E-02,  1.987247E-01,  4.140700E-28,  2.496443E+02,  3.468700E-28,  5.669625E-31,  3.481231E-31,  3.502213E-35,  5.656577E-28
  6.067312E-01, -4.902575E+01,  2.468853E-01,  6.877028E-01,  1.863533E-02,  5.579656E+01,  7.219479E-06,  3.945381E-09,  3.500674E-06,  1.476313E-10,  1.985412E-05, -5.392001E+01,  4.084442E-02,  1.389266E-01,  9.823007E-05,  8.470923E+01,  1.304228E-08,  1.217892E-12,  2.802283E-08,  1.438404E-13,  5.355689E-08, -1.128222E+02,  9.445096E-02,  2.630946E-01,  2.357391E-12,  2.011743E+02,  1.767373E-14,  5.350042E-19,  1.597135E-15,  2.680210E-21,  3.057582E-14, -2.994058E+02,  7.134516E-02,  1.987330E-01,  4.140700E-28,  2.496323E+02,  3.468700E-28,  5.696695E-31,  3.481063E-31,  3.518933E-35,  5.656621E-28
  6.096158E-01, -4.895566E+01,  2.472498E-01,  6.887182E-01,  1.877382E-02,  5.555349E+01,  7.266133E-06,  4.002128E-09,  3.511317E-06,  1.493188E-10,  1.998180E-05, -5.383370E+01,  4.090439E-02,  1.391306E-01,  1.068799E-04,  8.466527E+01,  1.403590E-08,  1.327541E-12,  3.047459E-08,  1.584911E-13,  5.800802E-08, -1.120806E+02,  9.492095E-02,  2.644038E-01,  3.258439E-12,  2.004550E+02,  2.342238E-14,  7.179886E-19,  2.199702E-15,  3.737748E-21,  4.061838E-14, -2.990474E+02,  7.135000E-02,  1.987465E-01,  4.140700E-28,  2.496127E+02,  3.468700E-28,  5.723764E-31,  3.480790E-31,  3.535653E-35,  5.656665E-28
  6.125005E-01, -4.888704E+01,  2.476069E-01,  6.897127E-01,  1.891085E-02,  5.531576E+01,  7.312253E-06,  4.059234E-09,  3.521804E-06,  1.510113E-10,  2.010805E-05, -5.374911E+01,  4.096357E-02,  1.393319E-01,  1.161214E-04,  8.462191E+01,  1.508602E-08,  1.445394E-12,  3.309268E-08,  1.744003E-13,  6.274391E-08, -1.113614E+02,  9.538799E-02,  2.657047E-01,  4.480922E-12,  1.997448E+02,  3.090311E-14,  9.594152E-19,  3.014257E-15,  5.186893E-21,  5.372262E-14, -2.984673E+02,  7.135788E-02,  1.987685E-01,  4.140700E-28,  2.495808E+02,  3.468700E-28,  5.750834E-31,  3.480345E-31,  3.552370E-35,  5.656708E-28
  6.153851E-01, -4.881989E+01,  2.479564E-01,  6.906864E-01,  1.904641E-02,  5.508332E+01,  7.357836E-06,  4.116696E-09,  3.532137E-06,  1.527088E-10,  2.023287E-05, -5.366621E+01,  4.102195E-02,  1.395305E-01,  1.259796E-04,  8.457926E+01,  1.619430E-08,  1.571904E-12,  3.588400E-08,  1.916515E-13,  6.777530E-08, -1.106637E+02,  9.585200E-02,  2.669972E-01,  6.130875E-12,  1.990437E+02,  4.059356E-14,  1.276547E-18,  4.109682E-15,  7.162679E-21,  7.074515E-14, -2.975374E+02,  7.137064E-02,  1.988040E-01,  4.140700E-28,  2.495291E+02,  3.468700E-28,  5.777903E-31,  3.479625E-31,  3.569084E-35,  5.656752E-28
  6.182697E-01, -4.875418E+01,  2.482986E-01,  6.916396E-01,  1.918049E-02,  5.485608E+01,  7.402878E-06,  4.174509E-09,  3.542321E-06,  1.544112E-10,  2.035624E-05, -5.358501E+01,  4.107953E-02,  1.397263E-01,  1.364793E-04,  8.453721E+01,  1.736237E-08,  1.707539E-12,  3.885539E-08,  2.103311E-13,  7.311283E-08, -1.099864E+02,  9.631290E-02,  2.682811E-01,  8.346293E-12,  1.983515E+02,  5.308992E-14,  1.691305E-18,  5.575280E-15,  9.843071E-21,  9.275920E-14, -2.960761E+02,  7.139102E-02,  1.988608E-01,  4.140700E-28,  2.494466E+02,  3.468700E-28,  5.804972E-31,  3.478474E-31,  3.585792E-35,  5.656795E-28
  6.211543E-01, -4.868990E+01,  2.486335E-01,  6.925725E-01,  1.931308E-02,  5.463400E+01,  7.447377E-06,  4.232670E-09,  3.552359E-06,  1.561184E-10,  2.047816E-05, -5.350548E+01,  4.113630E-02,  1.399194E-01,  1.476450E-04,  8.449586E+01,  1.859178E-08,  1.852779E-12,  4.201366E-08,  2.305291E-13,  7.876694E-08, -1.093288E+02,  9.677062E-02,  2.695560E-01,  1.130578E-11,  1.976684E+02,  6.913280E-14,  2.231396E-18,  7.526192E-15,  1.346139E-20,  1.211030E-13, -2.938502E+02,  7.142284E-02,  1.989494E-01,  4.140700E-28,  2.493178E+02,  3.468700E-28,  5.832041E-31,  3.476678E-31,  3.602491E-35,  5.656837E-28
  6.240390E-01, -4.862704E+01,  2.489612E-01,  6.934852E-01,  1.944415E-02,  5.441699E+01,  7.491331E-06,  4.291174E-09,  3.562255E-06,  1.578303E-10,  2.059863E-05, -5.342760E+01,  4.119223E-02,  1.401096E-01,  1.595009E-04,  8.445514E+01,  1.988404E-08,  2.008113E-12,  4.536548E-08,  2.523384E-13,  8.474792E-08, -1.086900E+02,  9.722510E-02,  2.708220E-01,  1.523927E-11,  1.969941E+02,  8.963785E-14,  2.931679E-18,  1.011008E-14,  1.832195E-20,  1.574373E-13, -2.905970E+02,  7.147112E-02,  1.990839E-01,  4.140700E-28,  2.491258E+02,  3.468700E-28,  5.859110E-31,  3.474001E-31,  3.619177E-35,  5.656879E-28
  6.269236E-01, -4.856557E+01,  2.492817E-01,  6.943780E-01,  1.957370E-02,  5.420498E+01,  7.534738E-06,  4.350017E-09,  3.572011E-06,  1.595469E-10,  2.071763E-05, -5.335136E+01,  4.124734E-02,  1.402971E-01,  1.720710E-04,  8.441510E+01,  2.124058E-08,  2.174044E-12,  4.891748E-08,  2.758553E-13,  9.106578E-08, -1.080693E+02,  9.767628E-02,  2.720788E-01,  2.044116E-11,  1.963285E+02,  1.157317E-13,  3.835817E-18,  1.351532E-14,  2.481962E-20,  2.038137E-13, -2.860763E+02,  7.154191E-02,  1.992811E-01,  4.140700E-28,  2.488486E+02,  3.468700E-28,  5.886179E-31,  3.470136E-31,  3.635845E-35,  5.656919E-28
  6.298082E-01, -4.850548E+01,  2.495951E-01,  6.952511E-01,  1.970173E-02,  5.399791E+01,  7.577595E-06,  4.409194E-09,  3.581633E-06,  1.612682E-10,  2.083517E-05, -5.327675E+01,  4.130161E-02,  1.404817E-01,  1.853788E-04,  8.437573E+01,  2.266277E-08,  2.351086E-12,  5.267612E-08,  3.011792E-13,  9.773032E-08, -1.074659E+02,  9.812412E-02,  2.733262E-01,  2.728641E-11,  1.956716E+02,  1.487942E-13,  4.998251E-18,  1.798091E-14,  3.346418E-20,  2.627547E-13, -2.801416E+02,  7.164189E-02,  1.995596E-01,  4.140743E-28,  2.484633E+02,  3.468732E-28,  5.913247E-31,  3.464798E-31,  3.652487E-35,  5.657010E-28
  6.326929E-01, -4.844675E+01,  2.499016E-01,  6.961047E-01,  1.982822E-02,  5.379571E+01,  7.619903E-06,  4.468701E-09,  3.591122E-06,  1.629940E-10,  2.095124E-05, -5.320373E+01,  4.135504E-02,  1.406634E-01,  1.994473E-04,  8.433698E+01,  2.415190E-08,  2.539760E-12,  5.664769E-08,  3.284123E-13,  1.047510E-07, -1.068793E+02,  9.856858E-02,  2.745643E-01,  3.625012E-11,  1.950233E+02,  1.905074E-13,  6.486563E-18,  2.380857E-14,  4.491046E-20,  3.373478E-13, -2.728037E+02,  7.177783E-02,  1.999382E-01,  4.140947E-28,  2.479515E+02,  3.468880E-28,  5.940317E-31,  3.457832E-31,  3.669095E-35,  5.657289E-28
  6.355775E-01, -4.838936E+01,  2.502011E-01,  6.969391E-01,  1.995316E-02,  5.359829E+01,  7.661660E-06,  4.528535E-09,  3.600483E-06,  1.647243E-10,  2.106584E-05, -5.313230E+01,  4.140762E-02,  1.408422E-01,  2.142987E-04,  8.429896E+01,  2.570915E-08,  2.740599E-12,  6.083839E-08,  3.576601E-13,  1.121370E-07, -1.063086E+02,  9.900962E-02,  2.757928E-01,  4.793110E-11,  1.943834E+02,  2.429124E-13,  8.384281E-18,  3.137718E-14,  5.999544E-20,  4.313551E-13, -2.642488E+02,  7.195592E-02,  2.004343E-01,  4.141608E-28,  2.473009E+02,  3.469362E-28,  5.967391E-31,  3.449309E-31,  3.685662E-35,  5.658109E-28
  6.384621E-01, -4.833330E+01,  2.504939E-01,  6.977546E-01,  2.007656E-02,  5.340560E+01,  7.702866E-06,  4.588690E-09,  3.609717E-06,  1.664590E-10,  2.117897E-05, -5.306244E+01,  4.145934E-02,  1.410182E-01,  2.299549E-04,  8.426157E+01,  2.733568E-08,  2.954145E-12,  6.525414E-08,  3.890308E-13,  1.198970E-07, -1.057532E+02,  9.944721E-02,  2.770117E-01,  6.308030E-11,  1.937519E+02,  3.084751E-13,  1.079420E-17,  4.116016E-14,  7.978372E-20,  5.493400E-13, -2.547980E+02,  7.218141E-02,  2.010624E-01,  4.143508E-28,  2.465036E+02,  3.470747E-28,  5.994475E-31,  3.439766E-31,  3.702184E-35,  5.660397E-28
  6.413467E-01, -4.827854E+01,  2.507799E-01,  6.985513E-01,  2.019840E-02,  5.321754E+01,  7.743521E-06,  4.649162E-09,  3.618829E-06,  1.681981E-10,  2.129062E-05, -5.299411E+01,  4.151021E-02,  1.411912E-01,  2.464368E-04,  8.422485E+01,  2.903251E-08,  3.180946E-12,  6.990070E-08,  4.226352E-13,  1.280397E-07, -1.052127E+02,  9.988131E-02,  2.782209E-01,  8.263473E-11,  1.931286E+02,  3.901612E-13,  1.384227E-17,  5.374606E-14,  1.056228E-19,  6.968146E-13, -2.448301E+02,  7.245837E-02,  2.018339E-01,  4.148612E-28,  2.455620E+02,  3.474466E-28,  6.021588E-31,  3.430847E-31,  3.718662E-35,  5.666485E-28
  6.442314E-01, -4.822506E+01,  2.510593E-01,  6.993295E-01,  2.031869E-02,  5.303405E+01,  7.783625E-06,  4.709947E-09,  3.627822E-06,  1.699415E-10,  2.140081E-05, -5.292731E+01,  4.156023E-02,  1.413613E-01,  2.637646E-04,  8.418881E+01,  3.080059E-08,  3.421559E-12,  7.478361E-08,  4.585870E-13,  1.365728E-07, -1.046865E+02,  1.003119E-01,  2.794203E-01,  1.077578E-10,  1.925136E+02,  4.915219E-13,  1.768221E-17,  6.986302E-14,  1.392103E-19,  8.804075E-13, -2.347054E+02,  7.278977E-02,  2.027570E-01,  4.161659E-28,  2.444819E+02,  3.483971E-28,  6.048775E-31,  3.426499E-31,  3.735120E-35,  5.681991E-28
  6.471160E-01, -4.817286E+01,  2.513321E-01,  7.000895E-01,  2.043742E-02,  5.285505E+01,  7.823179E-06,  4.771041E-09,  3.636697E-06,  1.716892E-10,  2.150952E-05, -5.286201E+01,  4.160938E-02,  1.415285E-01,  2.819576E-04,  8.415339E+01,  3.264079E-08,  3.676547E-12,  7.990812E-08,  4.970024E-13,  1.455041E-07, -1.041739E+02,  1.007389E-01,  2.806097E-01,  1.398869E-10,  1.919066E+02,  6.167918E-13,  2.250080E-17,  9.040748E-14,  1.826749E-19,  1.108057E-12, -2.247174E+02,  7.317761E-02,  2.038374E-01,  4.193667E-28,  2.432692E+02,  3.507271E-28,  6.076144E-31,  3.435726E-31,  3.751621E-35,  5.719959E-28
  6.500006E-01, -4.812189E+01,  2.515985E-01,  7.008316E-01,  2.055459E-02,  5.268047E+01,  7.862184E-06,  4.832440E-09,  3.645458E-06,  1.734411E-10,  2.161677E-05, -5.279819E+01,  4.165768E-02,  1.416928E-01,  3.010343E-04,  8.411868E+01,  3.455386E-08,  3.946480E-12,  8.527932E-08,  5.379999E-13,  1.548406E-07, -1.036747E+02,  1.011623E-01,  2.817890E-01,  1.807895E-10,  1.913077E+02,  7.709982E-13,  2.852410E-17,  1.164778E-13,  2.386730E-19,  1.389228E-12, -2.150759E+02,  7.362312E-02,  2.050783E-01,  4.269467E-28,  2.419368E+02,  3.562359E-28,  6.103943E-31,  3.478668E-31,  3.768330E-35,  5.809683E-28
  6.528852E-01, -4.807215E+01,  2.518586E-01,  7.015560E-01,  2.067019E-02,  5.251023E+01,  7.900641E-06,  4.894138E-09,  3.654108E-06,  1.751971E-10,  2.172255E-05, -5.273583E+01,  4.170513E-02,  1.418542E-01,  3.210121E-04,  8.408461E+01,  3.654048E-08,  4.231931E-12,  9.090192E-08,  5.817004E-13,  1.645891E-07, -1.031882E+02,  1.015820E-01,  2.829582E-01,  2.326288E-10,  1.907168E+02,  9.600855E-13,  3.602462E-17,  1.494136E-13,  3.105054E-19,  1.735162E-12, -2.059133E+02,  7.412690E-02,  2.064816E-01,  4.443618E-28,  2.404947E+02,  3.688447E-28,  6.132727E-31,  3.598982E-31,  3.785616E-35,  6.015010E-28
  6.557699E-01, -4.802362E+01,  2.521124E-01,  7.022630E-01,  2.078424E-02,  5.234424E+01,  7.938552E-06,  4.956133E-09,  3.662648E-06,  1.769573E-10,  2.182688E-05, -5.267490E+01,  4.175171E-02,  1.420126E-01,  3.419075E-04,  8.405116E+01,  3.860124E-08,  4.533481E-12,  9.678039E-08,  6.282269E-13,  1.747558E-07, -1.027141E+02,  1.019981E-01,  2.841171E-01,  2.980395E-10,  1.901338E+02,  1.191052E-12,  4.532952E-17,  1.908406E-13,  4.022543E-19,  2.159156E-12, -1.973000E+02,  7.468906E-02,  2.080475E-01,  4.833830E-28,  2.389529E+02,  3.968680E-28,  6.163701E-31,  3.889924E-31,  3.804301E-35,  6.471323E-28
  6.586545E-01, -4.797628E+01,  2.523601E-01,  7.029528E-01,  2.089673E-02,  5.218243E+01,  7.975918E-06,  5.018419E-09,  3.671081E-06,  1.787214E-10,  2.192974E-05, -5.261538E+01,  4.179745E-02,  1.421682E-01,  3.637358E-04,  8.401842E+01,  4.073658E-08,  4.851712E-12,  1.029190E-07,  6.777044E-13,  1.853462E-07, -1.022518E+02,  1.024104E-01,  2.852658E-01,  3.802160E-10,  1.895586E+02,  1.472106E-12,  5.683010E-17,  2.427232E-13,  5.189464E-19,  2.676871E-12, -1.892623E+02,  7.530925E-02,  2.097751E-01,  5.691861E-28,  2.373221E+02,  4.574923E-28,  6.199410E-31,  4.549147E-31,  3.826156E-35,  7.458465E-28
  6.615391E-01, -4.793010E+01,  2.526017E-01,  7.036258E-01,  2.100766E-02,  5.202474E+01,  8.012742E-06,  5.080992E-09,  3.679410E-06,  1.804896E-10,  2.203116E-05, -5.255726E+01,  4.184234E-02,  1.423209E-01,  3.865114E-04,  8.398629E+01,  4.294691E-08,  5.187209E-12,  1.093215E-07,  7.302599E-13,  1.963657E-07, -1.018011E+02,  1.028191E-01,  2.864043E-01,  4.830134E-10,  1.889910E+02,  1.812830E-12,  7.099253E-17,  3.074240E-13,  6.667441E-19,  3.306678E-12, -1.817976E+02,  7.598666E-02,  2.116620E-01,  7.556523E-28,  2.356124E+02,  5.854001E-28,  6.245112E-31,  5.995944E-31,  3.854966E-35,  9.541190E-28
  6.644238E-01, -4.788507E+01,  2.528373E-01,  7.042822E-01,  2.111704E-02,  5.187108E+01,  8.049026E-06,  5.143848E-09,  3.687636E-06,  1.822617E-10,  2.213113E-05, -5.250049E+01,  4.188637E-02,  1.424707E-01,  4.102476E-04,  8.395477E+01,  4.523252E-08,  5.540561E-12,  1.159915E-07,  7.860219E-13,  2.078188E-07, -1.013613E+02,  1.032242E-01,  2.875325E-01,  6.110632E-10,  1.884310E+02,  2.224373E-12,  8.837005E-17,  3.877715E-13,  8.531698E-19,  4.070047E-12, -1.748859E+02,  7.672008E-02,  2.137050E-01,  1.158518E-27,  2.338329E+02,  8.490008E-28,  6.311408E-31,  9.123174E-31,  3.898811E-35,  1.383352E-27
  6.673084E-01, -4.784116E+01,  2.530671E-01,  7.049224E-01,  2.122487E-02,  5.172136E+01,  8.084773E-06,  5.206984E-09,  3.695762E-06,  1.840377E-10,  2.222966E-05, -5.244508E+01,  4.192957E-02,  1.426176E-01,  4.349562E-04,  8.392395E+01,  4.759357E-08,  5.912356E-12,  1.229322E-07,  8.451205E-13,  2.197098E-07, -1.009322E+02,  1.036256E-01,  2.886508E-01,  7.699042E-10,  1.878783E+02,  2.719647E-12,  1.096168E-16,  4.871366E-13,  1.087366E-18,  4.991964E-12, -1.684976E+02,  7.750777E-02,  2.158991E-01,  2.025379E-27,  2.319927E+02,  1.380299E-27,  6.419211E-31,  1.582407E-30,  3.974871E-35,  2.248530E-27
  6.701930E-01, -4.779836E+01,  2.532912E-01,  7.055465E-01,  2.133116E-02,  5.157552E+01,  8.119985E-06,  5.270394E-09,  3.703791E-06,  1.858176E-10,  2.232676E-05, -5.239098E+01,  4.197193E-02,  1.427617E-01,  4.606482E-04,  8.389372E+01,  5.003018E-08,  6.303186E-12,  1.301467E-07,  9.076873E-13,  2.320421E-07, -1.005132E+02,  1.040236E-01,  2.897593E-01,  9.661314E-10,  1.873328E+02,  3.313554E-12,  1.355034E-16,  6.095192E-13,  1.380400E-18,  6.101394E-12, -1.625989E+02,  7.834749E-02,  2.182381E-01,  3.877596E-27,  2.301015E+02,  2.428634E-27,  6.608914E-31,  3.004827E-30,  4.119317E-35,  3.955771E-27
  6.730776E-01, -4.775664E+01,  2.535096E-01,  7.061549E-01,  2.143591E-02,  5.143348E+01,  8.154665E-06,  5.334075E-09,  3.711722E-06,  1.876013E-10,  2.242244E-05, -5.233818E+01,  4.201346E-02,  1.429029E-01,  4.873334E-04,  8.386409E+01,  5.254235E-08,  6.713640E-12,  1.376373E-07,  9.738552E-13,  2.448188E-07, -1.001040E+02,  1.044181E-01,  2.908582E-01,  1.207562E-09,  1.867941E+02,  4.023220E-12,  1.669340E-16,  7.596437E-13,  1.745607E-18,  7.431787E-12, -1.571552E+02,  7.923637E-02,  2.207141E-01,  7.788362E-27,  2.281679E+02,  4.455236E-27,  6.956945E-31,  5.984640E-30,  4.407022E-35,  7.256403E-27
  6.759623E-01, -4.771599E+01,  2.537225E-01,  7.067479E-01,  2.153913E-02,  5.129516E+01,  8.188817E-06,  5.398022E-09,  3.719559E-06,  1.893887E-10,  2.251670E-05, -5.228664E+01,  4.205417E-02,  1.430414E-01,  5.150199E-04,  8.383514E+01,  5.512995E-08,  7.144307E-12,  1.454065E-07,  1.043758E-12,  2.580425E-07, -9.970391E+01,  1.048094E-01,  2.919481E-01,  1.503420E-09,  1.862621E+02,  4.868247E-12,  2.049663E-16,  9.430665E-13,  2.198997E-18,  9.021613E-12, -1.521329E+02,  8.017091E-02,  2.233173E-01,  1.591404E-26,  2.262015E+02,  8.295864E-27,  7.605022E-31,  1.212309E-29,  4.989843E-35,  1.351201E-26
  6.788469E-01, -4.767638E+01,  2.539300E-01,  7.073258E-01,  2.164083E-02,  5.116049E+01,  8.222444E-06,  5.462232E-09,  3.727303E-06,  1.911799E-10,  2.260955E-05, -5.223636E+01,  4.209406E-02,  1.431771E-01,  5.437153E-04,  8.380676E+01,  5.779283E-08,  7.595776E-12,  1.534561E-07,  1.117530E-12,  2.717152E-07, -9.931262E+01,  1.051975E-01,  2.930294E-01,  1.864547E-09,  1.857363E+02,  5.870991E-12,  2.508323E-16,  1.166293E-12,  2.759705E-18,  1.091495E-11, -1.475002E+02,  8.114697E-02,  2.260361E-01,  3.248581E-26,  2.242117E+02,  1.543427E-26,  8.810784E-31,  2.452954E-29,  6.169126E-35,  2.514016E-26
  6.817315E-01, -4.763779E+01,  2.541321E-01,  7.078888E-01,  2.174101E-02,  5.102938E+01,  8.255549E-06,  5.526700E-09,  3.734956E-06,  1.929747E-10,  2.270101E-05, -5.218729E+01,  4.213315E-02,  1.433100E-01,  5.734257E-04,  8.377897E+01,  6.053072E-08,  8.068633E-12,  1.617877E-07,  1.195308E-12,  2.858381E-07, -9.892959E+01,  1.055829E-01,  2.941027E-01,  2.303622E-09,  1.852165E+02,  7.056843E-12,  3.059626E-16,  1.436906E-12,  3.450513E-18,  1.316211E-11, -1.432278E+02,  8.215973E-02,  2.288572E-01,  6.561559E-26,  2.222085E+02,  2.845173E-26,  1.103353E-30,  4.910267E-29,  8.529804E-35,  4.634726E-26
  6.846161E-01, -4.760021E+01,  2.543290E-01,  7.084372E-01,  2.183968E-02,  5.090177E+01,  8.288137E-06,  5.591422E-09,  3.742519E-06,  1.947732E-10,  2.279107E-05, -5.213943E+01,  4.217143E-02,  1.434402E-01,  6.041556E-04,  8.375180E+01,  6.334323E-08,  8.563459E-12,  1.704026E-07,  1.277227E-12,  3.004124E-07, -9.855430E+01,  1.059656E-01,  2.951688E-01,  2.835417E-09,  1.847021E+02,  8.454529E-12,  3.720119E-16,  1.763706E-12,  4.298433E-18,  1.582029E-11, -1.392885E+02,  8.320378E-02,  2.317654E-01,  1.305050E-25,  2.202016E+02,  5.174976E-26,  1.507642E-30,  9.677991E-29,  1.318265E-34,  8.430694E-26
  6.875008E-01, -4.756361E+01,  2.545207E-01,  7.089714E-01,  2.193686E-02,  5.077757E+01,  8.320211E-06,  5.656395E-09,  3.749993E-06,  1.965752E-10,  2.287976E-05, -5.209273E+01,  4.220893E-02,  1.435678E-01,  6.359088E-04,  8.372521E+01,  6.622992E-08,  9.080835E-12,  1.793016E-07,  1.363424E-12,  3.154383E-07, -9.818623E+01,  1.063460E-01,  2.962285E-01,  3.477063E-09,  1.841927E+02,  1.009642E-11,  4.508882E-16,  2.156862E-12,  5.335368E-18,  1.895425E-11, -1.356572E+02,  8.427325E-02,  2.347444E-01,  2.550125E-25,  2.182009E+02,  9.268748E-26,  2.231754E-30,  1.873939E-28,  2.219191E-34,  1.510150E-25
  6.903854E-01, -4.752797E+01,  2.547075E-01,  7.094915E-01,  2.203254E-02,  5.065672E+01,  8.351776E-06,  5.721613E-09,  3.757380E-06,  1.983808E-10,  2.296708E-05, -5.204718E+01,  4.224564E-02,  1.436927E-01,  6.686878E-04,  8.369918E+01,  6.919028E-08,  9.621337E-12,  1.884853E-07,  1.454036E-12,  3.309157E-07, -9.782480E+01,  1.067246E-01,  2.972830E-01,  4.248342E-09,  1.836877E+02,  1.201887E-11,  5.447832E-16,  2.628070E-12,  6.598840E-18,  2.263706E-11, -1.323106E+02,  8.536200E-02,  2.377772E-01,  4.890942E-25,  2.162158E+02,  1.633368E-25,  3.507810E-30,  3.561373E-28,  3.931379E-34,  2.661526E-25
  6.932700E-01, -4.749328E+01,  2.548893E-01,  7.099980E-01,  2.212675E-02,  5.053914E+01,  8.382834E-06,  5.787074E-09,  3.764681E-06,  2.001899E-10,  2.305304E-05, -5.200275E+01,  4.228159E-02,  1.438149E-01,  7.024939E-04,  8.367370E+01,  7.222371E-08,  1.018553E-11,  1.979539E-07,  1.549200E-12,  3.468439E-07, -9.746944E+01,  1.071017E-01,  2.983334E-01,  5.172000E-09,  1.831865E+02,  1.426250E-11,  6.562060E-16,  3.190726E-12,  8.132814E-18,  2.695081E-11, -1.292268E+02,  8.646382E-02,  2.408463E-01,  9.204828E-25,  2.142549E+02,  2.831433E-25,  5.719847E-30,  6.641772E-28,  7.124521E-34,  4.614272E-25
  6.961547E-01, -4.745950E+01,  2.550663E-01,  7.104911E-01,  2.221948E-02,  5.042476E+01,  8.413392E-06,  5.852774E-09,  3.771897E-06,  2.020024E-10,  2.313765E-05, -5.195941E+01,  4.231678E-02,  1.439346E-01,  7.373268E-04,  8.364883E+01,  7.532948E-08,  1.077399E-11,  2.077075E-07,  1.649053E-12,  3.632219E-07, -9.711952E+01,  1.074778E-01,  2.993810E-01,  6.274080E-09,  1.826885E+02,  1.687257E-11,  7.880194E-16,  3.860101E-12,  9.988596E-18,  3.198738E-11, -1.263851E+02,  8.757268E-02,  2.439350E-01,  1.700237E-24,  2.123264E+02,  4.828984E-25,  9.492458E-30,  1.215768E-27,  1.296953E-33,  7.870558E-25
  6.990393E-01, -4.742663E+01,  2.552386E-01,  7.109710E-01,  2.231076E-02,  5.031349E+01,  8.443453E-06,  5.918708E-09,  3.779029E-06,  2.038184E-10,  2.322093E-05, -5.191714E+01,  4.235123E-02,  1.440518E-01,  7.731858E-04,  8.362448E+01,  7.850687E-08,  1.138727E-11,  2.177456E-07,  1.753731E-12,  3.800478E-07, -9.677442E+01,  1.078534E-01,  3.004274E-01,  7.584271E-09,  1.821928E+02,  1.989929E-11,  9.434784E-16,  4.653529E-12,  1.222583E-17,  3.784922E-11, -1.237655E+02,  8.868298E-02,  2.470278E-01,  3.083692E-24,  2.104364E+02,  8.105959E-25,  1.582518E-29,  2.185392E-27,  2.347616E-33,  1.321324E-24
  7.019239E-01, -4.739464E+01,  2.554063E-01,  7.114381E-01,  2.240059E-02,  5.020528E+01,  8.473022E-06,  5.984872E-09,  3.786079E-06,  2.056377E-10,  2.330288E-05, -5.187591E+01,  4.238496E-02,  1.441665E-01,  8.100686E-04,  8.360064E+01,  8.175507E-08,  1.202592E-11,  2.280674E-07,  1.863371E-12,  3.973197E-07, -9.643351E+01,  1.082292E-01,  3.014741E-01,  9.136279E-09,  1.816987E+02,  2.339817E-11,  1.126272E-15,  5.590602E-12,  1.491356E-17,  4.465009E-11, -1.213494E+02,  8.978970E-02,  2.501106E-01,  5.495168E-24,  2.085904E+02,  1.339973E-24,  2.629363E-29,  3.860226E-27,  4.203484E-33,  2.184533E-24
  7.048085E-01, -4.736352E+01,  2.555695E-01,  7.118927E-01,  2.248898E-02,  5.010004E+01,  8.502103E-06,  6.051264E-09,  3.793046E-06,  2.074604E-10,  2.338352E-05, -5.183568E+01,  4.241797E-02,  1.442788E-01,  8.479718E-04,  8.357733E+01,  8.507316E-08,  1.269049E-11,  2.386720E-07,  1.978109E-12,  4.150348E-07, -9.609613E+01,  1.086057E-01,  3.025229E-01,  1.096821E-08,  1.812053E+02,  2.743032E-11,  1.340565E-15,  6.693362E-12,  1.813146E-17,  5.251590E-11, -1.191189E+02,  9.088857E-02,  2.531715E-01,  9.628942E-24,  2.067923E+02,  2.182860E-24,  4.334708E-29,  6.705798E-27,  7.427406E-33,  3.559165E-24
  7.076932E-01, -4.733323E+01,  2.557283E-01,  7.123350E-01,  2.257595E-02,  4.999772E+01,  8.530702E-06,  6.117878E-09,  3.799933E-06,  2.092864E-10,  2.346286E-05, -5.179643E+01,  4.245028E-02,  1.443887E-01,  8.868908E-04,  8.355456E+01,  8.846017E-08,  1.338152E-11,  2.495581E-07,  2.098081E-12,  4.331903E-07, -9.576168E+01,  1.089836E-01,  3.035755E-01,  1.312299E-08,  1.807120E+02,  3.206278E-11,  1.591048E-15,  7.986512E-12,  2.197105E-17,  6.158546E-11, -1.170570E+02,  9.197605E-02,  2.562007E-01,  1.660515E-23,  2.050446E+02,  3.506903E-24,  7.074451E-29,  1.146643E-26,  1.294008E-32,  5.718840E-24
  7.105778E-01, -4.730377E+01,  2.558827E-01,  7.127653E-01,  2.266151E-02,  4.989823E+01,  8.558822E-06,  6.184712E-09,  3.806739E-06,  2.111157E-10,  2.354091E-05, -5.175814E+01,  4.248192E-02,  1.444963E-01,  9.268206E-04,  8.353227E+01,  9.191512E-08,  1.409954E-11,  2.607240E-07,  2.223419E-12,  4.517825E-07, -9.542954E+01,  1.093635E-01,  3.046336E-01,  1.564876E-08,  1.802177E+02,  3.736889E-11,  1.882984E-15,  9.497620E-12,  2.653712E-17,  7.201129E-11, -1.151481E+02,  9.304938E-02,  2.591905E-01,  2.820816E-23,  2.033486E+02,  5.560818E-24,  1.141880E-28,  1.931761E-26,  2.222734E-32,  9.069579E-24
  7.134624E-01, -4.727511E+01,  2.560330E-01,  7.131839E-01,  2.274568E-02,  4.980150E+01,  8.586469E-06,  6.251762E-09,  3.813465E-06,  2.129481E-10,  2.361768E-05, -5.172076E+01,  4.251289E-02,  1.446017E-01,  9.677546E-04,  8.351045E+01,  9.543694E-08,  1.484506E-11,  2.721678E-07,  2.354260E-12,  4.708076E-07, -9.509917E+01,  1.097460E-01,  3.056991E-01,  1.859934E-08,  1.797217E+02,  4.342857E-11,  2.222260E-15,  1.125734E-11,  3.194918E-17,  8.396048E-11, -1.133775E+02,  9.410650E-02,  2.621351E-01,  4.724808E-23,  2.017046E+02,  8.710175E-24,  1.822356E-28,  3.209500E-26,  3.765752E-32,  1.420829E-23
  7.163470E-01, -4.724724E+01,  2.561792E-01,  7.135910E-01,  2.282845E-02,  4.970748E+01,  8.613648E-06,  6.319023E-09,  3.820111E-06,  2.147838E-10,  2.369319E-05, -5.168428E+01,  4.254322E-02,  1.447048E-01,  1.009685E-03,  8.348909E+01,  9.902448E-08,  1.561862E-11,  2.838874E-07,  2.490734E-12,  4.902613E-07, -9.477006E+01,  1.101317E-01,  3.067734E-01,  2.203470E-08,  1.792233E+02,  5.032872E-11,  2.615441E-15,  1.329962E-11,  3.834309E-17,  9.761546E-11, -1.117320E+02,  9.514595E-02,  2.650305E-01,  7.810446E-23,  2.001122E+02,  1.348778E-23,  2.876079E-28,  5.263649E-26,  6.296336E-32,  2.200516E-23
  7.192317E-01, -4.722013E+01,  2.563213E-01,  7.139870E-01,  2.290985E-02,  4.961608E+01,  8.640364E-06,  6.386493E-09,  3.826679E-06,  2.166226E-10,  2.376744E-05, -5.164865E+01,  4.257292E-02,  1.448058E-01,  1.052604E-03,  8.346822E+01,  1.026766E-07,  1.642069E-11,  2.958805E-07,  2.632973E-12,  5.101389E-07, -9.444178E+01,  1.105211E-01,  3.078581E-01,  2.602142E-08,  1.787219E+02,  5.816350E-11,  3.069829E-15,  1.566196E-11,  4.587271E-17,  1.131749E-10, -1.101994E+02,  9.616677E-02,  2.678740E-01,  1.275386E-22,  1.985705E+02,  2.066430E-23,  4.490461E-28,  8.528914E-26,  1.039675E-31,  3.371910E-23
  7.221163E-01, -4.719377E+01,  2.564596E-01,  7.143721E-01,  2.298990E-02,  4.952725E+01,  8.666621E-06,  6.454168E-09,  3.833169E-06,  2.184646E-10,  2.384046E-05, -5.161386E+01,  4.260201E-02,  1.449048E-01,  1.096502E-03,  8.344779E+01,  1.063920E-07,  1.725179E-11,  3.081442E-07,  2.781108E-12,  5.304354E-07, -9.411397E+01,  1.109147E-01,  3.089545E-01,  3.063322E-08,  1.782168E+02,  6.703478E-11,  3.593522E-15,  1.838564E-11,  5.471176E-17,  1.308548E-10, -1.087689E+02,  9.716841E-02,  2.706641E-01,  2.058988E-22,  1.970779E+02,  3.134667E-23,  6.939394E-28,  1.366562E-25,  1.696671E-31,  5.115882E-23
  7.250009E-01, -4.716814E+01,  2.565940E-01,  7.147466E-01,  2.306859E-02,  4.944092E+01,  8.692426E-06,  6.522044E-09,  3.839581E-06,  2.203096E-10,  2.391225E-05, -5.157987E+01,  4.263052E-02,  1.450018E-01,  1.141369E-03,  8.342776E+01,  1.101695E-07,  1.811240E-11,  3.206756E-07,  2.935267E-12,  5.511452E-07, -9.378634E+01,  1.113128E-01,  3.100636E-01,  3.595150E-08,  1.777076E+02,  7.705245E-11,  4.195475E-15,  2.151595E-11,  6.505573E-17,  1.508890E-10, -1.074306E+02,  9.815062E-02,  2.734001E-01,  3.288990E-22,  1.956328E+02,  4.711476E-23,  1.062020E-27,  2.166914E-25,  2.738449E-31,  7.690642E-23
  7.278855E-01, -4.714322E+01,  2.567247E-01,  7.151107E-01,  2.314596E-02,  4.935701E+01,  8.717782E-06,  6.590117E-09,  3.845915E-06,  2.221576E-10,  2.398283E-05, -5.154665E+01,  4.265846E-02,  1.450968E-01,  1.187193E-03,  8.340813E+01,  1.140077E-07,  1.900299E-11,  3.334717E-07,  3.095577E-12,  5.722628E-07, -9.345870E+01,  1.117159E-01,  3.111864E-01,  4.206593E-08,  1.771940E+02,  8.833487E-11,  4.885569E-15,  2.510251E-11,  7.712396E-17,  1.735308E-10, -1.061759E+02,  9.911343E-02,  2.760820E-01,  5.202282E-22,  1.942333E+02,  7.021037E-23,  1.610532E-27,  3.402945E-25,  4.374468E-31,  1.146268E-22
  7.307702E-01, -4.711899E+01,  2.568518E-01,  7.154648E-01,  2.322201E-02,  4.927547E+01,  8.742696E-06,  6.658385E-09,  3.852171E-06,  2.240087E-10,  2.405221E-05, -5.151417E+01,  4.268585E-02,  1.451900E-01,  1.233964E-03,  8.338892E+01,  1.179054E-07,  1.992403E-11,  3.465290E-07,  3.262164E-12,  5.937819E-07, -9.313093E+01,  1.121241E-01,  3.123233E-01,  4.907503E-08,  1.766758E+02,  1.010093E-10,  5.674678E-15,  2.919947E-11,  9.116183E-17,  1.990534E-10, -1.049968E+02,  1.000570E-01,  2.787103E-01,  8.153605E-22,  1.928772E+02,  1.037975E-22,  2.421441E-27,  5.296245E-25,  6.920720E-31,  1.694937E-22
  7.336548E-01, -4.709543E+01,  2.569754E-01,  7.158090E-01,  2.329675E-02,  4.919623E+01,  8.767172E-06,  6.726844E-09,  3.858351E-06,  2.258627E-10,  2.412040E-05, -5.148240E+01,  4.271271E-02,  1.452813E-01,  1.281668E-03,  8.337011E+01,  1.218612E-07,  2.087597E-11,  3.598440E-07,  3.435152E-12,  6.156963E-07, -9.280299E+01,  1.125374E-01,  3.134748E-01,  5.708682E-08,  1.761527E+02,  1.152123E-10,  6.574743E-15,  3.386590E-11,  1.074431E-16,  2.277515E-10, -1.038865E+02,  1.009817E-01,  2.812860E-01,  1.267093E-21,  1.915628E+02,  1.523197E-22,  3.611425E-27,  8.174425E-25,  1.085070E-30,  2.487754E-22
  7.365394E-01, -4.707252E+01,  2.570956E-01,  7.161437E-01,  2.337020E-02,  4.911924E+01,  8.791216E-06,  6.795490E-09,  3.864454E-06,  2.277196E-10,  2.418742E-05, -5.145132E+01,  4.273906E-02,  1.453710E-01,  1.330292E-03,  8.335166E+01,  1.258736E-07,  2.185924E-11,  3.734129E-07,  3.614662E-12,  6.379994E-07, -9.247489E+01,  1.129561E-01,  3.146409E-01,  6.621951E-08,  1.756248E+02,  1.310903E-10,  7.598851E-15,  3.916600E-11,  1.262725E-16,  2.599422E-10, -1.028389E+02,  1.018879E-01,  2.838102E-01,  1.953560E-21,  1.902880E+02,  2.219893E-22,  5.345696E-27,  1.251917E-24,  1.686949E-30,  3.626362E-22
  7.394241E-01, -4.705026E+01,  2.572124E-01,  7.164690E-01,  2.344238E-02,  4.904441E+01,  8.814832E-06,  6.864321E-09,  3.870480E-06,  2.295794E-10,  2.425328E-05, -5.142091E+01,  4.276492E-02,  1.454589E-01,  1.379822E-03,  8.333355E+01,  1.299412E-07,  2.287429E-11,  3.872316E-07,  3.800816E-12,  6.606842E-07, -9.214672E+01,  1.133800E-01,  3.158217E-01,  7.660219E-08,  1.750922E+02,  1.487998E-10,  8.761309E-15,  4.516951E-11,  1.479880E-16,  2.959664E-10, -1.018483E+02,  1.027760E-01,  2.862842E-01,  2.989786E-21,  1.890507E+02,  3.214545E-22,  7.857029E-27,  1.903513E-24,  2.602092E-30,  5.252300E-22
  7.423087E-01, -4.702861E+01,  2.573259E-01,  7.167854E-01,  2.351329E-02,  4.897171E+01,  8.838027E-06,  6.933332E-09,  3.876428E-06,  2.314421E-10,  2.431799E-05, -5.139113E+01,  4.279030E-02,  1.455452E-01,  1.430245E-03,  8.331577E+01,  1.340626E-07,  2.392154E-11,  4.012962E-07,  3.993730E-12,  6.837436E-07, -9.181863E+01,  1.138090E-01,  3.170167E-01,  8.837559E-08,  1.745550E+02,  1.685085E-10,  1.007773E-14,  5.195199E-11,  1.729643E-16,  3.361898E-10, -1.009098E+02,  1.036467E-01,  2.887096E-01,  4.544272E-21,  1.878493E+02,  4.627075E-22,  1.147189E-26,  2.874824E-24,  3.984207E-30,  7.561896E-22
  7.451933E-01, -4.700757E+01,  2.574364E-01,  7.170929E-01,  2.358296E-02,  4.890105E+01,  8.860806E-06,  7.002521E-09,  3.882300E-06,  2.333076E-10,  2.438157E-05, -5.136196E+01,  4.281522E-02,  1.456300E-01,  1.481543E-03,  8.329834E+01,  1.382364E-07,  2.500138E-11,  4.156022E-07,  4.193522E-12,  7.071703E-07, -9.149080E+01,  1.142430E-01,  3.182256E-01,  1.016928E-07,  1.740136E+02,  1.903949E-10,  1.156514E-14,  5.959517E-11,  2.016151E-16,  3.810043E-10, -1.000192E+02,  1.045005E-01,  2.910879E-01,  6.862732E-21,  1.866818E+02,  6.623157E-22,  1.664616E-26,  4.314560E-24,  6.058497E-30,  1.082646E-21
  7.480779E-01, -4.698711E+01,  2.575437E-01,  7.173919E-01,  2.365140E-02,  4.883239E+01,  8.883172E-06,  7.071884E-09,  3.888096E-06,  2.351759E-10,  2.444403E-05, -5.133338E+01,  4.283970E-02,  1.457133E-01,  1.533703E-03,  8.328125E+01,  1.424609E-07,  2.611423E-11,  4.301454E-07,  4.400304E-12,  7.309567E-07, -9.116344E+01,  1.146817E-01,  3.194476E-01,  1.167203E-07,  1.734683E+02,  2.146495E-10,  1.324203E-14,  6.818737E-11,  2.343966E-16,  4.308296E-10, -9.917238E+01,  1.053380E-01,  2.934206E-01,  1.030194E-20,  1.855466E+02,  9.430877E-22,  2.401394E-26,  6.437383E-24,  9.153366E-30,  1.541965E-21
  7.509626E-01, -4.696722E+01,  2.576480E-01,  7.176825E-01,  2.371862E-02,  4.876567E+01,  8.905133E-06,  7.141419E-09,  3.893814E-06,  2.370469E-10,  2.450538E-05, -5.130537E+01,  4.286374E-02,  1.457950E-01,  1.586707E-03,  8.326447E+01,  1.467348E-07,  2.726046E-11,  4.449210E-07,  4.614189E-12,  7.550951E-07, -9.083679E+01,  1.151249E-01,  3.206820E-01,  1.336383E-07,  1.729194E+02,  2.414753E-10,  1.512848E-14,  7.782377E-11,  2.718108E-16,  4.861140E-10, -9.836589E+01,  1.061597E-01,  2.957095E-01,  1.537781E-20,  1.844419E+02,  1.336321E-21,  3.445382E-26,  9.551938E-24,  1.374560E-29,  2.185434E-21
  7.538472E-01, -4.694789E+01,  2.577495E-01,  7.179651E-01,  2.378464E-02,  4.870083E+01,  8.926693E-06,  7.211121E-09,  3.899456E-06,  2.389206E-10,  2.456563E-05, -5.127791E+01,  4.288737E-02,  1.458754E-01,  1.640540E-03,  8.324797E+01,  1.510564E-07,  2.844044E-11,  4.599244E-07,  4.835287E-12,  7.795777E-07, -9.051112E+01,  1.155721E-01,  3.219279E-01,  1.526423E-07,  1.723674E+02,  2.710877E-10,  1.724628E-14,  8.860691E-11,  3.144091E-16,  5.473362E-10, -9.759655E+01,  1.069662E-01,  2.979561E-01,  2.283352E-20,  1.833663E+02,  1.884825E-21,  4.917882E-26,  1.410035E-23,  2.052456E-29,  3.083233E-21
  7.567318E-01, -4.692909E+01,  2.578481E-01,  7.182399E-01,  2.384946E-02,  4.863781E+01,  8.947857E-06,  7.280989E-09,  3.905021E-06,  2.407970E-10,  2.462481E-05, -5.125099E+01,  4.291060E-02,  1.459544E-01,  1.695184E-03,  8.323175E+01,  1.554245E-07,  2.965455E-11,  4.751508E-07,  5.063704E-12,  8.043964E-07, -9.018669E+01,  1.160232E-01,  3.231843E-01,  1.739434E-07,  1.718127E+02,  3.037158E-10,  1.961896E-14,  1.006469E-10,  3.627957E-16,  6.150064E-10, -9.686151E+01,  1.077582E-01,  3.001621E-01,  3.373571E-20,  1.823183E+02,  2.646981E-21,  6.985808E-26,  2.071369E-23,  3.048297E-29,  4.331100E-21
  7.596164E-01, -4.691081E+01,  2.579440E-01,  7.185070E-01,  2.391312E-02,  4.857657E+01,  8.968630E-06,  7.351018E-09,  3.910509E-06,  2.426760E-10,  2.468292E-05, -5.122457E+01,  4.293343E-02,  1.460321E-01,  1.750621E-03,  8.321581E+01,  1.598372E-07,  3.090312E-11,  4.905952E-07,  5.299545E-12,  8.295431E-07, -8.986377E+01,  1.164776E-01,  3.244502E-01,  1.977692E-07,  1.712559E+02,  3.396023E-10,  2.227200E-14,  1.140622E-10,  4.176317E-16,  6.896674E-10, -9.615822E+01,  1.085361E-01,  3.023289E-01,  4.960978E-20,  1.812965E+02,  3.702169E-21,  9.878088E-26,  3.028964E-23,  4.504516E-29,  6.059263E-21
  7.625011E-01, -4.689304E+01,  2.580373E-01,  7.187668E-01,  2.397561E-02,  4.851704E+01,  8.989019E-06,  7.421206E-09,  3.915920E-06,  2.445576E-10,  2.473997E-05, -5.119866E+01,  4.295588E-02,  1.461084E-01,  1.806835E-03,  8.320017E+01,  1.642933E-07,  3.218650E-11,  5.062528E-07,  5.542913E-12,  8.550095E-07, -8.954265E+01,  1.169351E-01,  3.257244E-01,  2.243652E-07,  1.706974E+02,  3.790041E-10,  2.523285E-14,  1.289792E-10,  4.796391E-16,  7.718967E-10, -9.548436E+01,  1.093005E-01,  3.044581E-01,  7.262986E-20,  1.802995E+02,  5.158018E-21,  1.390774E-25,  4.410088E-23,  6.624731E-29,  8.444361E-21
  7.653857E-01, -4.687576E+01,  2.581279E-01,  7.190193E-01,  2.403696E-02,  4.845917E+01,  9.009027E-06,  7.491551E-09,  3.921254E-06,  2.464417E-10,  2.479599E-05, -5.117322E+01,  4.297796E-02,  1.461835E-01,  1.863806E-03,  8.318480E+01,  1.687910E-07,  3.350501E-11,  5.221185E-07,  5.793907E-12,  8.807873E-07, -8.922358E+01,  1.173951E-01,  3.270059E-01,  2.539954E-07,  1.701377E+02,  4.221930E-10,  2.853110E-14,  1.455337E-10,  5.496051E-16,  8.623065E-10, -9.483784E+01,  1.100518E-01,  3.065511E-01,  1.058844E-19,  1.793263E+02,  7.160054E-21,  1.950145E-25,  6.394600E-23,  9.699028E-29,  1.172532E-20
  7.682703E-01, -4.685896E+01,  2.582161E-01,  7.192649E-01,  2.409718E-02,  4.840293E+01,  9.028659E-06,  7.562048E-09,  3.926512E-06,  2.483284E-10,  2.485097E-05, -5.114826E+01,  4.299968E-02,  1.462574E-01,  1.921517E-03,  8.316968E+01,  1.733290E-07,  3.485897E-11,  5.381871E-07,  6.052626E-12,  9.068681E-07, -8.890683E+01,  1.178573E-01,  3.282934E-01,  2.869429E-07,  1.695773E+02,  4.694557E-10,  3.219857E-14,  1.638705E-10,  6.283866E-16,  9.615462E-10, -9.421679E+01,  1.107907E-01,  3.086092E-01,  1.537463E-19,  1.783757E+02,  9.904505E-21,  2.723924E-25,  9.235873E-23,  1.413931E-28,  1.622447E-20
  7.711550E-01, -4.684262E+01,  2.583019E-01,  7.195038E-01,  2.415629E-02,  4.834824E+01,  9.047922E-06,  7.632696E-09,  3.931691E-06,  2.502176E-10,  2.490494E-05, -5.112375E+01,  4.302105E-02,  1.463301E-01,  1.979949E-03,  8.315481E+01,  1.779057E-07,  3.624867E-11,  5.544534E-07,  6.319164E-12,  9.332434E-07, -8.859263E+01,  1.183213E-01,  3.295859E-01,  3.235114E-07,  1.690168E+02,  5.210946E-10,  3.626945E-14,  1.841438E-10,  7.169145E-16,  1.070303E-09, -9.361948E+01,  1.115175E-01,  3.106337E-01,  2.223882E-19,  1.774466E+02,  1.365526E-20,  3.790725E-25,  1.328975E-22,  2.052855E-28,  2.237541E-20
  7.740396E-01, -4.682672E+01,  2.583853E-01,  7.197361E-01,  2.421429E-02,  4.829507E+01,  9.066820E-06,  7.703490E-09,  3.936794E-06,  2.521092E-10,  2.495791E-05, -5.109969E+01,  4.304208E-02,  1.464016E-01,  2.039085E-03,  8.314017E+01,  1.825196E-07,  3.767442E-11,  5.709123E-07,  6.593613E-12,  9.599047E-07, -8.828122E+01,  1.187867E-01,  3.308822E-01,  3.640259E-07,  1.684567E+02,  5.774278E-10,  4.078042E-14,  2.065180E-10,  8.161989E-16,  1.189302E-09, -9.304439E+01,  1.122327E-01,  3.126258E-01,  3.204950E-19,  1.765382E+02,  1.876623E-20,  5.256816E-25,  1.905449E-22,  2.968927E-28,  3.076003E-20
  7.769242E-01, -4.681126E+01,  2.584664E-01,  7.199621E-01,  2.427120E-02,  4.824338E+01,  9.085358E-06,  7.774429E-09,  3.941820E-06,  2.540032E-10,  2.500989E-05, -5.107606E+01,  4.306276E-02,  1.464720E-01,  2.098904E-03,  8.312577E+01,  1.871691E-07,  3.913648E-11,  5.875584E-07,  6.876065E-12,  9.868435E-07, -8.797280E+01,  1.192530E-01,  3.321811E-01,  4.088333E-07,  1.678973E+02,  6.387897E-10,  4.577074E-14,  2.311678E-10,  9.273337E-16,  1.319309E-09, -9.249010E+01,  1.129366E-01,  3.145865E-01,  4.602497E-19,  1.756493E+02,  2.571088E-20,  7.265450E-25,  2.722560E-22,  4.277837E-28,  4.215702E-20
  7.798088E-01, -4.679623E+01,  2.585453E-01,  7.201819E-01,  2.432704E-02,  4.819310E+01,  9.103541E-06,  7.845510E-09,  3.946768E-06,  2.558996E-10,  2.506089E-05, -5.105285E+01,  4.308312E-02,  1.465412E-01,  2.159388E-03,  8.311163E+01,  1.918529E-07,  4.063512E-11,  6.043865E-07,  7.166605E-12,  1.014051E-06, -8.766759E+01,  1.197199E-01,  3.334817E-01,  4.583038E-07,  1.673392E+02,  7.055311E-10,  5.128246E-14,  2.582787E-10,  1.051502E-15,  1.461130E-09, -9.195534E+01,  1.136296E-01,  3.165170E-01,  6.586897E-19,  1.747794E+02,  3.512085E-20,  1.000923E-24,  3.877114E-22,  6.141816E-28,  5.760581E-20
  7.826935E-01, -4.678160E+01,  2.586221E-01,  7.203958E-01,  2.438183E-02,  4.814421E+01,  9.121373E-06,  7.916730E-09,  3.951639E-06,  2.577983E-10,  2.511093E-05, -5.103006E+01,  4.310316E-02,  1.466094E-01,  2.220518E-03,  8.309772E+01,  1.965694E-07,  4.217061E-11,  6.213914E-07,  7.465320E-12,  1.041519E-06, -8.736574E+01,  1.201870E-01,  3.347828E-01,  5.128313E-07,  1.667828E+02,  7.780195E-10,  5.736047E-14,  2.880469E-10,  1.189982E-15,  1.615615E-09, -9.143897E+01,  1.143121E-01,  3.184181E-01,  9.395697E-19,  1.739276E+02,  4.783666E-20,  1.374641E-24,  5.503450E-22,  8.787678E-28,  7.849023E-20
  7.855781E-01, -4.676736E+01,  2.586968E-01,  7.206039E-01,  2.443556E-02,  4.809665E+01,  9.138861E-06,  7.988086E-09,  3.956433E-06,  2.596993E-10,  2.516002E-05, -5.100767E+01,  4.312287E-02,  1.466764E-01,  2.282275E-03,  8.308403E+01,  2.013172E-07,  4.374318E-11,  6.385677E-07,  7.772291E-12,  1.069239E-06, -8.706743E+01,  1.206540E-01,  3.360834E-01,  5.728345E-07,  1.662285E+02,  8.566394E-10,  6.405266E-14,  3.206802E-10,  1.344150E-15,  1.783653E-09, -9.093992E+01,  1.149844E-01,  3.202907E-01,  1.335909E-18,  1.730932E+02,  6.497385E-20,  1.882242E-24,  7.787436E-22,  1.253160E-27,  1.066479E-19
  7.884627E-01, -4.675351E+01,  2.587695E-01,  7.208063E-01,  2.448827E-02,  4.805039E+01,  9.156007E-06,  8.059576E-09,  3.961149E-06,  2.616026E-10,  2.520816E-05, -5.098567E+01,  4.314228E-02,  1.467425E-01,  2.344640E-03,  8.307056E+01,  2.060948E-07,  4.535307E-11,  6.559101E-07,  8.087599E-12,  1.097203E-06, -8.677280E+01,  1.211204E-01,  3.373826E-01,  6.387577E-07,  1.656767E+02,  9.417922E-10,  7.141007E-14,  3.563978E-10,  1.515489E-15,  1.966178E-09, -9.045724E+01,  1.156467E-01,  3.221355E-01,  1.893470E-18,  1.722756E+02,  8.800906E-20,  2.569802E-24,  1.098549E-21,  1.781303E-27,  1.445124E-19
  7.913473E-01, -4.674003E+01,  2.588402E-01,  7.210034E-01,  2.453995E-02,  4.800538E+01,  9.172818E-06,  8.131196E-09,  3.965789E-06,  2.635081E-10,  2.525538E-05, -5.096407E+01,  4.316138E-02,  1.468074E-01,  2.407594E-03,  8.305731E+01,  2.109008E-07,  4.700049E-11,  6.734133E-07,  8.411320E-12,  1.125401E-06, -8.648198E+01,  1.215859E-01,  3.386794E-01,  7.110715E-07,  1.651278E+02,  1.033897E-09,  7.948701E-14,  3.954311E-10,  1.705593E-15,  2.164168E-09, -8.999005E+01,  1.162993E-01,  3.239534E-01,  2.675478E-18,  1.714742E+02,  1.188918E-19,  3.498630E-24,  1.545033E-21,  2.524099E-27,  1.952988E-19
  7.942320E-01, -4.672692E+01,  2.589091E-01,  7.211951E-01,  2.459064E-02,  4.796159E+01,  9.189298E-06,  8.202945E-09,  3.970351E-06,  2.654158E-10,  2.530169E-05, -5.094284E+01,  4.318018E-02,  1.468714E-01,  2.471118E-03,  8.304426E+01,  2.157338E-07,  4.868566E-11,  6.910721E-07,  8.743530E-12,  1.153825E-06, -8.619507E+01,  1.220502E-01,  3.399728E-01,  7.902734E-07,  1.645821E+02,  1.133389E-09,  8.834119E-14,  4.380235E-10,  1.916174E-15,  2.378646E-09, -8.953755E+01,  1.169424E-01,  3.257448E-01,  3.769036E-18,  1.706884E+02,  1.601891E-19,  4.750088E-24,  2.166566E-21,  3.565706E-27,  2.632427E-19
  7.971166E-01, -4.671415E+01,  2.589761E-01,  7.213818E-01,  2.464033E-02,  4.791897E+01,  9.205451E-06,  8.274820E-09,  3.974836E-06,  2.673256E-10,  2.534709E-05, -5.092198E+01,  4.319869E-02,  1.469343E-01,  2.535194E-03,  8.303141E+01,  2.205924E-07,  5.040879E-11,  7.088810E-07,  9.084300E-12,  1.182468E-06, -8.591219E+01,  1.225131E-01,  3.412621E-01,  8.768890E-07,  1.640400E+02,  1.240722E-09,  9.803386E-14,  4.844308E-10,  2.149065E-15,  2.610677E-09, -8.909902E+01,  1.175762E-01,  3.275104E-01,  5.293766E-18,  1.699179E+02,  2.152722E-19,  6.431876E-24,  3.029293E-21,  5.022081E-27,  3.539100E-19
  8.000012E-01, -4.670172E+01,  2.590413E-01,  7.215635E-01,  2.468904E-02,  4.787750E+01,  9.221283E-06,  8.346818E-09,  3.979244E-06,  2.692375E-10,  2.539160E-05, -5.090148E+01,  4.321690E-02,  1.469963E-01,  2.599801E-03,  8.301881E+01,  2.254752E-07,  5.217005E-11,  7.268352E-07,  9.433701E-12,  1.211320E-06, -8.563340E+01,  1.229741E-01,  3.425464E-01,  9.714721E-07,  1.635017E+02,  1.356366E-09,  1.086299E-13,  5.349216E-10,  2.406230E-15,  2.861375E-09, -8.867377E+01,  1.182010E-01,  3.292506E-01,  7.413464E-18,  1.691620E+02,  2.885566E-19,  8.686189E-24,  4.223393E-21,  7.052537E-27,  4.745955E-19
  8.028859E-01, -4.668961E+01,  2.591048E-01,  7.217405E-01,  2.473679E-02,  4.783713E+01,  9.236797E-06,  8.418937E-09,  3.983576E-06,  2.711515E-10,  2.543524E-05, -5.088135E+01,  4.323482E-02,  1.470572E-01,  2.664922E-03,  8.300640E+01,  2.303808E-07,  5.396962E-11,  7.449291E-07,  9.791799E-12,  1.240374E-06, -8.535877E+01,  1.234331E-01,  3.438249E-01,  1.074606E-06,  1.629676E+02,  1.480810E-09,  1.201982E-13,  5.897771E-10,  2.689766E-15,  3.131896E-09, -8.826120E+01,  1.188168E-01,  3.309660E-01,  1.035173E-17,  1.684205E+02,  3.858105E-19,  1.170029E-23,  5.871452E-21,  9.875319E-27,  6.348341E-19
  8.057705E-01, -4.667783E+01,  2.591667E-01,  7.219127E-01,  2.478359E-02,  4.779783E+01,  9.251998E-06,  8.491175E-09,  3.987830E-06,  2.730676E-10,  2.547800E-05, -5.086156E+01,  4.325247E-02,  1.471172E-01,  2.730538E-03,  8.299419E+01,  2.353080E-07,  5.580769E-11,  7.631578E-07,  1.015866E-11,  1.269621E-06, -8.508837E+01,  1.238898E-01,  3.450970E-01,  1.186903E-06,  1.624379E+02,  1.614559E-09,  1.328113E-13,  6.492917E-10,  3.001914E-15,  3.423443E-09, -8.786073E+01,  1.194238E-01,  3.326569E-01,  1.441289E-17,  1.676929E+02,  5.145483E-19,  1.572013E-23,  8.139604E-21,  1.378855E-26,  8.470566E-19
  8.086551E-01, -4.666635E+01,  2.592269E-01,  7.220805E-01,  2.482945E-02,  4.775957E+01,  9.266891E-06,  8.563528E-09,  3.992008E-06,  2.749857E-10,  2.551991E-05, -5.084212E+01,  4.326983E-02,  1.471763E-01,  2.796631E-03,  8.298217E+01,  2.402555E-07,  5.768439E-11,  7.815160E-07,  1.053434E-11,  1.299053E-06, -8.482224E+01,  1.243439E-01,  3.463618E-01,  1.309006E-06,  1.619128E+02,  1.758133E-09,  1.465460E-13,  7.137731E-10,  3.345061E-15,  3.737265E-09, -8.747185E+01,  1.200222E-01,  3.343237E-01,  2.000986E-17,  1.669789E+02,  6.845338E-19,  2.106796E-23,  1.125234E-20,  1.919827E-26,  1.127425E-18
  8.115397E-01, -4.665517E+01,  2.592856E-01,  7.222439E-01,  2.487439E-02,  4.772230E+01,  9.281480E-06,  8.635995E-09,  3.996109E-06,  2.769057E-10,  2.556097E-05, -5.082302E+01,  4.328692E-02,  1.472344E-01,  2.863182E-03,  8.297035E+01,  2.452219E-07,  5.959988E-11,  7.999986E-07,  1.091891E-11,  1.328662E-06, -8.456042E+01,  1.247952E-01,  3.476189E-01,  1.441589E-06,  1.613926E+02,  1.912073E-09,  1.614833E-13,  7.835420E-10,  3.721749E-15,  4.074655E-09, -8.709406E+01,  1.206121E-01,  3.359667E-01,  2.770117E-17,  1.662781E+02,  9.084184E-19,  2.816487E-23,  1.551210E-20,  2.665592E-26,  1.496896E-18
  8.144244E-01, -4.664428E+01,  2.593427E-01,  7.224031E-01,  2.491841E-02,  4.768602E+01,  9.295768E-06,  8.708573E-09,  4.000135E-06,  2.788276E-10,  2.560121E-05, -5.080426E+01,  4.330373E-02,  1.472916E-01,  2.930172E-03,  8.295871E+01,  2.502060E-07,  6.155431E-11,  8.186007E-07,  1.131242E-11,  1.358441E-06, -8.430292E+01,  1.252434E-01,  3.488675E-01,  1.585355E-06,  1.608774E+02,  2.076934E-09,  1.777085E-13,  8.589327E-10,  4.134681E-15,  4.436953E-09, -8.672692E+01,  1.211935E-01,  3.375862E-01,  3.824004E-17,  1.655904E+02,  1.202551E-18,  3.755964E-23,  2.132509E-20,  3.690825E-26,  1.982572E-18
  8.173090E-01, -4.663368E+01,  2.593984E-01,  7.225582E-01,  2.496153E-02,  4.765068E+01,  9.309761E-06,  8.781260E-09,  4.004084E-06,  2.807514E-10,  2.564061E-05, -5.078582E+01,  4.332028E-02,  1.473479E-01,  2.997585E-03,  8.294725E+01,  2.552066E-07,  6.354779E-11,  8.373173E-07,  1.171493E-11,  1.388381E-06, -8.404977E+01,  1.256885E-01,  3.501071E-01,  1.741042E-06,  1.603676E+02,  2.253288E-09,  1.953114E-13,  9.402931E-10,  4.586727E-15,  4.825544E-09, -8.637001E+01,  1.217665E-01,  3.391825E-01,  5.263911E-17,  1.649153E+02,  1.588002E-18,  4.996570E-23,  2.923526E-20,  5.096351E-26,  2.619406E-18
  8.201936E-01, -4.662334E+01,  2.594527E-01,  7.227093E-01,  2.500376E-02,  4.761624E+01,  9.323463E-06,  8.854054E-09,  4.007957E-06,  2.826771E-10,  2.567921E-05, -5.076770E+01,  4.333657E-02,  1.474033E-01,  3.065402E-03,  8.293599E+01,  2.602225E-07,  6.558044E-11,  8.561434E-07,  1.212649E-11,  1.418475E-06, -8.380098E+01,  1.261300E-01,  3.513372E-01,  1.909417E-06,  1.598631E+02,  2.441722E-09,  2.143863E-13,  1.027984E-09,  5.080931E-15,  5.241854E-09, -8.602294E+01,  1.223313E-01,  3.407556E-01,  7.225555E-17,  1.642527E+02,  2.091850E-18,  6.630801E-23,  3.996881E-20,  7.017906E-26,  3.452356E-18
  8.230782E-01, -4.661327E+01,  2.595055E-01,  7.228566E-01,  2.504512E-02,  4.758270E+01,  9.336878E-06,  8.926952E-09,  4.011756E-06,  2.846046E-10,  2.571701E-05, -5.074990E+01,  4.335259E-02,  1.474578E-01,  3.133605E-03,  8.292493E+01,  2.652523E-07,  6.765238E-11,  8.750743E-07,  1.254714E-11,  1.448715E-06, -8.355654E+01,  1.265680E-01,  3.525571E-01,  2.091278E-06,  1.593643E+02,  2.642840E-09,  2.350324E-13,  1.122381E-09,  5.620515E-15,  5.687359E-09, -8.568536E+01,  1.228878E-01,  3.423060E-01,  9.890267E-17,  1.636023E+02,  2.748803E-18,  8.778267E-23,  5.449228E-20,  9.637696E-26,  4.539091E-18
  8.259629E-01, -4.660345E+01,  2.595570E-01,  7.230001E-01,  2.508561E-02,  4.755001E+01,  9.350009E-06,  8.999952E-09,  4.015478E-06,  2.865339E-10,  2.575402E-05, -5.073242E+01,  4.336836E-02,  1.475114E-01,  3.202177E-03,  8.291405E+01,  2.702951E-07,  6.976371E-11,  8.941051E-07,  1.297695E-11,  1.479093E-06, -8.331646E+01,  1.270022E-01,  3.537666E-01,  2.287459E-06,  1.588712E+02,  2.857262E-09,  2.573535E-13,  1.223872E-09,  6.208890E-15,  6.163574E-09, -8.535691E+01,  1.234363E-01,  3.438336E-01,  1.349957E-16,  1.629640E+02,  3.603222E-18,  1.159324E-22,  7.408819E-20,  1.319959E-25,  5.953383E-18
  8.288475E-01, -4.659388E+01,  2.596073E-01,  7.231400E-01,  2.512524E-02,  4.751815E+01,  9.362861E-06,  9.073053E-09,  4.019126E-06,  2.884650E-10,  2.579025E-05, -5.071524E+01,  4.338387E-02,  1.475642E-01,  3.271102E-03,  8.290335E+01,  2.753497E-07,  7.191451E-11,  9.132311E-07,  1.341595E-11,  1.509603E-06, -8.308072E+01,  1.274324E-01,  3.549650E-01,  2.498823E-06,  1.583840E+02,  3.085620E-09,  2.814585E-13,  1.332859E-09,  6.849661E-15,  6.672058E-09, -8.503729E+01,  1.239766E-01,  3.453388E-01,  1.837417E-16,  1.623374E+02,  4.711653E-18,  1.527415E-22,  1.004532E-19,  1.802901E-25,  7.789341E-18
  8.317321E-01, -4.658455E+01,  2.596562E-01,  7.232764E-01,  2.516404E-02,  4.748710E+01,  9.375437E-06,  9.146251E-09,  4.022699E-06,  2.903977E-10,  2.582571E-05, -5.069836E+01,  4.339914E-02,  1.476161E-01,  3.340361E-03,  8.289282E+01,  2.804148E-07,  7.410488E-11,  9.324475E-07,  1.386418E-11,  1.540237E-06, -8.284931E+01,  1.278586E-01,  3.561521E-01,  2.726265E-06,  1.579028E+02,  3.328563E-09,  3.074614E-13,  1.449757E-09,  7.546630E-15,  7.214414E-09, -8.472619E+01,  1.245089E-01,  3.468215E-01,  2.493855E-16,  1.617224E+02,  6.145971E-18,  2.007561E-22,  1.358247E-19,  2.455896E-25,  1.016670E-17
  8.346168E-01, -4.657545E+01,  2.597040E-01,  7.234094E-01,  2.520201E-02,  4.745683E+01,  9.387742E-06,  9.219545E-09,  4.026198E-06,  2.923321E-10,  2.586041E-05, -5.068178E+01,  4.341415E-02,  1.476672E-01,  3.409939E-03,  8.288246E+01,  2.854896E-07,  7.633488E-11,  9.517499E-07,  1.432169E-11,  1.570988E-06, -8.262220E+01,  1.282805E-01,  3.573273E-01,  2.970714E-06,  1.574276E+02,  3.586754E-09,  3.354813E-13,  1.574995E-09,  8.303806E-15,  7.792282E-09, -8.442333E+01,  1.250333E-01,  3.482821E-01,  3.375284E-16,  1.611188E+02,  7.997285E-18,  2.632338E-22,  1.831445E-19,  3.336387E-25,  1.323736E-17
  8.375014E-01, -4.656658E+01,  2.597505E-01,  7.235391E-01,  2.523915E-02,  4.742732E+01,  9.399780E-06,  9.292933E-09,  4.029622E-06,  2.942682E-10,  2.589436E-05, -5.066550E+01,  4.342892E-02,  1.477174E-01,  3.479819E-03,  8.287226E+01,  2.905729E-07,  7.860458E-11,  9.711337E-07,  1.478852E-11,  1.601848E-06, -8.239938E+01,  1.286981E-01,  3.584904E-01,  3.233130E-06,  1.569587E+02,  3.860866E-09,  3.656426E-13,  1.709015E-09,  9.125412E-15,  8.407347E-09, -8.412846E+01,  1.255497E-01,  3.497205E-01,  4.555383E-16,  1.605264E+02,  1.038076E-17,  3.443320E-22,  2.462685E-19,  4.520356E-25,  1.719352E-17
  8.403860E-01, -4.655793E+01,  2.597960E-01,  7.236656E-01,  2.527549E-02,  4.739854E+01,  9.411553E-06,  9.366412E-09,  4.032973E-06,  2.962058E-10,  2.592758E-05, -5.064950E+01,  4.344345E-02,  1.477668E-01,  3.549985E-03,  8.286224E+01,  2.956636E-07,  8.091404E-11,  9.905944E-07,  1.526470E-11,  1.632812E-06, -8.218081E+01,  1.291111E-01,  3.596410E-01,  3.514505E-06,  1.564960E+02,  4.151589E-09,  3.980749E-13,  1.852272E-09,  1.001589E-14,  9.061328E-09, -8.384131E+01,  1.260582E-01,  3.511370E-01,  6.130766E-16,  1.599451E+02,  1.344158E-17,  4.493425E-22,  3.302351E-19,  6.108005E-25,  2.227771E-17
  8.432706E-01, -4.654949E+01,  2.598402E-01,  7.237890E-01,  2.531104E-02,  4.737047E+01,  9.423067E-06,  9.439981E-09,  4.036251E-06,  2.981450E-10,  2.596006E-05, -5.063379E+01,  4.345773E-02,  1.478154E-01,  3.620421E-03,  8.285238E+01,  3.007607E-07,  8.326331E-11,  1.010128E-06,  1.575028E-11,  1.663871E-06, -8.196646E+01,  1.295196E-01,  3.607788E-01,  3.815861E-06,  1.560397E+02,  4.459623E-09,  4.329136E-13,  2.005235E-09,  1.097990E-14,  9.755985E-09, -8.356165E+01,  1.265588E-01,  3.525315E-01,  8.227722E-16,  1.593748E+02,  1.736224E-17,  5.849826E-22,  4.416076E-19,  8.231091E-25,  2.879506E-17
  8.461553E-01, -4.654126E+01,  2.598835E-01,  7.239093E-01,  2.534580E-02,  4.734310E+01,  9.434324E-06,  9.513637E-09,  4.039456E-06,  3.000858E-10,  2.599183E-05, -5.061836E+01,  4.347179E-02,  1.478632E-01,  3.691111E-03,  8.284270E+01,  3.058633E-07,  8.565243E-11,  1.029729E-06,  1.624527E-11,  1.695020E-06, -8.175630E+01,  1.299234E-01,  3.619035E-01,  4.138254E-06,  1.555898E+02,  4.785679E-09,  4.702994E-13,  2.168382E-09,  1.202234E-14,  1.049311E-08, -8.328925E+01,  1.270517E-01,  3.539044E-01,  1.101081E-15,  1.588151E+02,  2.237151E-17,  7.597569E-22,  5.889095E-19,  1.106235E-24,  3.712849E-17
  8.490399E-01, -4.653322E+01,  2.599256E-01,  7.240268E-01,  2.537978E-02,  4.731640E+01,  9.445328E-06,  9.587379E-09,  4.042588E-06,  3.020281E-10,  2.602289E-05, -5.060320E+01,  4.348560E-02,  1.479102E-01,  3.762039E-03,  8.283319E+01,  3.109704E-07,  8.808144E-11,  1.049395E-06,  1.674972E-11,  1.726252E-06, -8.155028E+01,  1.303223E-01,  3.630149E-01,  4.482768E-06,  1.551464E+02,  5.130479E-09,  5.103788E-13,  2.342208E-09,  1.314835E-14,  1.127454E-08, -8.302390E+01,  1.275367E-01,  3.552555E-01,  1.469379E-15,  1.582661E+02,  2.875538E-17,  9.844041E-22,  7.831756E-19,  1.482757E-24,  4.775717E-17
  8.519245E-01, -4.652539E+01,  2.599667E-01,  7.241414E-01,  2.541300E-02,  4.729034E+01,  9.456082E-06,  9.661205E-09,  4.045649E-06,  3.039718E-10,  2.605325E-05, -5.058832E+01,  4.349919E-02,  1.479564E-01,  3.833191E-03,  8.282384E+01,  3.160810E-07,  9.055036E-11,  1.069120E-06,  1.726364E-11,  1.757561E-06, -8.134837E+01,  1.307165E-01,  3.641127E-01,  4.850519E-06,  1.547095E+02,  5.494755E-09,  5.533039E-13,  2.527217E-09,  1.436330E-14,  1.210214E-08, -8.276539E+01,  1.280141E-01,  3.565852E-01,  1.955346E-15,  1.577275E+02,  3.687034E-17,  1.272448E-21,  1.038648E-18,  1.982100E-24,  6.127907E-17
  8.548091E-01, -4.651774E+01,  2.600069E-01,  7.242532E-01,  2.544546E-02,  4.726492E+01,  9.466591E-06,  9.735112E-09,  4.048637E-06,  3.059169E-10,  2.608292E-05, -5.057371E+01,  4.351255E-02,  1.480019E-01,  3.904552E-03,  8.281465E+01,  3.211942E-07,  9.305921E-11,  1.088901E-06,  1.778708E-11,  1.788940E-06, -8.115053E+01,  1.311056E-01,  3.651966E-01,  5.242650E-06,  1.542792E+02,  5.879249E-09,  5.992326E-13,  2.723928E-09,  1.567282E-14,  1.297780E-08, -8.251352E+01,  1.284837E-01,  3.578934E-01,  2.594711E-15,  1.571993E+02,  4.715959E-17,  1.640876E-21,  1.373653E-18,  2.642502E-24,  7.843835E-17
  8.576938E-01, -4.651027E+01,  2.600461E-01,  7.243623E-01,  2.547718E-02,  4.724011E+01,  9.476857E-06,  9.809099E-09,  4.051554E-06,  3.078635E-10,  2.611191E-05, -5.055935E+01,  4.352569E-02,  1.480466E-01,  3.976107E-03,  8.280561E+01,  3.263092E-07,  9.560802E-11,  1.108734E-06,  1.832005E-11,  1.820383E-06, -8.095671E+01,  1.314897E-01,  3.662666E-01,  5.660336E-06,  1.538554E+02,  6.284712E-09,  6.483288E-13,  2.932867E-09,  1.708279E-14,  1.390344E-08, -8.226812E+01,  1.289457E-01,  3.591802E-01,  3.433451E-15,  1.566812E+02,  6.017255E-17,  2.110965E-21,  1.811695E-18,  3.513497E-24,  1.001586E-16
  8.605784E-01, -4.650298E+01,  2.600843E-01,  7.244689E-01,  2.550817E-02,  4.721590E+01,  9.486884E-06,  9.883165E-09,  4.054401E-06,  3.098113E-10,  2.614023E-05, -5.054526E+01,  4.353860E-02,  1.480905E-01,  4.047842E-03,  8.279672E+01,  3.314250E-07,  9.819677E-11,  1.128615E-06,  1.886257E-11,  1.851885E-06, -8.076687E+01,  1.318687E-01,  3.673223E-01,  6.104778E-06,  1.534382E+02,  6.711899E-09,  7.007621E-13,  3.154575E-09,  1.859933E-14,  1.488102E-08, -8.202900E+01,  1.294001E-01,  3.604459E-01,  4.530543E-15,  1.561731E+02,  7.658846E-17,  2.709300E-21,  2.382835E-18,  4.659076E-24,  1.275829E-16
  8.634630E-01, -4.649587E+01,  2.601217E-01,  7.245729E-01,  2.553843E-02,  4.719226E+01,  9.496676E-06,  9.957306E-09,  4.057177E-06,  3.117606E-10,  2.616788E-05, -5.053143E+01,  4.355129E-02,  1.481336E-01,  4.119743E-03,  8.278799E+01,  3.365408E-07,  1.008255E-10,  1.148540E-06,  1.941467E-11,  1.883438E-06, -8.058095E+01,  1.322426E-01,  3.683638E-01,  6.577205E-06,  1.530277E+02,  7.161576E-09,  7.567082E-13,  3.389603E-09,  2.022887E-14,  1.591253E-08, -8.179598E+01,  1.298469E-01,  3.616905E-01,  5.961406E-15,  1.556750E+02,  9.724471E-17,  3.469010E-21,  3.125395E-18,  6.161649E-24,  1.621223E-16
  8.663477E-01, -4.648892E+01,  2.601581E-01,  7.246745E-01,  2.556798E-02,  4.716919E+01,  9.506234E-06,  1.003152E-08,  4.059883E-06,  3.137111E-10,  2.619488E-05, -5.051785E+01,  4.356376E-02,  1.481761E-01,  4.191796E-03,  8.277941E+01,  3.416558E-07,  1.034941E-10,  1.168505E-06,  1.997637E-11,  1.915038E-06, -8.039891E+01,  1.326113E-01,  3.693907E-01,  7.078872E-06,  1.526238E+02,  7.634513E-09,  8.163488E-13,  3.638512E-09,  2.197807E-14,  1.699995E-08, -8.156891E+01,  1.302861E-01,  3.629141E-01,  7.822182E-15,  1.551866E+02,  1.231708E-16,  4.431263E-21,  4.088082E-18,  8.127046E-24,  2.055134E-16
  8.692323E-01, -4.648214E+01,  2.601937E-01,  7.247737E-01,  2.559683E-02,  4.714666E+01,  9.515564E-06,  1.010581E-08,  4.062520E-06,  3.156629E-10,  2.622123E-05, -5.050452E+01,  4.357602E-02,  1.482178E-01,  4.263987E-03,  8.277097E+01,  3.467692E-07,  1.062027E-10,  1.188507E-06,  2.054768E-11,  1.946679E-06, -8.022070E+01,  1.329747E-01,  3.704030E-01,  7.611060E-06,  1.522266E+02,  8.131485E-09,  8.798717E-13,  3.901872E-09,  2.385387E-14,  1.814533E-08, -8.134762E+01,  1.307179E-01,  3.641168E-01,  1.023505E-14,  1.547079E+02,  1.556292E-16,  5.647092E-21,  5.332611E-18,  1.069077E-23,  2.598884E-16
  8.721169E-01, -4.647551E+01,  2.602285E-01,  7.248705E-01,  2.562497E-02,  4.712466E+01,  9.524667E-06,  1.018017E-08,  4.065089E-06,  3.176159E-10,  2.624695E-05, -5.049143E+01,  4.358807E-02,  1.482587E-01,  4.336304E-03,  8.276268E+01,  3.518802E-07,  1.089512E-10,  1.208541E-06,  2.112862E-11,  1.978355E-06, -8.004626E+01,  1.333328E-01,  3.714006E-01,  8.175073E-06,  1.518360E+02,  8.653272E-09,  9.474708E-13,  4.180263E-09,  2.586351E-14,  1.935071E-08, -8.113196E+01,  1.311423E-01,  3.652988E-01,  1.335481E-14,  1.542386E+02,  1.961631E-16,  7.179585E-21,  6.936944E-18,  1.402579E-23,  3.278574E-16
  8.750015E-01, -4.646904E+01,  2.602625E-01,  7.249651E-01,  2.565244E-02,  4.710318E+01,  9.533548E-06,  1.025460E-08,  4.067588E-06,  3.195701E-10,  2.627204E-05, -5.047859E+01,  4.359991E-02,  1.482990E-01,  4.408733E-03,  8.275454E+01,  3.569881E-07,  1.117396E-10,  1.228605E-06,  2.171920E-11,  2.010062E-06, -7.987555E+01,  1.336856E-01,  3.723834E-01,  8.772240E-06,  1.514520E+02,  9.200655E-09,  1.019346E-12,  4.474276E-09,  2.801449E-14,  2.061815E-08, -8.092178E+01,  1.315592E-01,  3.664603E-01,  1.737694E-14,  1.537788E+02,  2.466547E-16,  9.106536E-21,  8.999269E-18,  1.835230E-23,  4.126074E-16
  8.778862E-01, -4.646272E+01,  2.602957E-01,  7.250575E-01,  2.567923E-02,  4.708219E+01,  9.542208E-06,  1.032909E-08,  4.070020E-06,  3.215254E-10,  2.629651E-05, -5.046598E+01,  4.361154E-02,  1.483386E-01,  4.481260E-03,  8.274656E+01,  3.620920E-07,  1.145679E-10,  1.248695E-06,  2.231944E-11,  2.041792E-06, -7.970852E+01,  1.340331E-01,  3.733513E-01,  9.403912E-06,  1.510746E+02,  9.774422E-09,  1.095703E-12,  4.784508E-09,  3.031461E-14,  2.194974E-08, -8.071694E+01,  1.319689E-01,  3.676013E-01,  2.254762E-14,  1.533282E+02,  3.093928E-16,  1.152362E-20,  1.164287E-17,  2.394975E-23,  5.180193E-16
  8.807708E-01, -4.645654E+01,  2.603281E-01,  7.251478E-01,  2.570534E-02,  4.706170E+01,  9.550652E-06,  1.040365E-08,  4.072384E-06,  3.234819E-10,  2.632037E-05, -5.045361E+01,  4.362297E-02,  1.483774E-01,  4.553876E-03,  8.273872E+01,  3.671913E-07,  1.174360E-10,  1.268807E-06,  2.292935E-11,  2.073543E-06, -7.954510E+01,  1.343752E-01,  3.743042E-01,  1.007146E-05,  1.507038E+02,  1.037536E-08,  1.176755E-12,  5.111566E-09,  3.277197E-14,  2.334757E-08, -8.051731E+01,  1.323712E-01,  3.687220E-01,  2.917581E-14,  1.528867E+02,  3.871530E-16,  1.454819E-20,  1.502209E-17,  3.117180E-23,  6.488057E-16
  8.836554E-01, -4.645051E+01,  2.603597E-01,  7.252360E-01,  2.573081E-02,  4.704168E+01,  9.558881E-06,  1.047828E-08,  4.074682E-06,  3.254395E-10,  2.634362E-05, -5.044147E+01,  4.363419E-02,  1.484156E-01,  4.626566E-03,  8.273102E+01,  3.722853E-07,  1.203439E-10,  1.288939E-06,  2.354893E-11,  2.105308E-06, -7.938524E+01,  1.347120E-01,  3.752422E-01,  1.077627E-05,  1.503396E+02,  1.100425E-08,  1.262719E-12,  5.456062E-09,  3.539493E-14,  2.481376E-08, -8.032274E+01,  1.327663E-01,  3.698225E-01,  3.764821E-14,  1.524543E+02,  4.832926E-16,  1.832383E-20,  1.932953E-17,  4.046471E-23,  8.106749E-16
  8.865400E-01, -4.644461E+01,  2.603907E-01,  7.253222E-01,  2.575562E-02,  4.702212E+01,  9.566900E-06,  1.055296E-08,  4.076914E-06,  3.273981E-10,  2.636628E-05, -5.042956E+01,  4.364521E-02,  1.484531E-01,  4.699319E-03,  8.272346E+01,  3.773733E-07,  1.232915E-10,  1.309086E-06,  2.417820E-11,  2.137082E-06, -7.922890E+01,  1.350433E-01,  3.761652E-01,  1.151977E-05,  1.499819E+02,  1.166188E-08,  1.353821E-12,  5.818618E-09,  3.819219E-14,  2.635041E-08, -8.013312E+01,  1.331542E-01,  3.709030E-01,  4.844723E-14,  1.520307E+02,  6.018616E-16,  2.302578E-20,  2.480491E-17,  5.238997E-23,  1.010522E-15
  8.894247E-01, -4.643885E+01,  2.604209E-01,  7.254065E-01,  2.577979E-02,  4.700300E+01,  9.574710E-06,  1.062771E-08,  4.079079E-06,  3.293578E-10,  2.638835E-05, -5.041788E+01,  4.365604E-02,  1.484899E-01,  4.772124E-03,  8.271603E+01,  3.824546E-07,  1.262787E-10,  1.329246E-06,  2.481716E-11,  2.168862E-06, -7.907600E+01,  1.353693E-01,  3.770731E-01,  1.230336E-05,  1.496307E+02,  1.234904E-08,  1.450291E-12,  6.199861E-09,  4.117273E-14,  2.795965E-08, -7.994831E+01,  1.335350E-01,  3.719637E-01,  6.217298E-14,  1.516158E+02,  7.477322E-16,  2.886731E-20,  3.174561E-17,  6.765205E-23,  1.256655E-15
  8.923093E-01, -4.643322E+01,  2.604505E-01,  7.254888E-01,  2.580333E-02,  4.698432E+01,  9.582315E-06,  1.070252E-08,  4.081179E-06,  3.313185E-10,  2.640984E-05, -5.040642E+01,  4.366667E-02,  1.485261E-01,  4.844969E-03,  8.270874E+01,  3.875287E-07,  1.293056E-10,  1.349416E-06,  2.546581E-11,  2.200641E-06, -7.892651E+01,  1.356898E-01,  3.779661E-01,  1.312850E-05,  1.492860E+02,  1.306651E-08,  1.552365E-12,  6.600422E-09,  4.434583E-14,  2.964361E-08, -7.976820E+01,  1.339087E-01,  3.730047E-01,  7.956963E-14,  1.512096E+02,  9.267505E-16,  3.610739E-20,  4.051951E-17,  8.713229E-23,  1.559056E-15
  8.951939E-01, -4.642772E+01,  2.604794E-01,  7.255692E-01,  2.582624E-02,  4.696607E+01,  9.589718E-06,  1.077738E-08,  4.083215E-06,  3.332801E-10,  2.643076E-05, -5.039517E+01,  4.367711E-02,  1.485616E-01,  4.917843E-03,  8.270157E+01,  3.925949E-07,  1.323721E-10,  1.369593E-06,  2.612415E-11,  2.232416E-06, -7.878037E+01,  1.360050E-01,  3.788440E-01,  1.399664E-05,  1.489478E+02,  1.381508E-08,  1.660288E-12,  7.020939E-09,  4.772109E-14,  3.140443E-08, -7.959266E+01,  1.342754E-01,  3.740262E-01,  1.015574E-13,  1.508119E+02,  1.145913E-15,  4.505964E-20,  5.158036E-17,  1.119302E-22,  1.929690E-15
  8.980786E-01, -4.642234E+01,  2.605076E-01,  7.256479E-01,  2.584854E-02,  4.694823E+01,  9.596921E-06,  1.085230E-08,  4.085187E-06,  3.352427E-10,  2.645111E-05, -5.038414E+01,  4.368735E-02,  1.485964E-01,  4.990735E-03,  8.269454E+01,  3.976526E-07,  1.354781E-10,  1.389773E-06,  2.679220E-11,  2.264182E-06, -7.863751E+01,  1.363148E-01,  3.797069E-01,  1.490926E-05,  1.486159E+02,  1.459551E-08,  1.774306E-12,  7.462056E-09,  5.130840E-14,  3.324424E-08, -7.942159E+01,  1.346352E-01,  3.750284E-01,  1.292705E-13,  1.504225E+02,  1.413569E-15,  5.610291E-20,  6.548620E-17,  1.434134E-22,  2.382860E-15
  9.009632E-01, -4.641708E+01,  2.605352E-01,  7.257248E-01,  2.587023E-02,  4.693079E+01,  9.603927E-06,  1.092727E-08,  4.087095E-06,  3.372062E-10,  2.647090E-05, -5.037333E+01,  4.369741E-02,  1.486307E-01,  5.063634E-03,  8.268764E+01,  4.027012E-07,  1.386235E-10,  1.409954E-06,  2.746995E-11,  2.295935E-06, -7.849789E+01,  1.366192E-01,  3.805549E-01,  1.586782E-05,  1.482903E+02,  1.540858E-08,  1.894676E-12,  7.924419E-09,  5.511800E-14,  3.516517E-08, -7.925487E+01,  1.349881E-01,  3.760115E-01,  1.641034E-13,  1.500414E+02,  1.739662E-15,  6.969371E-20,  8.292132E-17,  1.832788E-22,  2.935617E-15
  9.038478E-01, -4.641194E+01,  2.605622E-01,  7.257999E-01,  2.589132E-02,  4.691374E+01,  9.610738E-06,  1.100230E-08,  4.088940E-06,  3.391706E-10,  2.649015E-05, -5.036272E+01,  4.370729E-02,  1.486642E-01,  5.136531E-03,  8.268087E+01,  4.077402E-07,  1.418082E-10,  1.430133E-06,  2.815739E-11,  2.327671E-06, -7.836144E+01,  1.369183E-01,  3.813879E-01,  1.687383E-05,  1.479711E+02,  1.625506E-08,  2.021659E-12,  8.408679E-09,  5.916039E-14,  3.716934E-08, -7.909239E+01,  1.353342E-01,  3.769755E-01,  2.077648E-13,  1.496684E+02,  2.135995E-15,  8.638080E-20,  1.047224E-16,  2.336253E-22,  3.608245E-15
  9.067324E-01, -4.640691E+01,  2.605886E-01,  7.258734E-01,  2.591182E-02,  4.689708E+01,  9.617358E-06,  1.107738E-08,  4.090722E-06,  3.411358E-10,  2.650885E-05, -5.035232E+01,  4.371698E-02,  1.486972E-01,  5.209415E-03,  8.267422E+01,  4.127691E-07,  1.450322E-10,  1.450307E-06,  2.885453E-11,  2.359384E-06, -7.822812E+01,  1.372120E-01,  3.822062E-01,  1.792878E-05,  1.476580E+02,  1.713570E-08,  2.155521E-12,  8.915488E-09,  6.344643E-14,  3.925888E-08, -7.893406E+01,  1.356736E-01,  3.779209E-01,  2.623430E-13,  1.493035E+02,  2.616550E-15,  1.068221E-19,  1.319097E-16,  2.970424E-22,  4.424804E-15
  9.096171E-01, -4.640200E+01,  2.606143E-01,  7.259453E-01,  2.593173E-02,  4.688079E+01,  9.623788E-06,  1.115251E-08,  4.092442E-06,  3.431019E-10,  2.652702E-05, -5.034212E+01,  4.372649E-02,  1.487295E-01,  5.282276E-03,  8.266769E+01,  4.177872E-07,  1.482954E-10,  1.470474E-06,  2.956137E-11,  2.391073E-06, -7.809787E+01,  1.375005E-01,  3.830096E-01,  1.903418E-05,  1.473512E+02,  1.805125E-08,  2.296535E-12,  9.445500E-09,  6.798726E-14,  4.143589E-08, -7.877976E+01,  1.360063E-01,  3.788476E-01,  3.303823E-13,  1.489464E+02,  3.197843E-15,  1.318047E-19,  1.657235E-16,  3.767159E-22,  5.413764E-15
  9.125017E-01, -4.639719E+01,  2.606396E-01,  7.260155E-01,  2.595107E-02,  4.686486E+01,  9.630032E-06,  1.122768E-08,  4.094102E-06,  3.450687E-10,  2.654465E-05, -5.033213E+01,  4.373582E-02,  1.487613E-01,  5.355104E-03,  8.266130E+01,  4.227940E-07,  1.515977E-10,  1.490631E-06,  3.027789E-11,  2.422731E-06, -7.797063E+01,  1.377836E-01,  3.837984E-01,  2.019153E-05,  1.470504E+02,  1.900246E-08,  2.444980E-12,  9.999374E-09,  7.279436E-14,  4.370249E-08, -7.862941E+01,  1.363324E-01,  3.797560E-01,  4.149742E-13,  1.485970E+02,  3.899338E-15,  1.622676E-19,  2.076675E-16,  4.765544E-22,  6.608730E-15
  9.153863E-01, -4.639249E+01,  2.606642E-01,  7.260842E-01,  2.596984E-02,  4.684928E+01,  9.636091E-06,  1.130291E-08,  4.095700E-06,  3.470363E-10,  2.656177E-05, -5.032233E+01,  4.374497E-02,  1.487924E-01,  5.427890E-03,  8.265504E+01,  4.277891E-07,  1.549391E-10,  1.510775E-06,  3.100409E-11,  2.454357E-06, -7.784634E+01,  1.380615E-01,  3.845725E-01,  2.140236E-05,  1.467557E+02,  1.999007E-08,  2.601139E-12,  1.057777E-08,  7.787950E-14,  4.606076E-08, -7.848289E+01,  1.366520E-01,  3.806462E-01,  5.198641E-13,  1.482553E+02,  4.743913E-15,  1.993285E-19,  2.595598E-16,  6.013407E-22,  8.049272E-15
  9.182709E-01, -4.638789E+01,  2.606884E-01,  7.261514E-01,  2.598805E-02,  4.683405E+01,  9.641969E-06,  1.137818E-08,  4.097238E-06,  3.490046E-10,  2.657837E-05, -5.031272E+01,  4.375396E-02,  1.488230E-01,  5.500625E-03,  8.264889E+01,  4.327721E-07,  1.583193E-10,  1.530904E-06,  3.173997E-11,  2.485945E-06, -7.772496E+01,  1.383342E-01,  3.853321E-01,  2.266818E-05,  1.464670E+02,  2.101479E-08,  2.765304E-12,  1.118133E-08,  8.325481E-14,  4.851277E-08, -7.834013E+01,  1.369651E-01,  3.815185E-01,  6.495771E-13,  1.479211E+02,  5.758394E-15,  2.443149E-19,  3.235924E-16,  7.569113E-22,  9.781867E-15
  9.211556E-01, -4.638340E+01,  2.607119E-01,  7.262171E-01,  2.600571E-02,  4.681915E+01,  9.647668E-06,  1.145349E-08,  4.098716E-06,  3.509737E-10,  2.659446E-05, -5.030331E+01,  4.376277E-02,  1.488529E-01,  5.573300E-03,  8.264287E+01,  4.377424E-07,  1.617383E-10,  1.551016E-06,  3.248551E-11,  2.517493E-06, -7.760643E+01,  1.386018E-01,  3.860773E-01,  2.399050E-05,  1.461842E+02,  2.207735E-08,  2.937768E-12,  1.181074E-08,  8.893268E-14,  5.106058E-08, -7.820102E+01,  1.372719E-01,  3.823730E-01,  8.095650E-13,  1.475943E+02,  6.974156E-15,  2.987992E-19,  4.024007E-16,  9.503699E-22,  1.186097E-14
  9.240402E-01, -4.637900E+01,  2.607350E-01,  7.262814E-01,  2.602282E-02,  4.680458E+01,  9.653190E-06,  1.152885E-08,  4.100135E-06,  3.529434E-10,  2.661005E-05, -5.029408E+01,  4.377141E-02,  1.488823E-01,  5.645907E-03,  8.263695E+01,  4.426995E-07,  1.651961E-10,  1.571108E-06,  3.324071E-11,  2.548997E-06, -7.749069E+01,  1.388642E-01,  3.868082E-01,  2.537086E-05,  1.459072E+02,  2.317844E-08,  3.118834E-12,  1.246663E-08,  9.492587E-14,  5.370623E-08, -7.806548E+01,  1.375724E-01,  3.832100E-01,  1.006378E-12,  1.472747E+02,  8.427809E-15,  3.646398E-19,  4.991449E-16,  1.190339E-21,  1.435024E-14
  9.269248E-01, -4.637470E+01,  2.607576E-01,  7.263443E-01,  2.603939E-02,  4.679034E+01,  9.658537E-06,  1.160424E-08,  4.101496E-06,  3.549137E-10,  2.662514E-05, -5.028504E+01,  4.377988E-02,  1.489112E-01,  5.718436E-03,  8.263115E+01,  4.476432E-07,  1.686924E-10,  1.591177E-06,  3.400556E-11,  2.580453E-06, -7.737769E+01,  1.391215E-01,  3.875250E-01,  2.681075E-05,  1.456360E+02,  2.431876E-08,  3.308808E-12,  1.314968E-08,  1.012474E-13,  5.645173E-08, -7.793342E+01,  1.378667E-01,  3.840297E-01,  1.247863E-12,  1.469623E+02,  1.016197E-14,  4.440282E-19,  6.176043E-16,  1.487259E-21,  1.732389E-14
  9.298095E-01, -4.637049E+01,  2.607797E-01,  7.264058E-01,  2.605542E-02,  4.677641E+01,  9.663712E-06,  1.167968E-08,  4.102799E-06,  3.568847E-10,  2.663974E-05, -5.027618E+01,  4.378819E-02,  1.489394E-01,  5.790880E-03,  8.262547E+01,  4.525729E-07,  1.722273E-10,  1.611222E-06,  3.478004E-11,  2.611859E-06, -7.726739E+01,  1.393737E-01,  3.882276E-01,  2.831169E-05,  1.453705E+02,  2.549899E-08,  3.508002E-12,  1.386052E-08,  1.079107E-13,  5.929909E-08, -7.780476E+01,  1.381548E-01,  3.848323E-01,  1.543398E-12,  1.466569E+02,  1.222612E-14,  5.395424E-19,  7.622861E-16,  1.853736E-21,  2.086829E-14
  9.326941E-01, -4.636638E+01,  2.608013E-01,  7.264659E-01,  2.607093E-02,  4.676278E+01,  9.668717E-06,  1.175516E-08,  4.104045E-06,  3.588562E-10,  2.665386E-05, -5.026750E+01,  4.379634E-02,  1.489671E-01,  5.863231E-03,  8.261989E+01,  4.574882E-07,  1.758005E-10,  1.631241E-06,  3.556414E-11,  2.643210E-06, -7.715972E+01,  1.396210E-01,  3.889164E-01,  2.987519E-05,  1.451107E+02,  2.671978E-08,  3.716732E-12,  1.459981E-08,  1.149294E-13,  6.225027E-08, -7.767941E+01,  1.384369E-01,  3.856181E-01,  1.904159E-12,  1.463584E+02,  1.467758E-14,  6.542080E-19,  9.385520E-16,  2.304955E-21,  2.508364E-14
  9.355787E-01, -4.636235E+01,  2.608224E-01,  7.265248E-01,  2.608593E-02,  4.674945E+01,  9.673555E-06,  1.183067E-08,  4.105233E-06,  3.608283E-10,  2.666751E-05, -5.025899E+01,  4.380433E-02,  1.489943E-01,  5.935480E-03,  8.261443E+01,  4.623888E-07,  1.794120E-10,  1.651231E-06,  3.635784E-11,  2.674504E-06, -7.705463E+01,  1.398633E-01,  3.895913E-01,  3.150275E-05,  1.448564E+02,  2.798181E-08,  3.935320E-12,  1.536821E-08,  1.223174E-13,  6.530722E-08, -7.755729E+01,  1.387130E-01,  3.863873E-01,  2.343426E-12,  1.460667E+02,  1.758261E-14,  7.915686E-19,  1.152763E-15,  2.859158E-21,  3.008602E-14
  9.384633E-01, -4.635842E+01,  2.608431E-01,  7.265823E-01,  2.610041E-02,  4.673640E+01,  9.678227E-06,  1.190622E-08,  4.106365E-06,  3.628010E-10,  2.668069E-05, -5.025066E+01,  4.381216E-02,  1.490209E-01,  6.007621E-03,  8.260907E+01,  4.672743E-07,  1.830616E-10,  1.671189E-06,  3.716114E-11,  2.705738E-06, -7.695207E+01,  1.401007E-01,  3.902526E-01,  3.319585E-05,  1.446075E+02,  2.928570E-08,  4.164094E-12,  1.616635E-08,  1.300892E-13,  6.847185E-08, -7.743832E+01,  1.389833E-01,  3.871400E-01,  2.876945E-12,  1.457816E+02,  2.101760E-14,  9.557644E-19,  1.412446E-15,  3.538206E-21,  3.600948E-14
  9.413480E-01, -4.635456E+01,  2.608633E-01,  7.266387E-01,  2.611439E-02,  4.672364E+01,  9.682736E-06,  1.198180E-08,  4.107442E-06,  3.647742E-10,  2.669340E-05, -5.024251E+01,  4.381983E-02,  1.490470E-01,  6.079645E-03,  8.260382E+01,  4.721443E-07,  1.867493E-10,  1.691116E-06,  3.797402E-11,  2.736909E-06, -7.685199E+01,  1.403333E-01,  3.909005E-01,  3.495599E-05,  1.443641E+02,  3.063207E-08,  4.403385E-12,  1.699488E-08,  1.382592E-13,  7.174605E-08, -7.732243E+01,  1.392477E-01,  3.878766E-01,  3.523329E-12,  1.455031E+02,  2.507044E-14,  1.151622E-18,  1.726485E-15,  4.368232E-21,  4.300858E-14
  9.442326E-01, -4.635079E+01,  2.608831E-01,  7.266938E-01,  2.612786E-02,  4.671116E+01,  9.687083E-06,  1.205742E-08,  4.108463E-06,  3.667478E-10,  2.670565E-05, -5.023452E+01,  4.382735E-02,  1.490726E-01,  6.151545E-03,  8.259867E+01,  4.769985E-07,  1.904749E-10,  1.711007E-06,  3.879645E-11,  2.768013E-06, -7.675435E+01,  1.405610E-01,  3.915349E-01,  3.678462E-05,  1.441260E+02,  3.202154E-08,  4.653530E-12,  1.785442E-08,  1.468425E-13,  7.513168E-08, -7.720954E+01,  1.395064E-01,  3.885973E-01,  4.304530E-12,  1.452310E+02,  2.984200E-14,  1.384756E-18,  2.105341E-15,  5.380396E-21,  5.126105E-14
  9.471172E-01, -4.634711E+01,  2.609024E-01,  7.267477E-01,  2.614085E-02,  4.669895E+01,  9.691272E-06,  1.213307E-08,  4.109430E-06,  3.687219E-10,  2.671745E-05, -5.022669E+01,  4.383472E-02,  1.490977E-01,  6.223315E-03,  8.259363E+01,  4.818365E-07,  1.942382E-10,  1.730861E-06,  3.962843E-11,  2.799049E-06, -7.665908E+01,  1.407841E-01,  3.921563E-01,  3.868321E-05,  1.438931E+02,  3.345471E-08,  4.914871E-12,  1.874562E-08,  1.558542E-13,  7.863056E-08, -7.709957E+01,  1.397595E-01,  3.893023E-01,  5.246366E-12,  1.449652E+02,  3.544783E-14,  1.661685E-18,  2.561297E-15,  6.611765E-21,  6.097085E-14
  9.500018E-01, -4.634350E+01,  2.609214E-01,  7.268004E-01,  2.615335E-02,  4.668701E+01,  9.695303E-06,  1.220875E-08,  4.110342E-06,  3.706964E-10,  2.672880E-05, -5.021903E+01,  4.384195E-02,  1.491223E-01,  6.294948E-03,  8.258869E+01,  4.866580E-07,  1.980392E-10,  1.750677E-06,  4.046993E-11,  2.830013E-06, -7.656615E+01,  1.410025E-01,  3.927645E-01,  4.065321E-05,  1.436654E+02,  3.493213E-08,  5.187752E-12,  1.966909E-08,  1.653098E-13,  8.224447E-08, -7.699246E+01,  1.400071E-01,  3.899919E-01,  6.379133E-12,  1.447056E+02,  4.201993E-14,  1.989957E-18,  3.108741E-15,  8.106323E-21,  7.237153E-14
  9.528865E-01, -4.633997E+01,  2.609399E-01,  7.268520E-01,  2.616537E-02,  4.667532E+01,  9.699180E-06,  1.228446E-08,  4.111201E-06,  3.726714E-10,  2.673972E-05, -5.021153E+01,  4.384902E-02,  1.491463E-01,  6.366436E-03,  8.258385E+01,  4.914627E-07,  2.018777E-10,  1.770453E-06,  4.132093E-11,  2.860903E-06, -7.647549E+01,  1.412162E-01,  3.933600E-01,  4.269604E-05,  1.434428E+02,  3.645439E-08,  5.472525E-12,  2.062545E-08,  1.752251E-13,  8.597519E-08, -7.688814E+01,  1.402492E-01,  3.906662E-01,  7.738285E-12,  1.444521E+02,  4.970883E-14,  2.378296E-18,  3.764489E-15,  9.916138E-21,  8.572992E-14
  9.557711E-01, -4.633651E+01,  2.609580E-01,  7.269025E-01,  2.617692E-02,  4.666389E+01,  9.702904E-06,  1.236020E-08,  4.112007E-06,  3.746467E-10,  2.675019E-05, -5.020418E+01,  4.385595E-02,  1.491699E-01,  6.437774E-03,  8.257910E+01,  4.962503E-07,  2.057536E-10,  1.790187E-06,  4.218142E-11,  2.891716E-06, -7.638707E+01,  1.414254E-01,  3.939427E-01,  4.481312E-05,  1.432251E+02,  3.802202E-08,  5.769543E-12,  2.161531E-08,  1.856164E-13,  8.982442E-08, -7.678653E+01,  1.404859E-01,  3.913256E-01,  9.365213E-12,  1.442045E+02,  5.868579E-14,  2.836766E-18,  4.548142E-15,  1.210270E-20,  1.013502E-13
  9.586557E-01, -4.633313E+01,  2.609758E-01,  7.269520E-01,  2.618800E-02,  4.665270E+01,  9.706477E-06,  1.243597E-08,  4.112761E-06,  3.766223E-10,  2.676024E-05, -5.019699E+01,  4.386275E-02,  1.491930E-01,  6.508954E-03,  8.257446E+01,  5.010205E-07,  2.096668E-10,  1.809876E-06,  4.305137E-11,  2.922450E-06, -7.630084E+01,  1.416302E-01,  3.945130E-01,  4.700586E-05,  1.430124E+02,  3.963554E-08,  6.079165E-12,  2.263929E-08,  1.964998E-13,  9.379385E-08, -7.668757E+01,  1.407173E-01,  3.919702E-01,  1.130812E-11,  1.439628E+02,  6.914525E-14,  3.376948E-18,  5.482495E-15,  1.473846E-20,  1.195786E-13
  9.615404E-01, -4.632983E+01,  2.609931E-01,  7.270003E-01,  2.619862E-02,  4.664175E+01,  9.709901E-06,  1.251176E-08,  4.113463E-06,  3.785983E-10,  2.676987E-05, -5.018995E+01,  4.386940E-02,  1.492156E-01,  6.579971E-03,  8.256992E+01,  5.057730E-07,  2.136170E-10,  1.829521E-06,  4.393076E-11,  2.953102E-06, -7.621674E+01,  1.418305E-01,  3.950709E-01,  4.927562E-05,  1.428045E+02,  4.129548E-08,  6.401754E-12,  2.369796E-08,  2.078922E-13,  9.788512E-08, -7.659119E+01,  1.409436E-01,  3.926004E-01,  1.362302E-11,  1.437268E+02,  8.130747E-14,  4.012145E-18,  6.593994E-15,  1.790859E-20,  1.408079E-13
  9.644250E-01, -4.632659E+01,  2.610101E-01,  7.270476E-01,  2.620878E-02,  4.663104E+01,  9.713178E-06,  1.258758E-08,  4.114113E-06,  3.805746E-10,  2.677907E-05, -5.018306E+01,  4.387591E-02,  1.492378E-01,  6.650820E-03,  8.256548E+01,  5.105075E-07,  2.176043E-10,  1.849118E-06,  4.481957E-11,  2.983670E-06, -7.613474E+01,  1.420264E-01,  3.956167E-01,  5.162377E-05,  1.426013E+02,  4.300232E-08,  6.737676E-12,  2.479194E-08,  2.198105E-13,  1.020998E-07, -7.649733E+01,  1.411647E-01,  3.932164E-01,  1.637482E-11,  1.434964E+02,  9.542147E-14,  4.757604E-18,  7.913252E-15,  2.171296E-20,  1.654833E-13
  9.673096E-01, -4.632342E+01,  2.610267E-01,  7.270939E-01,  2.621850E-02,  4.662056E+01,  9.716311E-06,  1.266343E-08,  4.114712E-06,  3.825512E-10,  2.678786E-05, -5.017632E+01,  4.388229E-02,  1.492595E-01,  6.721493E-03,  8.256113E+01,  5.152239E-07,  2.216283E-10,  1.868667E-06,  4.571777E-11,  3.014152E-06, -7.605478E+01,  1.422180E-01,  3.961505E-01,  5.405166E-05,  1.424029E+02,  4.475654E-08,  7.087301E-12,  2.592178E-08,  2.322720E-13,  1.064396E-07, -7.640593E+01,  1.413808E-01,  3.938183E-01,  1.963858E-11,  1.432716E+02,  1.117682E-13,  5.630767E-18,  9.475615E-15,  2.626845E-20,  1.941082E-13
  9.701942E-01, -4.632032E+01,  2.610430E-01,  7.271392E-01,  2.622777E-02,  4.661031E+01,  9.719300E-06,  1.273929E-08,  4.115261E-06,  3.845281E-10,  2.679625E-05, -5.016972E+01,  4.388854E-02,  1.492807E-01,  6.791987E-03,  8.255686E+01,  5.199218E-07,  2.256890E-10,  1.888165E-06,  4.662535E-11,  3.044545E-06, -7.597682E+01,  1.424054E-01,  3.966724E-01,  5.656061E-05,  1.422090E+02,  4.655859E-08,  7.451003E-12,  2.708807E-08,  2.452941E-13,  1.109058E-07, -7.631692E+01,  1.415919E-01,  3.944065E-01,  2.350089E-11,  1.430521E+02,  1.306640E-13,  6.651550E-18,  1.132181E-14,  3.171151E-20,  2.272505E-13
  9.730789E-01, -4.631729E+01,  2.610589E-01,  7.271835E-01,  2.623660E-02,  4.660028E+01,  9.722147E-06,  1.281518E-08,  4.115761E-06,  3.865051E-10,  2.680423E-05, -5.016327E+01,  4.389465E-02,  1.493015E-01,  6.862295E-03,  8.255269E+01,  5.246010E-07,  2.297863E-10,  1.907612E-06,  4.754227E-11,  3.074848E-06, -7.590082E+01,  1.425886E-01,  3.971828E-01,  5.915190E-05,  1.420196E+02,  4.840892E-08,  7.829159E-12,  2.829137E-08,  2.588946E-13,  1.155001E-07, -7.623025E+01,  1.417982E-01,  3.949811E-01,  2.806143E-11,  1.428379E+02,  1.524643E-13,  7.842641E-18,  1.349866E-14,  3.820111E-20,  2.655499E-13
  9.759635E-01, -4.631433E+01,  2.610744E-01,  7.272269E-01,  2.624500E-02,  4.659047E+01,  9.724856E-06,  1.289109E-08,  4.116211E-06,  3.884824E-10,  2.681181E-05, -5.015695E+01,  4.390064E-02,  1.493219E-01,  6.932412E-03,  8.254861E+01,  5.292613E-07,  2.339200E-10,  1.927006E-06,  4.846851E-11,  3.105059E-06, -7.582674E+01,  1.427678E-01,  3.976818E-01,  6.182683E-05,  1.418346E+02,  5.030795E-08,  8.222148E-12,  2.953223E-08,  2.730917E-13,  1.202238E-07, -7.614586E+01,  1.419998E-01,  3.955425E-01,  3.343465E-11,  1.426289E+02,  1.775676E-13,  9.229846E-18,  1.605986E-14,  4.592203E-20,  3.097252E-13
  9.788481E-01, -4.631142E+01,  2.610897E-01,  7.272693E-01,  2.625298E-02,  4.658087E+01,  9.727426E-06,  1.296702E-08,  4.116613E-06,  3.904599E-10,  2.681900E-05, -5.015077E+01,  4.390650E-02,  1.493418E-01,  7.002332E-03,  8.254461E+01,  5.339024E-07,  2.380899E-10,  1.946345E-06,  4.940404E-11,  3.135175E-06, -7.575452E+01,  1.429428E-01,  3.981695E-01,  6.458664E-05,  1.416540E+02,  5.225607E-08,  8.630356E-12,  3.081120E-08,  2.879036E-13,  1.250784E-07, -7.606369E+01,  1.421966E-01,  3.960909E-01,  3.975170E-11,  1.424250E+02,  2.064201E-13,  1.084245E-17,  1.906687E-14,  5.508860E-20,  3.605827E-13
  9.817327E-01, -4.630858E+01,  2.611046E-01,  7.273108E-01,  2.626053E-02,  4.657147E+01,  9.729861E-06,  1.304296E-08,  4.116966E-06,  3.924375E-10,  2.682581E-05, -5.014472E+01,  4.391223E-02,  1.493613E-01,  7.072052E-03,  8.254069E+01,  5.385243E-07,  2.422958E-10,  1.965629E-06,  5.034884E-11,  3.165194E-06, -7.568414E+01,  1.431140E-01,  3.986461E-01,  6.743257E-05,  1.414776E+02,  5.425369E-08,  9.054167E-12,  3.212880E-08,  3.033489E-13,  1.300651E-07, -7.598369E+01,  1.423889E-01,  3.966264E-01,  4.716252E-11,  1.422261E+02,  2.395201E-13,  1.271365E-17,  2.258986E-14,  6.594887E-20,  4.190253E-13
  9.846174E-01, -4.630580E+01,  2.611192E-01,  7.273515E-01,  2.626767E-02,  4.656228E+01,  9.732161E-06,  1.311893E-08,  4.117271E-06,  3.944152E-10,  2.683223E-05, -5.013881E+01,  4.391785E-02,  1.493804E-01,  7.141566E-03,  8.253686E+01,  5.431266E-07,  2.465377E-10,  1.984856E-06,  5.130288E-11,  3.195115E-06, -7.561554E+01,  1.432812E-01,  3.991119E-01,  7.036581E-05,  1.413055E+02,  5.630115E-08,  9.493973E-12,  3.348556E-08,  3.194464E-13,  1.351854E-07, -7.590579E+01,  1.425766E-01,  3.971494E-01,  5.583818E-11,  1.420320E+02,  2.774232E-13,  1.488095E-17,  2.670883E-14,  7.878936E-20,  4.860619E-13
  9.875020E-01, -4.630308E+01,  2.611335E-01,  7.273912E-01,  2.627439E-02,  4.655328E+01,  9.734330E-06,  1.319491E-08,  4.117530E-06,  3.963931E-10,  2.683827E-05, -5.013302E+01,  4.392334E-02,  1.493991E-01,  7.210870E-03,  8.253311E+01,  5.477091E-07,  2.508154E-10,  2.004024E-06,  5.226613E-11,  3.224936E-06, -7.554868E+01,  1.434446E-01,  3.995670E-01,  7.338754E-05,  1.411374E+02,  5.839882E-08,  9.950164E-12,  3.488200E-08,  3.362152E-13,  1.404404E-07, -7.582996E+01,  1.427600E-01,  3.976601E-01,  6.597340E-11,  1.418427E+02,  3.207477E-13,  1.738671E-17,  3.151470E-14,  9.394032E-20,  5.628179E-13
  9.903866E-01, -4.630042E+01,  2.611474E-01,  7.274301E-01,  2.628071E-02,  4.654448E+01,  9.736367E-06,  1.327091E-08,  4.117741E-06,  3.983711E-10,  2.684394E-05, -5.012737E+01,  4.392872E-02,  1.494174E-01,  7.279958E-03,  8.252945E+01,  5.522718E-07,  2.551287E-10,  2.023133E-06,  5.323856E-11,  3.254655E-06, -7.548354E+01,  1.436042E-01,  4.000116E-01,  7.649892E-05,  1.409733E+02,  6.054702E-08,  1.042313E-11,  3.631861E-08,  3.536746E-13,  1.458315E-07, -7.575613E+01,  1.429390E-01,  3.981586E-01,  7.778937E-11,  1.416580E+02,  3.701803E-13,  2.027865E-17,  3.711068E-14,  1.117816E-19,  6.505462E-13
  9.932713E-01, -4.629782E+01,  2.611611E-01,  7.274682E-01,  2.628664E-02,  4.653586E+01,  9.738276E-06,  1.334692E-08,  4.117906E-06,  4.003491E-10,  2.684924E-05, -5.012183E+01,  4.393398E-02,  1.494353E-01,  7.348827E-03,  8.252586E+01,  5.568144E-07,  2.594775E-10,  2.042181E-06,  5.422015E-11,  3.284270E-06, -7.542006E+01,  1.437601E-01,  4.004459E-01,  7.970107E-05,  1.408132E+02,  6.274606E-08,  1.091328E-11,  3.779588E-08,  3.718442E-13,  1.513597E-07, -7.568425E+01,  1.431137E-01,  3.986454E-01,  9.153686E-11,  1.414779E+02,  4.264824E-13,  2.361043E-17,  4.361362E-14,  1.327492E-19,  7.506393E-13
  9.961559E-01, -4.629527E+01,  2.611745E-01,  7.275054E-01,  2.629216E-02,  4.652743E+01,  9.740057E-06,  1.342294E-08,  4.118026E-06,  4.023272E-10,  2.685418E-05, -5.011642E+01,  4.393912E-02,  1.494528E-01,  7.417473E-03,  8.252235E+01,  5.613367E-07,  2.638616E-10,  2.061167E-06,  5.521086E-11,  3.313780E-06, -7.535820E+01,  1.439124E-01,  4.008701E-01,  8.299510E-05,  1.406570E+02,  6.499624E-08,  1.142101E-11,  3.931430E-08,  3.907436E-13,  1.570262E-07, -7.561428E+01,  1.432842E-01,  3.991205E-01,  1.074995E-10,  1.413023E+02,  4.904969E-13,  2.744232E-17,  5.115561E-14,  1.573426E-19,  8.646419E-13
  9.990405E-01, -4.629278E+01,  2.611875E-01,  7.275419E-01,  2.629730E-02,  4.651919E+01,  9.741712E-06,  1.349898E-08,  4.118100E-06,  4.043053E-10,  2.685876E-05, -5.011113E+01,  4.394416E-02,  1.494699E-01,  7.485891E-03,  8.251891E+01,  5.658386E-07,  2.682808E-10,  2.080090E-06,  5.621066E-11,  3.343183E-06, -7.529794E+01,  1.440611E-01,  4.012843E-01,  8.638207E-05,  1.405045E+02,  6.729785E-08,  1.194671E-11,  4.087433E-08,  4.103931E-13,  1.628321E-07, -7.554617E+01,  1.434507E-01,  3.995842E-01,  1.259976E-10,  1.411311E+02,  5.631548E-13,  3.184182E-17,  5.988559E-14,  1.861331E-19,  9.942649E-13
  1.000000E+00, -4.629195E+01,  2.611919E-01,  7.275539E-01,  2.629896E-02,  4.651647E+01,  9.742249E-06,  1.352427E-08,  4.118120E-06,  4.049633E-10,  2.686024E-05, -5.010938E+01,  4.394582E-02,  1.494756E-01,  7.508625E-03,  8.251778E+01,  5.673333E-07,  2.697547E-10,  2.086377E-06,  5.654423E-11,  3.352952E-06, -7.527808E+01,  1.441101E-01,  4.014210E-01,  8.752041E-05,  1.404542E+02,  6.806874E-08,  1.212358E-11,  4.139814E-08,  4.170127E-13,  1.647787E-07, -7.552374E+01,  1.435056E-01,  3.997371E-01,  1.324875E-10,  1.410746E+02,  5.883080E-13,  3.337055E-17,  6.294499E-14,  1.961987E-19,  1.039189E-12
  1.001439E+00, -4.629073E+01,  2.611983E-01,  7.275718E-01,  2.630137E-02,  4.651243E+01,  9.743023E-06,  1.356221E-08,  4.118139E-06,  4.059502E-10,  2.686238E-05, -5.010679E+01,  4.394829E-02,  1.494840E-01,  7.542668E-03,  8.251609E+01,  5.695705E-07,  2.719741E-10,  2.095793E-06,  5.704683E-11,  3.367577E-06, -7.524868E+01,  1.441829E-01,  4.016236E-01,  8.925078E-05,  1.403797E+02,  6.923809E-08,  1.239343E-11,  4.219424E-08,  4.271330E-13,  1.677336E-07, -7.549054E+01,  1.435870E-01,  3.999638E-01,  1.429210E-10,  1.409910E+02,  6.284143E-13,  3.581998E-17,  6.786169E-14,  2.124764E-19,  1.110872E-12
  1.003598E+00, -4.628893E+01,  2.612077E-01,  7.275981E-01,  2.630476E-02,  4.650648E+01,  9.744116E-06,  1.361913E-08,  4.118141E-06,  4.074307E-10,  2.686539E-05, -5.010297E+01,  4.395192E-02,  1.494963E-01,  7.593600E-03,  8.251361E+01,  5.729151E-07,  2.753228E-10,  2.109880E-06,  5.780580E-11,  3.389455E-06, -7.520542E+01,  1.442900E-01,  4.019221E-01,  9.189817E-05,  1.402700E+02,  7.102146E-08,  1.280864E-11,  4.341185E-08,  4.427516E-13,  1.722450E-07, -7.544171E+01,  1.437069E-01,  4.002976E-01,  1.602928E-10,  1.408679E+02,  6.943650E-13,  3.987971E-17,  7.604372E-14,  2.398369E-19,  1.228876E-12
  1.006836E+00, -4.628629E+01,  2.612216E-01,  7.276367E-01,  2.630936E-02,  4.649776E+01,  9.745601E-06,  1.370453E-08,  4.118090E-06,  4.096513E-10,  2.686946E-05, -5.009739E+01,  4.395725E-02,  1.495144E-01,  7.669693E-03,  8.250998E+01,  5.779065E-07,  2.803896E-10,  2.130925E-06,  5.895560E-11,  3.422131E-06, -7.514238E+01,  1.444465E-01,  4.023579E-01,  9.598707E-05,  1.401099E+02,  7.376285E-08,  1.345549E-11,  4.529166E-08,  4.671939E-13,  1.791912E-07, -7.537063E+01,  1.438817E-01,  4.007848E-01,  1.907913E-10,  1.406884E+02,  8.079763E-13,  4.696568E-17,  9.039704E-14,  2.886241E-19,  1.432502E-12
  1.010075E+00, -4.628372E+01,  2.612351E-01,  7.276743E-01,  2.631351E-02,  4.648925E+01,  9.746936E-06,  1.378993E-08,  4.117985E-06,  4.118718E-10,  2.687311E-05, -5.009194E+01,  4.396244E-02,  1.495321E-01,  7.745480E-03,  8.250644E+01,  5.828715E-07,  2.855000E-10,  2.151887E-06,  6.011671E-11,  3.454666E-06, -7.508117E+01,  1.445988E-01,  4.027821E-01,  1.001979E-04,  1.399542E+02,  7.657017E-08,  1.412695E-11,  4.722601E-08,  4.926800E-13,  1.863177E-07, -7.530166E+01,  1.440519E-01,  4.012587E-01,  2.265250E-10,  1.405139E+02,  9.381314E-13,  5.519311E-17,  1.071946E-13,  3.464769E-19,  1.666256E-12
  1.013313E+00, -4.628121E+01,  2.612483E-01,  7.277110E-01,  2.631719E-02,  4.648094E+01,  9.748122E-06,  1.387534E-08,  4.117825E-06,  4.140922E-10,  2.687633E-05, -5.008663E+01,  4.396750E-02,  1.495493E-01,  7.820958E-03,  8.250298E+01,  5.878099E-07,  2.906536E-10,  2.172763E-06,  6.128909E-11,  3.487058E-06, -7.502174E+01,  1.447470E-01,  4.031949E-01,  1.045320E-04,  1.398028E+02,  7.944369E-08,  1.482362E-11,  4.921548E-08,  5.192398E-13,  1.936257E-07, -7.523476E+01,  1.442173E-01,  4.017196E-01,  2.682912E-10,  1.403444E+02,  1.086926E-12,  6.472547E-17,  1.268057E-13,  4.149138E-19,  1.934033E-12
  1.016551E+00, -4.627876E+01,  2.612611E-01,  7.277468E-01,  2.632041E-02,  4.647284E+01,  9.749162E-06,  1.396077E-08,  4.117612E-06,  4.163126E-10,  2.687913E-05, -5.008145E+01,  4.397244E-02,  1.495661E-01,  7.896121E-03,  8.249961E+01,  5.927216E-07,  2.958502E-10,  2.193552E-06,  6.247268E-11,  3.519305E-06, -7.496404E+01,  1.448912E-01,  4.035966E-01,  1.089906E-04,  1.396556E+02,  8.238363E-08,  1.554606E-11,  5.126063E-08,  5.469033E-13,  2.011164E-07, -7.516985E+01,  1.443783E-01,  4.021679E-01,  3.169919E-10,  1.401797E+02,  1.256680E-12,  7.574656E-17,  1.496479E-13,  4.956785E-19,  2.240156E-12
  1.019790E+00, -4.627637E+01,  2.612737E-01,  7.277818E-01,  2.632319E-02,  4.646494E+01,  9.750057E-06,  1.404620E-08,  4.117345E-06,  4.185327E-10,  2.688152E-05, -5.007641E+01,  4.397725E-02,  1.495825E-01,  7.970965E-03,  8.249633E+01,  5.976064E-07,  3.010897E-10,  2.214253E-06,  6.366743E-11,  3.551405E-06, -7.490802E+01,  1.450315E-01,  4.039874E-01,  1.135749E-04,  1.395125E+02,  8.539023E-08,  1.629487E-11,  5.336199E-08,  5.757007E-13,  2.087909E-07, -7.510689E+01,  1.445348E-01,  4.026038E-01,  3.736459E-10,  1.400196E+02,  1.449950E-12,  8.846263E-17,  1.761922E-13,  5.907691E-19,  2.589410E-12
  1.023028E+00, -4.627403E+01,  2.612859E-01,  7.278159E-01,  2.632553E-02,  4.645722E+01,  9.750810E-06,  1.413163E-08,  4.117027E-06,  4.207527E-10,  2.688350E-05, -5.007149E+01,  4.398195E-02,  1.495985E-01,  8.045486E-03,  8.249313E+01,  6.024642E-07,  3.063717E-10,  2.234865E-06,  6.487330E-11,  3.583357E-06, -7.485364E+01,  1.451680E-01,  4.043676E-01,  1.182861E-04,  1.393734E+02,  8.846367E-08,  1.707063E-11,  5.552009E-08,  6.056628E-13,  2.166502E-07, -7.504582E+01,  1.446869E-01,  4.030276E-01,  4.394004E-10,  1.398641E+02,  1.669557E-12,  1.031046E-16,  2.069685E-13,  7.024696E-19,  2.987081E-12
  1.026266E+00, -4.627176E+01,  2.612979E-01,  7.278492E-01,  2.632743E-02,  4.644970E+01,  9.751422E-06,  1.421707E-08,  4.116658E-06,  4.229725E-10,  2.688508E-05, -5.006670E+01,  4.398652E-02,  1.496140E-01,  8.119679E-03,  8.249001E+01,  6.072947E-07,  3.116961E-10,  2.255386E-06,  6.609025E-11,  3.615159E-06, -7.480086E+01,  1.453007E-01,  4.047374E-01,  1.231254E-04,  1.392382E+02,  9.160411E-08,  1.787392E-11,  5.773544E-08,  6.368203E-13,  2.246952E-07, -7.498657E+01,  1.448348E-01,  4.034396E-01,  5.155446E-10,  1.397131E+02,  1.918599E-12,  1.199308E-16,  2.425721E-13,  8.333852E-19,  3.438998E-12
  1.029504E+00, -4.626954E+01,  2.613095E-01,  7.278816E-01,  2.632890E-02,  4.644236E+01,  9.751896E-06,  1.430252E-08,  4.116237E-06,  4.251920E-10,  2.688626E-05, -5.006204E+01,  4.399098E-02,  1.496292E-01,  8.193540E-03,  8.248696E+01,  6.120981E-07,  3.170626E-10,  2.275815E-06,  6.731821E-11,  3.646810E-06, -7.474962E+01,  1.454298E-01,  4.050970E-01,  1.280938E-04,  1.391068E+02,  9.481170E-08,  1.870535E-11,  6.000850E-08,  6.692045E-13,  2.329269E-07, -7.492911E+01,  1.449786E-01,  4.038402E-01,  6.035244E-10,  1.395664E+02,  2.200479E-12,  1.392289E-16,  2.836698E-13,  9.864811E-19,  3.951574E-12
  1.032743E+00, -4.626737E+01,  2.613209E-01,  7.279133E-01,  2.632995E-02,  4.643520E+01,  9.752234E-06,  1.438796E-08,  4.115766E-06,  4.274112E-10,  2.688705E-05, -5.005749E+01,  4.399533E-02,  1.496440E-01,  8.267065E-03,  8.248400E+01,  6.168739E-07,  3.224709E-10,  2.296153E-06,  6.855714E-11,  3.678307E-06, -7.469989E+01,  1.455554E-01,  4.054468E-01,  1.331923E-04,  1.389791E+02,  9.808655E-08,  1.956549E-11,  6.233975E-08,  7.028468E-13,  2.413459E-07, -7.487338E+01,  1.451184E-01,  4.042296E-01,  7.049575E-10,  1.394239E+02,  2.518920E-12,  1.613198E-16,  3.310073E-13,  1.165125E-18,  4.531856E-12
  1.035981E+00, -4.626526E+01,  2.613320E-01,  7.279442E-01,  2.633058E-02,  4.642821E+01,  9.752438E-06,  1.447341E-08,  4.115246E-06,  4.296302E-10,  2.688746E-05, -5.005306E+01,  4.399956E-02,  1.496584E-01,  8.340251E-03,  8.248112E+01,  6.216223E-07,  3.279208E-10,  2.316396E-06,  6.980700E-11,  3.709651E-06, -7.465162E+01,  1.456775E-01,  4.057868E-01,  1.384220E-04,  1.388550E+02,  1.014287E-07,  2.045493E-11,  6.472962E-08,  7.377787E-13,  2.499532E-07, -7.481932E+01,  1.452543E-01,  4.046080E-01,  8.216499E-10,  1.392855E+02,  2.877996E-12,  1.865598E-16,  3.854163E-13,  1.373133E-18,  5.187568E-12
  1.039219E+00, -4.626319E+01,  2.613428E-01,  7.279743E-01,  2.633080E-02,  4.642140E+01,  9.752509E-06,  1.455886E-08,  4.114677E-06,  4.318489E-10,  2.688749E-05, -5.004875E+01,  4.400369E-02,  1.496724E-01,  8.413095E-03,  8.247831E+01,  6.263431E-07,  3.334121E-10,  2.336545E-06,  7.106772E-11,  3.740840E-06, -7.460478E+01,  1.457962E-01,  4.061175E-01,  1.437838E-04,  1.387344E+02,  1.048384E-07,  2.137428E-11,  6.717853E-08,  7.740322E-13,  2.587492E-07, -7.476689E+01,  1.453863E-01,  4.049757E-01,  9.556139E-10,  1.391511E+02,  3.282150E-12,  2.153442E-16,  4.478231E-13,  1.614822E-18,  5.927166E-12
  1.042458E+00, -4.626118E+01,  2.613533E-01,  7.280037E-01,  2.633062E-02,  4.641476E+01,  9.752449E-06,  1.464430E-08,  4.114059E-06,  4.340672E-10,  2.688715E-05, -5.004454E+01,  4.400772E-02,  1.496861E-01,  8.485593E-03,  8.247557E+01,  6.310361E-07,  3.389446E-10,  2.356599E-06,  7.233926E-11,  3.771872E-06, -7.455932E+01,  1.459116E-01,  4.064389E-01,  1.492785E-04,  1.386173E+02,  1.083154E-07,  2.232411E-11,  6.968690E-08,  8.116393E-13,  2.677347E-07, -7.471604E+01,  1.455146E-01,  4.053331E-01,  1.109087E-09,  1.390206E+02,  3.736222E-12,  2.481108E-16,  5.192567E-13,  1.895063E-18,  6.759884E-12
  1.045696E+00, -4.625922E+01,  2.613636E-01,  7.280324E-01,  2.633003E-02,  4.640828E+01,  9.752261E-06,  1.472975E-08,  4.113393E-06,  4.362851E-10,  2.688644E-05, -5.004045E+01,  4.401163E-02,  1.496994E-01,  8.557741E-03,  8.247291E+01,  6.357014E-07,  3.445179E-10,  2.376556E-06,  7.362156E-11,  3.802746E-06, -7.451521E+01,  1.460237E-01,  4.067514E-01,  1.549071E-04,  1.385035E+02,  1.118600E-07,  2.330503E-11,  7.225509E-08,  8.506323E-13,  2.769102E-07, -7.466673E+01,  1.456393E-01,  4.056804E-01,  1.284551E-09,  1.388938E+02,  4.245476E-12,  2.853435E-16,  6.008581E-13,  2.219344E-18,  7.695796E-12
  1.048934E+00, -4.625731E+01,  2.613737E-01,  7.280604E-01,  2.632905E-02,  4.640196E+01,  9.751946E-06,  1.481519E-08,  4.112680E-06,  4.385027E-10,  2.688536E-05, -5.003646E+01,  4.401545E-02,  1.497124E-01,  8.629538E-03,  8.247031E+01,  6.403389E-07,  3.501318E-10,  2.396416E-06,  7.491458E-11,  3.833461E-06, -7.447240E+01,  1.461328E-01,  4.070551E-01,  1.606704E-04,  1.383929E+02,  1.154720E-07,  2.431762E-11,  7.488348E-08,  8.910436E-13,  2.862761E-07, -7.461890E+01,  1.457604E-01,  4.060178E-01,  1.484757E-09,  1.387708E+02,  4.815625E-12,  3.275763E-16,  6.938902E-13,  2.593834E-18,  8.745867E-12
  1.052172E+00, -4.625544E+01,  2.613835E-01,  7.280876E-01,  2.632769E-02,  4.639579E+01,  9.751506E-06,  1.490063E-08,  4.111921E-06,  4.407198E-10,  2.688393E-05, -5.003258E+01,  4.401917E-02,  1.497251E-01,  8.700979E-03,  8.246778E+01,  6.449485E-07,  3.557862E-10,  2.416179E-06,  7.621826E-11,  3.864017E-06, -7.443087E+01,  1.462387E-01,  4.073502E-01,  1.665690E-04,  1.382856E+02,  1.191515E-07,  2.536247E-11,  7.757241E-08,  9.329060E-13,  2.958329E-07, -7.457252E+01,  1.458780E-01,  4.063455E-01,  1.712741E-09,  1.386513E+02,  5.452860E-12,  3.753977E-16,  7.997478E-13,  3.025455E-18,  9.922016E-12
  1.055411E+00, -4.625362E+01,  2.613930E-01,  7.281142E-01,  2.632594E-02,  4.638978E+01,  9.750943E-06,  1.498606E-08,  4.111115E-06,  4.429365E-10,  2.688214E-05, -5.002880E+01,  4.402280E-02,  1.497374E-01,  8.772063E-03,  8.246531E+01,  6.495301E-07,  3.614807E-10,  2.435842E-06,  7.753254E-11,  3.894412E-06, -7.439056E+01,  1.463417E-01,  4.076370E-01,  1.726037E-04,  1.381813E+02,  1.228984E-07,  2.644018E-11,  8.032220E-08,  9.762524E-13,  3.055810E-07, -7.452755E+01,  1.459924E-01,  4.066639E-01,  1.971856E-09,  1.385353E+02,  6.163878E-12,  4.294546E-16,  9.199687E-13,  3.521958E-18,  1.123718E-11
  1.058649E+00, -4.625185E+01,  2.614023E-01,  7.281402E-01,  2.632381E-02,  4.638392E+01,  9.750258E-06,  1.507148E-08,  4.110264E-06,  4.451527E-10,  2.688001E-05, -5.002512E+01,  4.402633E-02,  1.497494E-01,  8.842786E-03,  8.246291E+01,  6.540836E-07,  3.672151E-10,  2.455406E-06,  7.885737E-11,  3.924645E-06, -7.435146E+01,  1.464417E-01,  4.079157E-01,  1.787752E-04,  1.380800E+02,  1.267127E-07,  2.755134E-11,  8.313315E-08,  1.021116E-12,  3.155206E-07, -7.448393E+01,  1.461034E-01,  4.069732E-01,  2.265792E-09,  1.384227E+02,  6.955911E-12,  4.904576E-16,  1.056245E-12,  4.092009E-18,  1.270535E-11
  1.061887E+00, -4.625012E+01,  2.614114E-01,  7.281655E-01,  2.632132E-02,  4.637820E+01,  9.749453E-06,  1.515690E-08,  4.109367E-06,  4.473684E-10,  2.687753E-05, -5.002153E+01,  4.402976E-02,  1.497611E-01,  8.913146E-03,  8.246057E+01,  6.586091E-07,  3.729891E-10,  2.474871E-06,  8.019271E-11,  3.954715E-06, -7.431352E+01,  1.465390E-01,  4.081865E-01,  1.850841E-04,  1.379816E+02,  1.305942E-07,  2.869653E-11,  8.600556E-08,  1.067529E-12,  3.256520E-07, -7.444164E+01,  1.462112E-01,  4.072736E-01,  2.598604E-09,  1.383134E+02,  7.836760E-12,  5.591856E-16,  1.210436E-12,  4.745276E-18,  1.434170E-11
  1.065126E+00, -4.624843E+01,  2.614203E-01,  7.281902E-01,  2.631845E-02,  4.637262E+01,  9.748530E-06,  1.524231E-08,  4.108426E-06,  4.495836E-10,  2.687471E-05, -5.001804E+01,  4.403311E-02,  1.497725E-01,  8.983141E-03,  8.245829E+01,  6.631065E-07,  3.788026E-10,  2.494234E-06,  8.153849E-11,  3.984622E-06, -7.427672E+01,  1.466334E-01,  4.084496E-01,  1.915310E-04,  1.378861E+02,  1.345428E-07,  2.987634E-11,  8.893969E-08,  1.115525E-12,  3.359754E-07, -7.440062E+01,  1.463160E-01,  4.075654E-01,  2.974742E-09,  1.382073E+02,  8.814823E-12,  6.364910E-16,  1.384579E-12,  5.492527E-18,  1.616259E-11
  1.068364E+00, -4.624678E+01,  2.614289E-01,  7.282142E-01,  2.631523E-02,  4.636719E+01,  9.747491E-06,  1.532771E-08,  4.107442E-06,  4.517982E-10,  2.687156E-05, -5.001464E+01,  4.403637E-02,  1.497836E-01,  9.052769E-03,  8.245607E+01,  6.675758E-07,  3.846552E-10,  2.513496E-06,  8.289465E-11,  4.014365E-06, -7.424101E+01,  1.467252E-01,  4.087052E-01,  1.981163E-04,  1.377934E+02,  1.385585E-07,  3.109137E-11,  9.193579E-08,  1.165139E-12,  3.464909E-07, -7.436086E+01,  1.464177E-01,  4.078487E-01,  3.399078E-09,  1.381043E+02,  9.899125E-12,  7.233057E-16,  1.580905E-12,  6.345733E-18,  1.818565E-11
  1.071602E+00, -4.624518E+01,  2.614373E-01,  7.282377E-01,  2.631165E-02,  4.636189E+01,  9.746337E-06,  1.541310E-08,  4.106413E-06,  4.540123E-10,  2.686808E-05, -5.001134E+01,  4.403955E-02,  1.497944E-01,  9.122027E-03,  8.245391E+01,  6.720169E-07,  3.905468E-10,  2.532657E-06,  8.426116E-11,  4.043943E-06, -7.420637E+01,  1.468143E-01,  4.089535E-01,  2.048406E-04,  1.377033E+02,  1.426411E-07,  3.234219E-11,  9.499409E-08,  1.216403E-12,  3.571985E-07, -7.432229E+01,  1.465165E-01,  4.081239E-01,  3.876936E-09,  1.380044E+02,  1.109936E-11,  8.206463E-16,  1.801852E-12,  7.318183E-18,  2.042988E-11
  1.074840E+00, -4.624362E+01,  2.614455E-01,  7.282605E-01,  2.630772E-02,  4.635672E+01,  9.745070E-06,  1.549848E-08,  4.105342E-06,  4.562258E-10,  2.686428E-05, -5.000812E+01,  4.404264E-02,  1.498049E-01,  9.190913E-03,  8.245181E+01,  6.764299E-07,  3.964770E-10,  2.551714E-06,  8.563794E-11,  4.073355E-06, -7.417277E+01,  1.469009E-01,  4.091946E-01,  2.117044E-04,  1.376159E+02,  1.467904E-07,  3.362940E-11,  9.811480E-08,  1.269350E-12,  3.680983E-07, -7.428490E+01,  1.466124E-01,  4.083910E-01,  4.414129E-09,  1.379074E+02,  1.242590E-11,  9.296205E-16,  2.050076E-12,  8.424598E-18,  2.291570E-11
  1.078079E+00, -4.624209E+01,  2.614535E-01,  7.282828E-01,  2.630344E-02,  4.635168E+01,  9.743691E-06,  1.558384E-08,  4.104229E-06,  4.584387E-10,  2.686015E-05, -5.000498E+01,  4.404565E-02,  1.498151E-01,  9.259426E-03,  8.244976E+01,  6.808146E-07,  4.024456E-10,  2.570669E-06,  8.702494E-11,  4.102602E-06, -7.414017E+01,  1.469850E-01,  4.094288E-01,  2.187081E-04,  1.375310E+02,  1.510063E-07,  3.495358E-11,  1.012981E-07,  1.324016E-12,  3.791903E-07, -7.424865E+01,  1.467055E-01,  4.086505E-01,  5.016988E-09,  1.378132E+02,  1.388987E-11,  1.051434E-15,  2.328474E-12,  9.681262E-18,  2.566503E-11
  1.081317E+00, -4.624060E+01,  2.614613E-01,  7.283046E-01,  2.629882E-02,  4.634677E+01,  9.742203E-06,  1.566919E-08,  4.103073E-06,  4.606509E-10,  2.685572E-05, -5.000193E+01,  4.404858E-02,  1.498251E-01,  9.327564E-03,  8.244777E+01,  6.851712E-07,  4.084525E-10,  2.589521E-06,  8.842211E-11,  4.131681E-06, -7.410855E+01,  1.470666E-01,  4.096563E-01,  2.258519E-04,  1.374486E+02,  1.552885E-07,  3.631530E-11,  1.045442E-07,  1.380433E-12,  3.904743E-07, -7.421350E+01,  1.467959E-01,  4.089023E-01,  5.692398E-09,  1.377219E+02,  1.550313E-11,  1.187395E-15,  2.640193E-12,  1.110616E-17,  2.870136E-11
  1.084555E+00, -4.623915E+01,  2.614689E-01,  7.283258E-01,  2.629386E-02,  4.634198E+01,  9.740606E-06,  1.575453E-08,  4.101877E-06,  4.628625E-10,  2.685097E-05, -4.999896E+01,  4.405143E-02,  1.498348E-01,  9.395324E-03,  8.244583E+01,  6.894995E-07,  4.144972E-10,  2.608268E-06,  8.982940E-11,  4.160594E-06, -7.407788E+01,  1.471459E-01,  4.098772E-01,  2.331363E-04,  1.373687E+02,  1.596369E-07,  3.771515E-11,  1.078533E-07,  1.438636E-12,  4.019503E-07, -7.417942E+01,  1.468837E-01,  4.091469E-01,  6.447837E-09,  1.376332E+02,  1.727837E-11,  1.338924E-15,  2.988648E-12,  1.271911E-17,  3.204983E-11
  1.087794E+00, -4.623774E+01,  2.614764E-01,  7.283464E-01,  2.628858E-02,  4.633731E+01,  9.738902E-06,  1.583985E-08,  4.100640E-06,  4.650734E-10,  2.684591E-05, -4.999607E+01,  4.405421E-02,  1.498442E-01,  9.462707E-03,  8.244394E+01,  6.937997E-07,  4.205796E-10,  2.626911E-06,  9.124674E-11,  4.189338E-06, -7.404813E+01,  1.472229E-01,  4.100917E-01,  2.405614E-04,  1.372910E+02,  1.640511E-07,  3.915371E-11,  1.112254E-07,  1.498659E-12,  4.136179E-07, -7.414637E+01,  1.469689E-01,  4.093843E-01,  7.291411E-09,  1.375472E+02,  1.922909E-11,  1.507562E-15,  3.377542E-12,  1.454195E-17,  3.573735E-11
  1.091032E+00, -4.623636E+01,  2.614836E-01,  7.283665E-01,  2.628296E-02,  4.633277E+01,  9.737093E-06,  1.592515E-08,  4.099362E-06,  4.672837E-10,  2.684055E-05, -4.999326E+01,  4.405691E-02,  1.498534E-01,  9.529709E-03,  8.244210E+01,  6.980717E-07,  4.266995E-10,  2.645450E-06,  9.267407E-11,  4.217914E-06, -7.401928E+01,  1.472977E-01,  4.103000E-01,  2.481277E-04,  1.372157E+02,  1.685311E-07,  4.063155E-11,  1.146607E-07,  1.560536E-12,  4.254771E-07, -7.411433E+01,  1.470517E-01,  4.096147E-01,  8.231895E-09,  1.374637E+02,  2.136965E-11,  1.694971E-15,  3.810881E-12,  1.659866E-17,  3.979259E-11
  1.094270E+00, -4.623502E+01,  2.614906E-01,  7.283862E-01,  2.627703E-02,  4.632833E+01,  9.735180E-06,  1.601044E-08,  4.098045E-06,  4.694932E-10,  2.683490E-05, -4.999053E+01,  4.405954E-02,  1.498624E-01,  9.596330E-03,  8.244031E+01,  7.023155E-07,  4.328565E-10,  2.663883E-06,  9.411135E-11,  4.246322E-06, -7.399129E+01,  1.473703E-01,  4.105023E-01,  2.558352E-04,  1.371426E+02,  1.730765E-07,  4.214925E-11,  1.181594E-07,  1.624300E-12,  4.375275E-07, -7.408327E+01,  1.471320E-01,  4.098384E-01,  9.278772E-09,  1.373827E+02,  2.371534E-11,  1.902952E-15,  4.292992E-12,  1.891556E-17,  4.424617E-11
  1.099128E+00, -4.623308E+01,  2.615008E-01,  7.284145E-01,  2.626742E-02,  4.632193E+01,  9.732082E-06,  1.613833E-08,  4.095980E-06,  4.728057E-10,  2.682576E-05, -4.998659E+01,  4.406333E-02,  1.498753E-01,  9.695395E-03,  8.243773E+01,  7.086189E-07,  4.421749E-10,  2.691294E-06,  9.628945E-11,  4.288553E-06, -7.395117E+01,  1.474745E-01,  4.107926E-01,  2.677069E-04,  1.370376E+02,  1.800431E-07,  4.451742E-11,  1.235478E-07,  1.724308E-12,  4.560319E-07, -7.403876E+01,  1.472472E-01,  4.101594E-01,  1.111624E-08,  1.372666E+02,  2.775211E-11,  2.268027E-15,  5.138781E-12,  2.307560E-17,  5.193201E-11
  1.103985E+00, -4.623122E+01,  2.615106E-01,  7.284418E-01,  2.625711E-02,  4.631578E+01,  9.728760E-06,  1.626618E-08,  4.093830E-06,  4.761165E-10,  2.681598E-05, -4.998281E+01,  4.406696E-02,  1.498876E-01,  9.793596E-03,  8.243526E+01,  7.148591E-07,  4.515753E-10,  2.718467E-06,  9.848952E-11,  4.330403E-06, -7.391284E+01,  1.475743E-01,  4.110703E-01,  2.798971E-04,  1.369373E+02,  1.871549E-07,  4.697914E-11,  1.290790E-07,  1.828794E-12,  4.749639E-07, -7.399625E+01,  1.473574E-01,  4.104664E-01,  1.326588E-08,  1.371555E+02,  3.236630E-11,  2.693799E-15,  6.127549E-12,  2.803609E-17,  6.074675E-11
  1.108842E+00, -4.622942E+01,  2.615200E-01,  7.284680E-01,  2.624613E-02,  4.630985E+01,  9.725219E-06,  1.639397E-08,  4.091594E-06,  4.794254E-10,  2.680557E-05, -4.997918E+01,  4.407046E-02,  1.498995E-01,  9.890928E-03,  8.243288E+01,  7.210360E-07,  4.610569E-10,  2.745401E-06,  1.007114E-10,  4.371870E-06, -7.387622E+01,  1.476697E-01,  4.113361E-01,  2.924060E-04,  1.368413E+02,  1.944109E-07,  4.953628E-11,  1.347531E-07,  1.937872E-12,  4.943217E-07, -7.395567E+01,  1.474628E-01,  4.107600E-01,  1.577180E-08,  1.370494E+02,  3.762438E-11,  3.188740E-15,  7.279403E-12,  3.392904E-17,  7.082524E-11
  1.113700E+00, -4.622770E+01,  2.615291E-01,  7.284932E-01,  2.623448E-02,  4.630415E+01,  9.721463E-06,  1.652172E-08,  4.089276E-06,  4.827325E-10,  2.679454E-05, -4.997570E+01,  4.407381E-02,  1.499109E-01,  9.987391E-03,  8.243060E+01,  7.271500E-07,  4.706188E-10,  2.772095E-06,  1.029548E-10,  4.412954E-06, -7.384124E+01,  1.477609E-01,  4.115903E-01,  3.052335E-04,  1.367496E+02,  2.018100E-07,  5.219075E-11,  1.405703E-07,  2.051659E-12,  5.141037E-07, -7.391691E+01,  1.475637E-01,  4.110408E-01,  1.868300E-08,  1.369479E+02,  4.359846E-11,  3.762269E-15,  8.616672E-12,  4.090455E-17,  8.231447E-11
  1.118557E+00, -4.622604E+01,  2.615378E-01,  7.285175E-01,  2.622218E-02,  4.629866E+01,  9.717498E-06,  1.664941E-08,  4.086875E-06,  4.860375E-10,  2.678291E-05, -4.997236E+01,  4.407703E-02,  1.499219E-01,  1.008298E-02,  8.242841E+01,  7.332011E-07,  4.802602E-10,  2.798548E-06,  1.052197E-10,  4.453656E-06, -7.380782E+01,  1.478482E-01,  4.118335E-01,  3.183796E-04,  1.366618E+02,  2.093510E-07,  5.494439E-11,  1.465304E-07,  2.170270E-12,  5.343078E-07, -7.387990E+01,  1.476601E-01,  4.113093E-01,  2.205374E-08,  1.368510E+02,  5.036655E-11,  4.424829E-15,  1.016407E-11,  4.913274E-17,  9.537415E-11
  1.123415E+00, -4.622444E+01,  2.615462E-01,  7.285409E-01,  2.620924E-02,  4.629339E+01,  9.713327E-06,  1.677705E-08,  4.084394E-06,  4.893406E-10,  2.677069E-05, -4.996915E+01,  4.408012E-02,  1.499324E-01,  1.017770E-02,  8.242631E+01,  7.391895E-07,  4.899804E-10,  2.824760E-06,  1.075058E-10,  4.493973E-06, -7.377589E+01,  1.479317E-01,  4.120661E-01,  3.318437E-04,  1.365780E+02,  2.170325E-07,  5.779906E-11,  1.526333E-07,  2.293820E-12,  5.549319E-07, -7.384457E+01,  1.477522E-01,  4.115661E-01,  2.594393E-08,  1.367583E+02,  5.801279E-11,  5.187974E-15,  1.194887E-11,  5.880578E-17,  1.101775E-10
  1.128272E+00, -4.622290E+01,  2.615542E-01,  7.285633E-01,  2.619568E-02,  4.628831E+01,  9.708955E-06,  1.690463E-08,  4.081835E-06,  4.926415E-10,  2.675789E-05, -4.996607E+01,  4.408308E-02,  1.499425E-01,  1.027154E-02,  8.242429E+01,  7.451154E-07,  4.997784E-10,  2.850731E-06,  1.098128E-10,  4.533907E-06, -7.374539E+01,  1.480116E-01,  4.122885E-01,  3.456255E-04,  1.364978E+02,  2.248535E-07,  6.075660E-11,  1.588790E-07,  2.422427E-12,  5.759735E-07, -7.381083E+01,  1.478403E-01,  4.118115E-01,  3.041952E-08,  1.366698E+02,  6.662775E-11,  6.064445E-15,  1.400110E-11,  7.014016E-17,  1.269116E-10
  1.133130E+00, -4.622142E+01,  2.615620E-01,  7.285849E-01,  2.618152E-02,  4.628344E+01,  9.704386E-06,  1.703214E-08,  4.079198E-06,  4.959403E-10,  2.674453E-05, -4.996312E+01,  4.408593E-02,  1.499521E-01,  1.036450E-02,  8.242235E+01,  7.509789E-07,  5.096535E-10,  2.876460E-06,  1.121407E-10,  4.573457E-06, -7.371626E+01,  1.480879E-01,  4.125012E-01,  3.597243E-04,  1.364212E+02,  2.328125E-07,  6.381882E-11,  1.652671E-07,  2.556204E-12,  5.974303E-07, -7.377861E+01,  1.479246E-01,  4.120462E-01,  3.555290E-08,  1.365851E+02,  7.630866E-11,  7.068265E-15,  1.635369E-11,  8.337904E-17,  1.457786E-10
  1.137987E+00, -4.622000E+01,  2.615694E-01,  7.286057E-01,  2.616675E-02,  4.627874E+01,  9.699625E-06,  1.715960E-08,  4.076485E-06,  4.992369E-10,  2.673062E-05, -4.996029E+01,  4.408866E-02,  1.499614E-01,  1.045658E-02,  8.242050E+01,  7.567804E-07,  5.196048E-10,  2.901947E-06,  1.144892E-10,  4.612623E-06, -7.368844E+01,  1.481609E-01,  4.127046E-01,  3.741391E-04,  1.363479E+02,  2.409081E-07,  6.698751E-11,  1.717974E-07,  2.695266E-12,  6.192994E-07, -7.374785E+01,  1.480051E-01,  4.122705E-01,  4.142331E-08,  1.365043E+02,  8.715966E-11,  8.214825E-15,  1.904270E-11,  9.879475E-17,  1.669958E-10
  1.142844E+00, -4.621864E+01,  2.615766E-01,  7.286257E-01,  2.615140E-02,  4.627423E+01,  9.694675E-06,  1.728698E-08,  4.073698E-06,  5.025312E-10,  2.671616E-05, -4.995757E+01,  4.409127E-02,  1.499703E-01,  1.054779E-02,  8.241872E+01,  7.625201E-07,  5.296315E-10,  2.927191E-06,  1.168581E-10,  4.651406E-06, -7.366186E+01,  1.482308E-01,  4.128991E-01,  3.888692E-04,  1.362779E+02,  2.491390E-07,  7.026445E-11,  1.784694E-07,  2.839729E-12,  6.415781E-07, -7.371849E+01,  1.480821E-01,  4.124850E-01,  4.811726E-08,  1.364270E+02,  9.929204E-11,  9.520983E-15,  2.210746E-11,  1.166915E-16,  1.907965E-10
  1.147702E+00, -4.621732E+01,  2.615835E-01,  7.286449E-01,  2.613548E-02,  4.626989E+01,  9.689540E-06,  1.741430E-08,  4.070838E-06,  5.058231E-10,  2.670117E-05, -4.995497E+01,  4.409379E-02,  1.499789E-01,  1.063812E-02,  8.241701E+01,  7.681981E-07,  5.397328E-10,  2.952194E-06,  1.192473E-10,  4.689806E-06, -7.363648E+01,  1.482975E-01,  4.130850E-01,  4.039134E-04,  1.362110E+02,  2.575037E-07,  7.365140E-11,  1.852828E-07,  2.989707E-12,  6.642634E-07, -7.369044E+01,  1.481557E-01,  4.126899E-01,  5.572898E-08,  1.363532E+02,  1.128244E-10,  1.100515E-14,  2.559080E-11,  1.374081E-16,  2.174308E-10
  1.152559E+00, -4.621606E+01,  2.615901E-01,  7.286633E-01,  2.611900E-02,  4.626573E+01,  9.684225E-06,  1.754155E-08,  4.067905E-06,  5.091127E-10,  2.668566E-05, -4.995247E+01,  4.409620E-02,  1.499871E-01,  1.072757E-02,  8.241537E+01,  7.738148E-07,  5.499079E-10,  2.976954E-06,  1.216565E-10,  4.727823E-06, -7.361223E+01,  1.483613E-01,  4.132627E-01,  4.192704E-04,  1.361471E+02,  2.660006E-07,  7.715011E-11,  1.922370E-07,  3.145314E-12,  6.873522E-07, -7.366367E+01,  1.482260E-01,  4.128858E-01,  6.436078E-08,  1.362827E+02,  1.278831E-10,  1.268741E-14,  2.953925E-11,  1.613210E-16,  2.471658E-10
  1.157417E+00, -4.621485E+01,  2.615965E-01,  7.286811E-01,  2.610198E-02,  4.626172E+01,  9.678733E-06,  1.766872E-08,  4.064903E-06,  5.123998E-10,  2.666965E-05, -4.995008E+01,  4.409851E-02,  1.499949E-01,  1.081615E-02,  8.241380E+01,  7.793705E-07,  5.601561E-10,  3.001473E-06,  1.240855E-10,  4.765458E-06, -7.358908E+01,  1.484223E-01,  4.134326E-01,  4.349390E-04,  1.360860E+02,  2.746283E-07,  8.076229E-11,  1.993316E-07,  3.306663E-12,  7.108411E-07, -7.363811E+01,  1.482932E-01,  4.130730E-01,  7.412353E-08,  1.362153E+02,  1.446020E-10,  1.458960E-14,  3.400317E-11,  1.888477E-16,  2.802866E-10
  1.162274E+00, -4.621368E+01,  2.616026E-01,  7.286981E-01,  2.608442E-02,  4.625787E+01,  9.673068E-06,  1.779582E-08,  4.061831E-06,  5.156844E-10,  2.665313E-05, -4.994778E+01,  4.410072E-02,  1.500025E-01,  1.090385E-02,  8.241229E+01,  7.848654E-07,  5.704764E-10,  3.025750E-06,  1.265341E-10,  4.802713E-06, -7.356696E+01,  1.484806E-01,  4.135951E-01,  4.509176E-04,  1.360276E+02,  2.833852E-07,  8.448963E-11,  2.065658E-07,  3.473868E-12,  7.347269E-07, -7.361370E+01,  1.483574E-01,  4.132519E-01,  8.513707E-08,  1.361509E+02,  1.631233E-10,  1.673543E-14,  3.903704E-11,  2.204493E-16,  3.170968E-10
  1.167132E+00, -4.621256E+01,  2.616085E-01,  7.287145E-01,  2.606633E-02,  4.625417E+01,  9.667233E-06,  1.792284E-08,  4.058691E-06,  5.189664E-10,  2.663613E-05, -4.994558E+01,  4.410285E-02,  1.500097E-01,  1.099067E-02,  8.241084E+01,  7.902998E-07,  5.808681E-10,  3.049785E-06,  1.290022E-10,  4.839587E-06, -7.354584E+01,  1.485364E-01,  4.137503E-01,  4.672046E-04,  1.359718E+02,  2.922697E-07,  8.833382E-11,  2.139390E-07,  3.647040E-12,  7.590060E-07, -7.359040E+01,  1.484188E-01,  4.134229E-01,  9.753066E-08,  1.360895E+02,  1.835969E-10,  1.915058E-14,  4.469955E-11,  2.566349E-16,  3.579186E-10
  1.171989E+00, -4.621148E+01,  2.616142E-01,  7.287303E-01,  2.604774E-02,  4.625061E+01,  9.661232E-06,  1.804978E-08,  4.055485E-06,  5.222458E-10,  2.661866E-05, -4.994347E+01,  4.410488E-02,  1.500166E-01,  1.107662E-02,  8.240945E+01,  7.956740E-07,  5.913305E-10,  3.073579E-06,  1.314895E-10,  4.876082E-06, -7.352567E+01,  1.485896E-01,  4.138987E-01,  4.837983E-04,  1.359184E+02,  3.012802E-07,  9.229652E-11,  2.214506E-07,  3.826292E-12,  7.836749E-07, -7.356815E+01,  1.484775E-01,  4.135863E-01,  1.114434E-07,  1.360307E+02,  2.061816E-10,  2.186282E-14,  5.105387E-11,  2.979645E-16,  4.030940E-10
  1.176846E+00, -4.621045E+01,  2.616196E-01,  7.287454E-01,  2.602864E-02,  4.624720E+01,  9.655070E-06,  1.817664E-08,  4.052214E-06,  5.255225E-10,  2.660071E-05, -4.994145E+01,  4.410684E-02,  1.500233E-01,  1.116170E-02,  8.240813E+01,  8.009883E-07,  6.018626E-10,  3.097133E-06,  1.339959E-10,  4.912198E-06, -7.350640E+01,  1.486405E-01,  4.140405E-01,  5.006970E-04,  1.358675E+02,  3.104151E-07,  9.637935E-11,  2.290997E-07,  4.011736E-12,  8.087297E-07, -7.354691E+01,  1.485335E-01,  4.137424E-01,  1.270245E-07,  1.359746E+02,  2.310441E-10,  2.490211E-14,  5.816782E-11,  3.450531E-16,  4.529848E-10
  1.181704E+00, -4.620945E+01,  2.616248E-01,  7.287599E-01,  2.600905E-02,  4.624392E+01,  9.648748E-06,  1.830342E-08,  4.048879E-06,  5.287965E-10,  2.658231E-05, -4.993951E+01,  4.410871E-02,  1.500296E-01,  1.124591E-02,  8.240685E+01,  8.062432E-07,  6.124638E-10,  3.120447E-06,  1.365211E-10,  4.947938E-06, -7.348800E+01,  1.486892E-01,  4.141760E-01,  5.178986E-04,  1.358188E+02,  3.196727E-07,  1.005839E-10,  2.368855E-07,  4.203481E-12,  8.341667E-07, -7.352663E+01,  1.485871E-01,  4.138916E-01,  1.444341E-07,  1.359210E+02,  2.583600E-10,  2.830073E-14,  6.611404E-11,  3.985742E-16,  5.079733E-10
  1.186561E+00, -4.620850E+01,  2.616298E-01,  7.287739E-01,  2.598899E-02,  4.624077E+01,  9.642271E-06,  1.843010E-08,  4.045481E-06,  5.320678E-10,  2.656347E-05, -4.993765E+01,  4.411051E-02,  1.500357E-01,  1.132925E-02,  8.240563E+01,  8.114388E-07,  6.231333E-10,  3.143521E-06,  1.390650E-10,  4.983301E-06, -7.347043E+01,  1.487357E-01,  4.143055E-01,  5.354011E-04,  1.357723E+02,  3.290513E-07,  1.049119E-10,  2.448072E-07,  4.401638E-12,  8.599820E-07, -7.350726E+01,  1.486383E-01,  4.140341E-01,  1.638432E-07,  1.358698E+02,  2.883137E-10,  3.209337E-14,  7.497020E-11,  4.592646E-16,  5.684626E-10
  1.191419E+00, -4.620758E+01,  2.616346E-01,  7.287873E-01,  2.596845E-02,  4.623774E+01,  9.635642E-06,  1.855670E-08,  4.042021E-06,  5.353362E-10,  2.654418E-05, -4.993587E+01,  4.411223E-02,  1.500416E-01,  1.141173E-02,  8.240446E+01,  8.165756E-07,  6.338702E-10,  3.166356E-06,  1.416274E-10,  5.018290E-06, -7.345365E+01,  1.487801E-01,  4.144293E-01,  5.532025E-04,  1.357279E+02,  3.385492E-07,  1.093647E-10,  2.528639E-07,  4.606316E-12,  8.861716E-07, -7.348878E+01,  1.486871E-01,  4.141703E-01,  1.854343E-07,  1.358209E+02,  3.210982E-10,  3.631728E-14,  8.481917E-11,  5.279280E-16,  6.348773E-10
  1.196276E+00, -4.620670E+01,  2.616393E-01,  7.288002E-01,  2.594746E-02,  4.623483E+01,  9.628864E-06,  1.868321E-08,  4.038500E-06,  5.386017E-10,  2.652447E-05, -4.993416E+01,  4.411388E-02,  1.500472E-01,  1.149334E-02,  8.240334E+01,  8.216539E-07,  6.446739E-10,  3.188953E-06,  1.442080E-10,  5.052905E-06, -7.343762E+01,  1.488226E-01,  4.145476E-01,  5.713005E-04,  1.356855E+02,  3.481648E-07,  1.139440E-10,  2.610546E-07,  4.817623E-12,  9.127314E-07, -7.347112E+01,  1.487339E-01,  4.143004E-01,  2.094018E-07,  1.357742E+02,  3.569157E-10,  4.101234E-14,  9.574918E-11,  6.054394E-16,  7.076635E-10
  1.201134E+00, -4.620585E+01,  2.616437E-01,  7.288125E-01,  2.592601E-02,  4.623204E+01,  9.621941E-06,  1.880963E-08,  4.034920E-06,  5.418643E-10,  2.650434E-05, -4.993252E+01,  4.411546E-02,  1.500526E-01,  1.157409E-02,  8.240226E+01,  8.266740E-07,  6.555434E-10,  3.211312E-06,  1.468067E-10,  5.087149E-06, -7.342232E+01,  1.488632E-01,  4.146606E-01,  5.896929E-04,  1.356449E+02,  3.578962E-07,  1.186513E-10,  2.693783E-07,  5.035668E-12,  9.396572E-07, -7.345427E+01,  1.487785E-01,  4.144247E-01,  2.359525E-07,  1.357295E+02,  3.959771E-10,  4.622122E-14,  1.078540E-10,  6.927499E-16,  7.872893E-10
  1.205991E+00, -4.620504E+01,  2.616480E-01,  7.288244E-01,  2.590413E-02,  4.622936E+01,  9.614875E-06,  1.893595E-08,  4.031282E-06,  5.451239E-10,  2.648380E-05, -4.993096E+01,  4.411697E-02,  1.500577E-01,  1.165398E-02,  8.240123E+01,  8.316363E-07,  6.664782E-10,  3.233434E-06,  1.494233E-10,  5.121022E-06, -7.340770E+01,  1.489019E-01,  4.147686E-01,  6.083772E-04,  1.356061E+02,  3.677418E-07,  1.234880E-10,  2.778341E-07,  5.260556E-12,  9.669448E-07, -7.343818E+01,  1.488211E-01,  4.145435E-01,  2.653056E-07,  1.356869E+02,  4.385024E-10,  5.198951E-14,  1.212333E-10,  7.908912E-16,  8.742452E-10
  1.210848E+00, -4.620426E+01,  2.616521E-01,  7.288358E-01,  2.588182E-02,  4.622678E+01,  9.607669E-06,  1.906218E-08,  4.027587E-06,  5.483806E-10,  2.646286E-05, -4.992946E+01,  4.411843E-02,  1.500627E-01,  1.173302E-02,  8.240024E+01,  8.365413E-07,  6.774774E-10,  3.255321E-06,  1.520576E-10,  5.154526E-06, -7.339375E+01,  1.489390E-01,  4.148718E-01,  6.273509E-04,  1.355691E+02,  3.776998E-07,  1.284558E-10,  2.864207E-07,  5.492394E-12,  9.945899E-07, -7.342281E+01,  1.488619E-01,  4.146570E-01,  2.976934E-07,  1.356462E+02,  4.847210E-10,  5.836576E-14,  1.359923E-10,  9.009801E-16,  9.690444E-10
  1.215706E+00, -4.620351E+01,  2.616560E-01,  7.288468E-01,  2.585908E-02,  4.622431E+01,  9.600327E-06,  1.918831E-08,  4.023836E-06,  5.516341E-10,  2.644152E-05, -4.992802E+01,  4.411982E-02,  1.500674E-01,  1.181121E-02,  8.239929E+01,  8.413891E-07,  6.885403E-10,  3.276973E-06,  1.547095E-10,  5.187664E-06, -7.338042E+01,  1.489744E-01,  4.149704E-01,  6.466116E-04,  1.355338E+02,  3.877685E-07,  1.335559E-10,  2.951372E-07,  5.731287E-12,  1.022588E-06, -7.340814E+01,  1.489008E-01,  4.147654E-01,  3.333615E-07,  1.356073E+02,  5.348710E-10,  6.540171E-14,  1.522425E-10,  1.024224E-15,  1.072223E-09
  1.220563E+00, -4.620279E+01,  2.616598E-01,  7.288573E-01,  2.583594E-02,  4.622194E+01,  9.592852E-06,  1.931434E-08,  4.020030E-06,  5.548846E-10,  2.641981E-05, -4.992664E+01,  4.412115E-02,  1.500719E-01,  1.188855E-02,  8.239839E+01,  8.461803E-07,  6.996662E-10,  3.298390E-06,  1.573786E-10,  5.220436E-06, -7.336769E+01,  1.490082E-01,  4.150646E-01,  6.661567E-04,  1.355000E+02,  3.979459E-07,  1.387899E-10,  3.039824E-07,  5.977339E-12,  1.050935E-06, -7.339414E+01,  1.489379E-01,  4.148689E-01,  3.725691E-07,  1.355702E+02,  5.891998E-10,  7.315231E-14,  1.701016E-10,  1.161925E-15,  1.184340E-09
  1.225421E+00, -4.620210E+01,  2.616634E-01,  7.288674E-01,  2.581240E-02,  4.621966E+01,  9.585246E-06,  1.944027E-08,  4.016170E-06,  5.581319E-10,  2.639771E-05, -4.992532E+01,  4.412243E-02,  1.500763E-01,  1.196505E-02,  8.239752E+01,  8.509153E-07,  7.108542E-10,  3.319574E-06,  1.600649E-10,  5.252844E-06, -7.335553E+01,  1.490405E-01,  4.151546E-01,  6.859834E-04,  1.354677E+02,  4.082305E-07,  1.441591E-10,  3.129552E-07,  6.230653E-12,  1.079626E-06, -7.338076E+01,  1.489735E-01,  4.149678E-01,  4.155895E-07,  1.355347E+02,  6.479639E-10,  8.167591E-14,  1.896935E-10,  1.315486E-15,  1.305977E-09
  1.230278E+00, -4.620144E+01,  2.616669E-01,  7.288770E-01,  2.578846E-02,  4.621748E+01,  9.577512E-06,  1.956609E-08,  4.012257E-06,  5.613760E-10,  2.637525E-05, -4.992405E+01,  4.412365E-02,  1.500804E-01,  1.204070E-02,  8.239669E+01,  8.555943E-07,  7.221037E-10,  3.340526E-06,  1.627681E-10,  5.284891E-06, -7.334392E+01,  1.490714E-01,  4.152406E-01,  7.060890E-04,  1.354369E+02,  4.186204E-07,  1.496650E-10,  3.220542E-07,  6.491332E-12,  1.108657E-06, -7.336799E+01,  1.490074E-01,  4.150623E-01,  4.627101E-07,  1.355008E+02,  7.114288E-10,  9.103434E-14,  2.111487E-10,  1.486415E-15,  1.437740E-09
  1.235136E+00, -4.620080E+01,  2.616702E-01,  7.288863E-01,  2.576414E-02,  4.621538E+01,  9.569653E-06,  1.969181E-08,  4.008293E-06,  5.646169E-10,  2.635243E-05, -4.992284E+01,  4.412482E-02,  1.500844E-01,  1.211552E-02,  8.239589E+01,  8.602178E-07,  7.334139E-10,  3.361247E-06,  1.654880E-10,  5.316578E-06, -7.333283E+01,  1.491009E-01,  4.153228E-01,  7.264708E-04,  1.354075E+02,  4.291137E-07,  1.553088E-10,  3.312784E-07,  6.759476E-12,  1.138023E-06, -7.335580E+01,  1.490398E-01,  4.151526E-01,  5.142330E-07,  1.354685E+02,  7.798692E-10,  1.012931E-13,  2.346041E-10,  1.676332E-15,  1.580259E-09
  1.239993E+00, -4.620019E+01,  2.616734E-01,  7.288952E-01,  2.573944E-02,  4.621337E+01,  9.561671E-06,  1.981743E-08,  4.004278E-06,  5.678545E-10,  2.632925E-05, -4.992168E+01,  4.412595E-02,  1.500883E-01,  1.218951E-02,  8.239513E+01,  8.647862E-07,  7.447841E-10,  3.381738E-06,  1.682246E-10,  5.347906E-06, -7.332224E+01,  1.491291E-01,  4.154013E-01,  7.471258E-04,  1.353793E+02,  4.397088E-07,  1.610920E-10,  3.406265E-07,  7.035187E-12,  1.167720E-06, -7.334416E+01,  1.490707E-01,  4.152389E-01,  5.704749E-07,  1.354376E+02,  8.535686E-10,  1.125212E-13,  2.602035E-10,  1.886971E-15,  1.734186E-09
  1.244850E+00, -4.619961E+01,  2.616765E-01,  7.289038E-01,  2.571437E-02,  4.621143E+01,  9.553570E-06,  1.994294E-08,  4.000213E-06,  5.710888E-10,  2.630574E-05, -4.992057E+01,  4.412702E-02,  1.500919E-01,  1.226267E-02,  8.239440E+01,  8.692999E-07,  7.562135E-10,  3.402000E-06,  1.709775E-10,  5.378879E-06, -7.331213E+01,  1.491560E-01,  4.154763E-01,  7.680512E-04,  1.353525E+02,  4.504038E-07,  1.670159E-10,  3.500971E-07,  7.318562E-12,  1.197743E-06, -7.333304E+01,  1.491003E-01,  4.153212E-01,  6.317677E-07,  1.354080E+02,  9.328194E-10,  1.247919E-13,  2.880974E-10,  2.120191E-15,  1.900197E-09
  1.249708E+00, -4.619905E+01,  2.616794E-01,  7.289120E-01,  2.568895E-02,  4.620958E+01,  9.545352E-06,  2.006833E-08,  3.996099E-06,  5.743198E-10,  2.628188E-05, -4.991950E+01,  4.412805E-02,  1.500954E-01,  1.233500E-02,  8.239370E+01,  8.737593E-07,  7.677016E-10,  3.422035E-06,  1.737466E-10,  5.409498E-06, -7.330247E+01,  1.491817E-01,  4.155479E-01,  7.892440E-04,  1.353268E+02,  4.611970E-07,  1.730817E-10,  3.596889E-07,  7.609700E-12,  1.228086E-06, -7.332243E+01,  1.491286E-01,  4.153999E-01,  6.984585E-07,  1.353798E+02,  1.017923E-09,  1.381820E-13,  3.184432E-10,  2.377977E-15,  2.078991E-09
  1.254565E+00, -4.619851E+01,  2.616822E-01,  7.289199E-01,  2.566317E-02,  4.620780E+01,  9.537019E-06,  2.019362E-08,  3.991937E-06,  5.775473E-10,  2.625770E-05, -4.991848E+01,  4.412904E-02,  1.500988E-01,  1.240651E-02,  8.239303E+01,  8.781648E-07,  7.792475E-10,  3.441842E-06,  1.765317E-10,  5.439764E-06, -7.329325E+01,  1.492063E-01,  4.156164E-01,  8.107012E-04,  1.353023E+02,  4.720865E-07,  1.792906E-10,  3.694008E-07,  7.908699E-12,  1.258747E-06, -7.331229E+01,  1.491556E-01,  4.154751E-01,  7.709097E-07,  1.353529E+02,  1.109189E-09,  1.527727E-13,  3.514055E-10,  2.662445E-15,  2.271293E-09
  1.259423E+00, -4.619799E+01,  2.616850E-01,  7.289275E-01,  2.563706E-02,  4.620610E+01,  9.528574E-06,  2.031880E-08,  3.987729E-06,  5.807714E-10,  2.623319E-05, -4.991750E+01,  4.412999E-02,  1.501020E-01,  1.247721E-02,  8.239239E+01,  8.825168E-07,  7.908505E-10,  3.461424E-06,  1.793327E-10,  5.469680E-06, -7.328444E+01,  1.492298E-01,  4.156818E-01,  8.324198E-04,  1.352789E+02,  4.830705E-07,  1.856441E-10,  3.792312E-07,  8.215654E-12,  1.289719E-06, -7.330261E+01,  1.491813E-01,  4.155469E-01,  8.494995E-07,  1.353272E+02,  1.206937E-09,  1.686491E-13,  3.871556E-10,  2.975854E-15,  2.477849E-09
  1.264280E+00, -4.619749E+01,  2.616876E-01,  7.289347E-01,  2.561060E-02,  4.620446E+01,  9.520019E-06,  2.044386E-08,  3.983475E-06,  5.839921E-10,  2.620837E-05, -4.991657E+01,  4.413089E-02,  1.501051E-01,  1.254710E-02,  8.239177E+01,  8.868157E-07,  8.025100E-10,  3.480782E-06,  1.821493E-10,  5.499249E-06, -7.327603E+01,  1.492522E-01,  4.157442E-01,  8.543966E-04,  1.352565E+02,  4.941472E-07,  1.921431E-10,  3.891788E-07,  8.530660E-12,  1.320998E-06, -7.329337E+01,  1.492060E-01,  4.156155E-01,  9.346218E-07,  1.353026E+02,  1.311493E-09,  1.859008E-13,  4.258724E-10,  3.320604E-15,  2.699428E-09
  1.269138E+00, -4.619702E+01,  2.616901E-01,  7.289417E-01,  2.558382E-02,  4.620289E+01,  9.511358E-06,  2.056881E-08,  3.979176E-06,  5.872092E-10,  2.618324E-05, -4.991567E+01,  4.413176E-02,  1.501080E-01,  1.261618E-02,  8.239118E+01,  8.910620E-07,  8.142253E-10,  3.499917E-06,  1.849814E-10,  5.528472E-06, -7.326800E+01,  1.492736E-01,  4.158039E-01,  8.766285E-04,  1.352351E+02,  5.053150E-07,  1.987891E-10,  3.992422E-07,  8.853811E-12,  1.352579E-06, -7.328455E+01,  1.492295E-01,  4.156810E-01,  1.026686E-06,  1.352792E+02,  1.423192E-09,  2.046219E-13,  4.677417E-10,  3.699247E-15,  2.936824E-09
  1.273995E+00, -4.619656E+01,  2.616925E-01,  7.289483E-01,  2.555672E-02,  4.620138E+01,  9.502591E-06,  2.069364E-08,  3.974833E-06,  5.904228E-10,  2.615781E-05, -4.991482E+01,  4.413259E-02,  1.501108E-01,  1.268445E-02,  8.239062E+01,  8.952559E-07,  8.259956E-10,  3.518830E-06,  1.878288E-10,  5.557351E-06, -7.326033E+01,  1.492941E-01,  4.158609E-01,  8.991123E-04,  1.352147E+02,  5.165719E-07,  2.055831E-10,  4.094201E-07,  9.185199E-12,  1.384458E-06, -7.327612E+01,  1.492519E-01,  4.157436E-01,  1.126119E-06,  1.352567E+02,  1.542378E-09,  2.249108E-13,  5.129566E-10,  4.114493E-15,  3.190852E-09
  1.278852E+00, -4.619612E+01,  2.616947E-01,  7.289547E-01,  2.552930E-02,  4.619994E+01,  9.493722E-06,  2.081835E-08,  3.970446E-06,  5.936329E-10,  2.613208E-05, -4.991399E+01,  4.413338E-02,  1.501135E-01,  1.275193E-02,  8.239008E+01,  8.993980E-07,  8.378204E-10,  3.537523E-06,  1.906913E-10,  5.585889E-06, -7.325300E+01,  1.493136E-01,  4.159154E-01,  9.218450E-04,  1.351952E+02,  5.279162E-07,  2.125262E-10,  4.197109E-07,  9.524916E-12,  1.416630E-06, -7.326807E+01,  1.492734E-01,  4.158034E-01,  1.233362E-06,  1.352353E+02,  1.669403E-09,  2.468705E-13,  5.617176E-10,  4.569210E-15,  3.462351E-09
  1.283710E+00, -4.619570E+01,  2.616970E-01,  7.289609E-01,  2.550158E-02,  4.619855E+01,  9.484752E-06,  2.094294E-08,  3.966018E-06,  5.968393E-10,  2.610607E-05, -4.991321E+01,  4.413414E-02,  1.501161E-01,  1.281862E-02,  8.238956E+01,  9.034886E-07,  8.496988E-10,  3.555997E-06,  1.935687E-10,  5.614087E-06, -7.324600E+01,  1.493323E-01,  4.159674E-01,  9.448231E-04,  1.351766E+02,  5.393461E-07,  2.196197E-10,  4.301133E-07,  9.873051E-12,  1.449089E-06, -7.326039E+01,  1.492939E-01,  4.158605E-01,  1.348872E-06,  1.352149E+02,  1.804626E-09,  2.706090E-13,  6.142325E-10,  5.066438E-15,  3.752183E-09
  1.288567E+00, -4.619530E+01,  2.616991E-01,  7.289668E-01,  2.547356E-02,  4.619722E+01,  9.475685E-06,  2.106741E-08,  3.961548E-06,  6.000421E-10,  2.607977E-05, -4.991245E+01,  4.413487E-02,  1.501186E-01,  1.288452E-02,  8.238907E+01,  9.075282E-07,  8.616303E-10,  3.574253E-06,  1.964609E-10,  5.641949E-06, -7.323932E+01,  1.493502E-01,  4.160172E-01,  9.680434E-04,  1.351588E+02,  5.508599E-07,  2.268646E-10,  4.406258E-07,  1.022969E-11,  1.481832E-06, -7.325305E+01,  1.493135E-01,  4.159150E-01,  1.473125E-06,  1.351954E+02,  1.948413E-09,  2.962388E-13,  6.707163E-10,  5.609390E-15,  4.061230E-09
  1.293425E+00, -4.619492E+01,  2.617011E-01,  7.289724E-01,  2.544525E-02,  4.619595E+01,  9.466522E-06,  2.119177E-08,  3.957037E-06,  6.032412E-10,  2.605320E-05, -4.991173E+01,  4.413557E-02,  1.501210E-01,  1.294964E-02,  8.238860E+01,  9.115172E-07,  8.736141E-10,  3.592292E-06,  1.993676E-10,  5.669476E-06, -7.323293E+01,  1.493672E-01,  4.160646E-01,  9.915027E-04,  1.351418E+02,  5.624557E-07,  2.342619E-10,  4.512469E-07,  1.059493E-11,  1.514852E-06, -7.324604E+01,  1.493322E-01,  4.159671E-01,  1.606611E-06,  1.351767E+02,  2.101140E-09,  3.238776E-13,  7.313916E-10,  6.201459E-15,  4.390397E-09
  1.298282E+00, -4.619455E+01,  2.617030E-01,  7.289778E-01,  2.541665E-02,  4.619473E+01,  9.457264E-06,  2.131599E-08,  3.952487E-06,  6.064366E-10,  2.602636E-05, -4.991104E+01,  4.413624E-02,  1.501233E-01,  1.301398E-02,  8.238814E+01,  9.154560E-07,  8.856497E-10,  3.610117E-06,  2.022888E-10,  5.696671E-06, -7.322683E+01,  1.493835E-01,  4.161100E-01,  1.015198E-03,  1.351256E+02,  5.741319E-07,  2.418128E-10,  4.619751E-07,  1.096886E-11,  1.548146E-06, -7.323935E+01,  1.493501E-01,  4.160169E-01,  1.749836E-06,  1.351589E+02,  2.263186E-09,  3.536479E-13,  7.964882E-10,  6.846224E-15,  4.740612E-09
  1.303140E+00, -4.619419E+01,  2.617049E-01,  7.289830E-01,  2.538777E-02,  4.619356E+01,  9.447916E-06,  2.144010E-08,  3.947898E-06,  6.096283E-10,  2.599925E-05, -4.991038E+01,  4.413688E-02,  1.501254E-01,  1.307754E-02,  8.238771E+01,  9.193450E-07,  8.977363E-10,  3.627727E-06,  2.052242E-10,  5.723535E-06, -7.322101E+01,  1.493991E-01,  4.161533E-01,  1.039125E-03,  1.351101E+02,  5.858866E-07,  2.495183E-10,  4.728090E-07,  1.135155E-11,  1.581708E-06, -7.323296E+01,  1.493671E-01,  4.160645E-01,  1.903323E-06,  1.351419E+02,  2.434941E-09,  3.856775E-13,  8.662434E-10,  7.547455E-15,  5.112822E-09
  1.307997E+00, -4.619385E+01,  2.617067E-01,  7.289880E-01,  2.535862E-02,  4.619243E+01,  9.438477E-06,  2.156408E-08,  3.943271E-06,  6.128162E-10,  2.597189E-05, -4.990975E+01,  4.413749E-02,  1.501275E-01,  1.314034E-02,  8.238729E+01,  9.231846E-07,  9.098733E-10,  3.645126E-06,  2.081737E-10,  5.750072E-06, -7.321545E+01,  1.494139E-01,  4.161948E-01,  1.063281E-03,  1.350953E+02,  5.977182E-07,  2.573793E-10,  4.837470E-07,  1.174309E-11,  1.615534E-06, -7.322685E+01,  1.493834E-01,  4.161099E-01,  2.067611E-06,  1.351256E+02,  2.616800E-09,  4.200993E-13,  9.409014E-10,  8.309121E-15,  5.507994E-09
  1.315283E+00, -4.619337E+01,  2.617092E-01,  7.289950E-01,  2.531430E-02,  4.619085E+01,  9.424125E-06,  2.174976E-08,  3.936248E-06,  6.175894E-10,  2.593029E-05, -4.990886E+01,  4.413835E-02,  1.501305E-01,  1.323283E-02,  8.238671E+01,  9.288350E-07,  9.281901E-10,  3.670750E-06,  2.126290E-10,  5.789147E-06, -7.320766E+01,  1.494347E-01,  4.162528E-01,  1.100004E-03,  1.350745E+02,  6.156381E-07,  2.695244E-10,  5.003769E-07,  1.235059E-11,  1.666850E-06, -7.321830E+01,  1.494063E-01,  4.161735E-01,  2.339621E-06,  1.351029E+02,  2.913864E-09,  4.775932E-13,  1.064505E-09,  9.601706E-15,  6.155702E-09
  1.322569E+00, -4.619292E+01,  2.617116E-01,  7.290016E-01,  2.526941E-02,  4.618937E+01,  9.409584E-06,  2.193516E-08,  3.929144E-06,  6.223540E-10,  2.588815E-05, -4.990803E+01,  4.413916E-02,  1.501332E-01,  1.332362E-02,  8.238616E+01,  9.343770E-07,  9.466160E-10,  3.695906E-06,  2.171147E-10,  5.827500E-06, -7.320038E+01,  1.494542E-01,  4.163070E-01,  1.137219E-03,  1.350551E+02,  6.337192E-07,  2.820261E-10,  5.172309E-07,  1.297855E-11,  1.718726E-06, -7.321031E+01,  1.494276E-01,  4.162330E-01,  2.639691E-06,  1.350816E+02,  3.236412E-09,  5.414512E-13,  1.200844E-09,  1.105984E-14,  6.861821E-09
  1.329855E+00, -4.619250E+01,  2.617138E-01,  7.290077E-01,  2.522397E-02,  4.618797E+01,  9.394861E-06,  2.212026E-08,  3.921963E-06,  6.271098E-10,  2.584548E-05, -4.990725E+01,  4.413992E-02,  1.501358E-01,  1.341274E-02,  8.238565E+01,  9.398121E-07,  9.651489E-10,  3.720598E-06,  2.216305E-10,  5.865140E-06, -7.319357E+01,  1.494724E-01,  4.163577E-01,  1.174915E-03,  1.350370E+02,  6.519558E-07,  2.948874E-10,  5.343039E-07,  1.362724E-11,  1.771147E-06, -7.320285E+01,  1.494476E-01,  4.162886E-01,  2.969871E-06,  1.350617E+02,  3.585868E-09,  6.122042E-13,  1.350851E-09,  1.270012E-14,  7.629907E-09
  1.337142E+00, -4.619210E+01,  2.617159E-01,  7.290135E-01,  2.517800E-02,  4.618666E+01,  9.379962E-06,  2.230506E-08,  3.914707E-06,  6.318568E-10,  2.580231E-05, -4.990651E+01,  4.414063E-02,  1.501382E-01,  1.350021E-02,  8.238517E+01,  9.451416E-07,  9.837867E-10,  3.744833E-06,  2.261756E-10,  5.902074E-06, -7.318722E+01,  1.494894E-01,  4.164050E-01,  1.213080E-03,  1.350201E+02,  6.703422E-07,  3.081114E-10,  5.515906E-07,  1.429691E-11,  1.824096E-06, -7.319588E+01,  1.494662E-01,  4.163405E-01,  3.332292E-06,  1.350431E+02,  3.963685E-09,  6.904118E-13,  1.515490E-09,  1.454030E-14,  8.463608E-09
  1.344428E+00, -4.619173E+01,  2.617178E-01,  7.290190E-01,  2.513151E-02,  4.618543E+01,  9.364894E-06,  2.248956E-08,  3.907378E-06,  6.365948E-10,  2.575865E-05, -4.990583E+01,  4.414129E-02,  1.501404E-01,  1.358603E-02,  8.238471E+01,  9.503669E-07,  1.002527E-09,  3.768614E-06,  2.307495E-10,  5.938310E-06, -7.318128E+01,  1.495053E-01,  4.164493E-01,  1.251704E-03,  1.350042E+02,  6.888728E-07,  3.217010E-10,  5.690858E-07,  1.498782E-11,  1.877557E-06, -7.318937E+01,  1.494836E-01,  4.163890E-01,  3.729160E-06,  1.350258E+02,  4.371336E-09,  7.766625E-13,  1.695763E-09,  1.659938E-14,  9.366655E-09
  1.351714E+00, -4.619138E+01,  2.617197E-01,  7.290241E-01,  2.508453E-02,  4.618428E+01,  9.349661E-06,  2.267377E-08,  3.899979E-06,  6.413237E-10,  2.571453E-05, -4.990519E+01,  4.414191E-02,  1.501426E-01,  1.367024E-02,  8.238429E+01,  9.554894E-07,  1.021369E-09,  3.791947E-06,  2.353517E-10,  5.973856E-06, -7.317574E+01,  1.495201E-01,  4.164906E-01,  1.290774E-03,  1.349894E+02,  7.075421E-07,  3.356587E-10,  5.867842E-07,  1.570021E-11,  1.931514E-06, -7.318329E+01,  1.494999E-01,  4.164343E-01,  4.162755E-06,  1.350096E+02,  4.810320E-09,  8.715746E-13,  1.892705E-09,  1.889760E-14,  1.034286E-08
  1.359000E+00, -4.619105E+01,  2.617214E-01,  7.290289E-01,  2.503708E-02,  4.618319E+01,  9.334270E-06,  2.285766E-08,  3.892512E-06,  6.460436E-10,  2.566994E-05, -4.990458E+01,  4.414250E-02,  1.501445E-01,  1.375284E-02,  8.238390E+01,  9.605105E-07,  1.040309E-09,  3.814837E-06,  2.399816E-10,  6.008721E-06, -7.317055E+01,  1.495340E-01,  4.165293E-01,  1.330279E-03,  1.349756E+02,  7.263445E-07,  3.499873E-10,  6.046807E-07,  1.643433E-11,  1.985951E-06, -7.317761E+01,  1.495151E-01,  4.164767E-01,  4.635432E-06,  1.349944E+02,  5.282155E-09,  9.757962E-13,  2.107383E-09,  2.145648E-14,  1.139613E-08
  1.366286E+00, -4.619074E+01,  2.617230E-01,  7.290334E-01,  2.498916E-02,  4.618218E+01,  9.318726E-06,  2.304125E-08,  3.884980E-06,  6.507542E-10,  2.562492E-05, -4.990402E+01,  4.414304E-02,  1.501464E-01,  1.383386E-02,  8.238353E+01,  9.654315E-07,  1.059347E-09,  3.837289E-06,  2.446388E-10,  6.042912E-06, -7.316571E+01,  1.495470E-01,  4.165654E-01,  1.370206E-03,  1.349627E+02,  7.452747E-07,  3.646892E-10,  6.227699E-07,  1.719041E-11,  2.040853E-06, -7.317230E+01,  1.495293E-01,  4.165162E-01,  5.149615E-06,  1.349803E+02,  5.788375E-09,  1.090006E-12,  2.340898E-09,  2.429890E-14,  1.253040E-08
  1.373572E+00, -4.619045E+01,  2.617245E-01,  7.290376E-01,  2.494080E-02,  4.618122E+01,  9.303035E-06,  2.322452E-08,  3.877385E-06,  6.554556E-10,  2.557948E-05, -4.990349E+01,  4.414355E-02,  1.501481E-01,  1.391331E-02,  8.238318E+01,  9.702538E-07,  1.078479E-09,  3.859307E-06,  2.493227E-10,  6.076437E-06, -7.316119E+01,  1.495591E-01,  4.165991E-01,  1.410545E-03,  1.349507E+02,  7.643273E-07,  3.797669E-10,  6.410467E-07,  1.796867E-11,  2.096203E-06, -7.316734E+01,  1.495426E-01,  4.165532E-01,  5.707799E-06,  1.349671E+02,  6.330534E-09,  1.214912E-12,  2.594382E-09,  2.744911E-14,  1.374972E-08
  1.380859E+00, -4.619018E+01,  2.617259E-01,  7.290416E-01,  2.489201E-02,  4.618033E+01,  9.287201E-06,  2.340748E-08,  3.869728E-06,  6.601476E-10,  2.553363E-05, -4.990300E+01,  4.414403E-02,  1.501498E-01,  1.399122E-02,  8.238285E+01,  9.749787E-07,  1.097704E-09,  3.880897E-06,  2.540327E-10,  6.109306E-06, -7.315696E+01,  1.495704E-01,  4.166307E-01,  1.451284E-03,  1.349394E+02,  7.834969E-07,  3.952227E-10,  6.595056E-07,  1.876935E-11,  2.151986E-06, -7.316271E+01,  1.495550E-01,  4.165878E-01,  6.312541E-06,  1.349547E+02,  6.910195E-09,  1.351255E-12,  2.868994E-09,  3.093276E-14,  1.505818E-08
  1.388145E+00, -4.618993E+01,  2.617273E-01,  7.290453E-01,  2.484282E-02,  4.617949E+01,  9.271230E-06,  2.359012E-08,  3.862013E-06,  6.648302E-10,  2.548739E-05, -4.990253E+01,  4.414448E-02,  1.501513E-01,  1.406760E-02,  8.238255E+01,  9.796076E-07,  1.117020E-09,  3.902063E-06,  2.587684E-10,  6.141524E-06, -7.315301E+01,  1.495810E-01,  4.166601E-01,  1.492411E-03,  1.349289E+02,  8.027784E-07,  4.110588E-10,  6.781417E-07,  1.959264E-11,  2.208187E-06, -7.315838E+01,  1.495666E-01,  4.166201E-01,  6.966466E-06,  1.349432E+02,  7.528935E-09,  1.499807E-12,  3.165927E-09,  3.477694E-14,  1.645993E-08
  1.395431E+00, -4.618969E+01,  2.617285E-01,  7.290488E-01,  2.479322E-02,  4.617870E+01,  9.255126E-06,  2.377244E-08,  3.854241E-06,  6.695033E-10,  2.544077E-05, -4.990210E+01,  4.414490E-02,  1.501527E-01,  1.414247E-02,  8.238226E+01,  9.841417E-07,  1.136425E-09,  3.922812E-06,  2.635292E-10,  6.173102E-06, -7.314932E+01,  1.495909E-01,  4.166877E-01,  1.533915E-03,  1.349190E+02,  8.221667E-07,  4.272772E-10,  6.969495E-07,  2.043876E-11,  2.264790E-06, -7.315434E+01,  1.495774E-01,  4.166502E-01,  7.672258E-06,  1.349324E+02,  8.188338E-09,  1.661368E-12,  3.486396E-09,  3.901025E-14,  1.795916E-08
  1.402717E+00, -4.618946E+01,  2.617297E-01,  7.290521E-01,  2.474325E-02,  4.617796E+01,  9.238895E-06,  2.395444E-08,  3.846414E-06,  6.741669E-10,  2.539379E-05, -4.990169E+01,  4.414530E-02,  1.501541E-01,  1.421584E-02,  8.238199E+01,  9.885825E-07,  1.155918E-09,  3.943147E-06,  2.683146E-10,  6.204046E-06, -7.314587E+01,  1.496001E-01,  4.167134E-01,  1.575785E-03,  1.349098E+02,  8.416566E-07,  4.438801E-10,  7.159239E-07,  2.130791E-11,  2.321780E-06, -7.315056E+01,  1.495876E-01,  4.166784E-01,  8.432657E-06,  1.349223E+02,  8.889999E-09,  1.836773E-12,  3.831648E-09,  4.366276E-14,  1.956013E-08
  1.410003E+00, -4.618925E+01,  2.617308E-01,  7.290552E-01,  2.469292E-02,  4.617727E+01,  9.222541E-06,  2.413612E-08,  3.838535E-06,  6.788208E-10,  2.534645E-05, -4.990131E+01,  4.414567E-02,  1.501553E-01,  1.428774E-02,  8.238174E+01,  9.929311E-07,  1.175497E-09,  3.963074E-06,  2.731242E-10,  6.234365E-06, -7.314265E+01,  1.496087E-01,  4.167375E-01,  1.618008E-03,  1.349012E+02,  8.612431E-07,  4.608692E-10,  7.350597E-07,  2.220030E-11,  2.379142E-06, -7.314703E+01,  1.495970E-01,  4.167048E-01,  9.250462E-06,  1.349129E+02,  9.635512E-09,  2.026887E-12,  4.202950E-09,  4.876611E-14,  2.126712E-08
  1.417289E+00, -4.618906E+01,  2.617318E-01,  7.290580E-01,  2.464223E-02,  4.617662E+01,  9.206069E-06,  2.431746E-08,  3.830604E-06,  6.834651E-10,  2.529878E-05, -4.990095E+01,  4.414601E-02,  1.501565E-01,  1.435819E-02,  8.238151E+01,  9.971890E-07,  1.195159E-09,  3.982598E-06,  2.779575E-10,  6.264067E-06, -7.313964E+01,  1.496168E-01,  4.167599E-01,  1.660574E-03,  1.348932E+02,  8.809214E-07,  4.782464E-10,  7.543517E-07,  2.311610E-11,  2.436862E-06, -7.314373E+01,  1.496059E-01,  4.167294E-01,  1.012852E-05,  1.349041E+02,  1.042648E-08,  2.232606E-12,  4.601596E-09,  5.435350E-14,  2.308445E-08
  1.424575E+00, -4.618887E+01,  2.617328E-01,  7.290607E-01,  2.459120E-02,  4.617601E+01,  9.189482E-06,  2.449848E-08,  3.822625E-06,  6.880996E-10,  2.525078E-05, -4.990062E+01,  4.414634E-02,  1.501576E-01,  1.442720E-02,  8.238129E+01,  1.001357E-06,  1.214903E-09,  4.001724E-06,  2.828139E-10,  6.293159E-06, -7.313683E+01,  1.496244E-01,  4.167810E-01,  1.703470E-03,  1.348857E+02,  9.006866E-07,  4.960134E-10,  7.737950E-07,  2.405550E-11,  2.494924E-06, -7.314064E+01,  1.496141E-01,  4.167524E-01,  1.106973E-05,  1.348958E+02,  1.126450E-08,  2.454860E-12,  5.028900E-09,  6.045973E-14,  2.501648E-08
  1.431862E+00, -4.618870E+01,  2.617337E-01,  7.290633E-01,  2.453985E-02,  4.617544E+01,  9.172786E-06,  2.467917E-08,  3.814599E-06,  6.927243E-10,  2.520247E-05, -4.990031E+01,  4.414664E-02,  1.501586E-01,  1.449479E-02,  8.238108E+01,  1.005437E-06,  1.234727E-09,  4.020457E-06,  2.876931E-10,  6.321650E-06, -7.313420E+01,  1.496314E-01,  4.168006E-01,  1.746687E-03,  1.348786E+02,  9.205339E-07,  5.141718E-10,  7.933842E-07,  2.501868E-11,  2.553314E-06, -7.313776E+01,  1.496218E-01,  4.167739E-01,  1.207704E-05,  1.348882E+02,  1.215117E-08,  2.694607E-12,  5.486199E-09,  6.712120E-14,  2.706759E-08
  1.439148E+00, -4.618854E+01,  2.617346E-01,  7.290656E-01,  2.448819E-02,  4.617490E+01,  9.155984E-06,  2.485952E-08,  3.806528E-06,  6.973391E-10,  2.515386E-05, -4.990001E+01,  4.414693E-02,  1.501596E-01,  1.456097E-02,  8.238089E+01,  1.009430E-06,  1.254630E-09,  4.038802E-06,  2.925944E-10,  6.349547E-06, -7.313174E+01,  1.496380E-01,  4.168189E-01,  1.790213E-03,  1.348721E+02,  9.404587E-07,  5.327232E-10,  8.131145E-07,  2.600580E-11,  2.612017E-06, -7.313507E+01,  1.496291E-01,  4.167940E-01,  1.315342E-05,  1.348810E+02,  1.308809E-08,  2.952840E-12,  5.974847E-09,  7.437599E-14,  2.924218E-08
  1.446434E+00, -4.618838E+01,  2.617354E-01,  7.290679E-01,  2.443624E-02,  4.617440E+01,  9.139080E-06,  2.503953E-08,  3.798413E-06,  7.019441E-10,  2.510497E-05, -4.989974E+01,  4.414719E-02,  1.501605E-01,  1.462578E-02,  8.238071E+01,  1.013338E-06,  1.274610E-09,  4.056763E-06,  2.975175E-10,  6.376858E-06, -7.312944E+01,  1.496442E-01,  4.168361E-01,  1.834037E-03,  1.348660E+02,  9.604562E-07,  5.516689E-10,  8.329807E-07,  2.701705E-11,  2.671020E-06, -7.313256E+01,  1.496358E-01,  4.168128E-01,  1.430191E-05,  1.348743E+02,  1.407685E-08,  3.230580E-12,  6.496216E-09,  8.226382E-14,  3.154466E-08
  1.453720E+00, -4.618824E+01,  2.617361E-01,  7.290700E-01,  2.438399E-02,  4.617393E+01,  9.122079E-06,  2.521921E-08,  3.790257E-06,  7.065391E-10,  2.505579E-05, -4.989948E+01,  4.414744E-02,  1.501614E-01,  1.468921E-02,  8.238054E+01,  1.017160E-06,  1.294665E-09,  4.074346E-06,  3.024619E-10,  6.403590E-06, -7.312729E+01,  1.496499E-01,  4.168521E-01,  1.878147E-03,  1.348602E+02,  9.805220E-07,  5.710104E-10,  8.529779E-07,  2.805256E-11,  2.730309E-06, -7.313020E+01,  1.496421E-01,  4.168304E-01,  1.552556E-05,  1.348680E+02,  1.511902E-08,  3.528882E-12,  7.051695E-09,  9.082610E-14,  3.397946E-08
  1.461006E+00, -4.618811E+01,  2.617368E-01,  7.290719E-01,  2.433148E-02,  4.617349E+01,  9.104984E-06,  2.539855E-08,  3.782061E-06,  7.111241E-10,  2.500635E-05, -4.989924E+01,  4.414767E-02,  1.501622E-01,  1.475130E-02,  8.238038E+01,  1.020900E-06,  1.314793E-09,  4.091556E-06,  3.074272E-10,  6.429753E-06, -7.312529E+01,  1.496553E-01,  4.168671E-01,  1.922533E-03,  1.348549E+02,  1.000652E-06,  5.907488E-10,  8.731011E-07,  2.911250E-11,  2.789869E-06, -7.312801E+01,  1.496480E-01,  4.168468E-01,  1.682746E-05,  1.348621E+02,  1.621619E-08,  3.848831E-12,  7.642686E-09,  1.001060E-13,  3.655099E-08
  1.468292E+00, -4.618798E+01,  2.617375E-01,  7.290737E-01,  2.427870E-02,  4.617307E+01,  9.087799E-06,  2.557754E-08,  3.773826E-06,  7.156991E-10,  2.495665E-05, -4.989902E+01,  4.414789E-02,  1.501629E-01,  1.481206E-02,  8.238024E+01,  1.024557E-06,  1.334994E-09,  4.108397E-06,  3.124128E-10,  6.455352E-06, -7.312341E+01,  1.496603E-01,  4.168811E-01,  1.967185E-03,  1.348499E+02,  1.020841E-06,  6.108853E-10,  8.933455E-07,  3.019701E-11,  2.849687E-06, -7.312595E+01,  1.496535E-01,  4.168621E-01,  1.821074E-05,  1.348567E+02,  1.736991E-08,  4.191542E-12,  8.270606E-09,  1.101482E-13,  3.926369E-08
  1.475578E+00, -4.618786E+01,  2.617381E-01,  7.290755E-01,  2.422567E-02,  4.617268E+01,  9.070528E-06,  2.575619E-08,  3.765555E-06,  7.202639E-10,  2.490671E-05, -4.989880E+01,  4.414810E-02,  1.501636E-01,  1.487150E-02,  8.238010E+01,  1.028134E-06,  1.355264E-09,  4.124874E-06,  3.174184E-10,  6.480396E-06, -7.312166E+01,  1.496650E-01,  4.168942E-01,  2.012092E-03,  1.348452E+02,  1.041085E-06,  6.314211E-10,  9.137062E-07,  3.130623E-11,  2.909750E-06, -7.312404E+01,  1.496587E-01,  4.168765E-01,  1.967854E-05,  1.348515E+02,  1.858174E-08,  4.558161E-12,  8.936882E-09,  1.209995E-13,  4.212197E-08
  1.482865E+00, -4.618775E+01,  2.617387E-01,  7.290771E-01,  2.417240E-02,  4.617232E+01,  9.053173E-06,  2.593450E-08,  3.757249E-06,  7.248186E-10,  2.485653E-05, -4.989861E+01,  4.414829E-02,  1.501642E-01,  1.492965E-02,  8.237997E+01,  1.031630E-06,  1.375604E-09,  4.140992E-06,  3.224435E-10,  6.504893E-06, -7.312002E+01,  1.496694E-01,  4.169065E-01,  2.057242E-03,  1.348408E+02,  1.061380E-06,  6.523570E-10,  9.341784E-07,  3.244030E-11,  2.970044E-06, -7.312224E+01,  1.496635E-01,  4.168899E-01,  2.123402E-05,  1.348467E+02,  1.985320E-08,  4.949866E-12,  9.642950E-09,  1.327080E-13,  4.513026E-08
  1.490151E+00, -4.618765E+01,  2.617392E-01,  7.290786E-01,  2.411890E-02,  4.617198E+01,  9.035739E-06,  2.611246E-08,  3.748909E-06,  7.293632E-10,  2.480613E-05, -4.989842E+01,  4.414847E-02,  1.501649E-01,  1.498653E-02,  8.237984E+01,  1.035048E-06,  1.396010E-09,  4.156757E-06,  3.274878E-10,  6.528849E-06, -7.311849E+01,  1.496735E-01,  4.169179E-01,  2.102626E-03,  1.348367E+02,  1.081722E-06,  6.736941E-10,  9.547574E-07,  3.359935E-11,  3.030556E-06, -7.312056E+01,  1.496680E-01,  4.169024E-01,  2.288036E-05,  1.348423E+02,  2.118582E-08,  5.367861E-12,  1.039026E-08,  1.453239E-13,  4.829293E-08
  1.497437E+00, -4.618755E+01,  2.617397E-01,  7.290800E-01,  2.406519E-02,  4.617166E+01,  9.018229E-06,  2.629008E-08,  3.740537E-06,  7.338975E-10,  2.475552E-05, -4.989825E+01,  4.414863E-02,  1.501654E-01,  1.504213E-02,  8.237973E+01,  1.038389E-06,  1.416482E-09,  4.172171E-06,  3.325506E-10,  6.552272E-06, -7.311706E+01,  1.496774E-01,  4.169286E-01,  2.148234E-03,  1.348329E+02,  1.102106E-06,  6.954332E-10,  9.754384E-07,  3.478351E-11,  3.091274E-06, -7.311900E+01,  1.496722E-01,  4.169141E-01,  2.462077E-05,  1.348381E+02,  2.258110E-08,  5.813385E-12,  1.118025E-08,  1.588990E-13,  5.161436E-08
  1.500000E+00, -4.618752E+01,  2.617399E-01,  7.290805E-01,  2.404627E-02,  4.617155E+01,  9.012060E-06,  2.635252E-08,  3.737588E-06,  7.354914E-10,  2.473769E-05, -4.989819E+01,  4.414869E-02,  1.501656E-01,  1.506154E-02,  8.237969E+01,  1.039554E-06,  1.423692E-09,  4.177551E-06,  3.343340E-10,  6.560447E-06, -7.311657E+01,  1.496787E-01,  4.169323E-01,  2.164313E-03,  1.348316E+02,  1.109280E-06,  7.031304E-10,  9.827295E-07,  3.520319E-11,  3.112658E-06, -7.311846E+01,  1.496736E-01,  4.169181E-01,  2.524614E-05,  1.348366E+02,  2.307928E-08,  5.973571E-12,  1.146411E-08,  1.637958E-13,  5.280266E-08
  1.503845E+00, -4.618747E+01,  2.617401E-01,  7.290812E-01,  2.401782E-02,  4.617139E+01,  9.002785E-06,  2.644608E-08,  3.733156E-06,  7.378793E-10,  2.471088E-05, -4.989810E+01,  4.414878E-02,  1.501659E-01,  1.509031E-02,  8.237964E+01,  1.041281E-06,  1.434525E-09,  4.185525E-06,  3.370141E-10,  6.572561E-06, -7.311586E+01,  1.496806E-01,  4.169376E-01,  2.188488E-03,  1.348297E+02,  1.120052E-06,  7.147884E-10,  9.936921E-07,  3.583973E-11,  3.144789E-06, -7.311768E+01,  1.496757E-01,  4.169239E-01,  2.621071E-05,  1.348346E+02,  2.384455E-08,  6.221817E-12,  1.190193E-08,  1.714214E-13,  5.463041E-08
  1.509612E+00, -4.618740E+01,  2.617405E-01,  7.290822E-01,  2.397503E-02,  4.617116E+01,  8.988830E-06,  2.658620E-08,  3.726490E-06,  7.414547E-10,  2.467055E-05, -4.989798E+01,  4.414890E-02,  1.501663E-01,  1.513268E-02,  8.237955E+01,  1.043825E-06,  1.450814E-09,  4.197271E-06,  3.410455E-10,  6.590407E-06, -7.311485E+01,  1.496833E-01,  4.169451E-01,  2.224872E-03,  1.348270E+02,  1.136235E-06,  7.325279E-10,  1.010192E-06,  3.681039E-11,  3.193100E-06, -7.311658E+01,  1.496787E-01,  4.169322E-01,  2.771871E-05,  1.348316E+02,  2.503371E-08,  6.612756E-12,  1.258642E-08,  1.835177E-13,  5.747610E-08
  1.518263E+00, -4.618731E+01,  2.617410E-01,  7.290836E-01,  2.391058E-02,  4.617085E+01,  8.967803E-06,  2.679589E-08,  3.716450E-06,  7.468033E-10,  2.460979E-05, -4.989781E+01,  4.414906E-02,  1.501669E-01,  1.519453E-02,  8.237944E+01,  1.047535E-06,  1.475333E-09,  4.214416E-06,  3.471172E-10,  6.616455E-06, -7.311345E+01,  1.496871E-01,  4.169556E-01,  2.279707E-03,  1.348233E+02,  1.160559E-06,  7.597066E-10,  1.035060E-06,  3.830222E-11,  3.265807E-06, -7.311504E+01,  1.496828E-01,  4.169437E-01,  3.012327E-05,  1.348275E+02,  2.691272E-08,  7.243178E-12,  1.367785E-08,  2.032355E-13,  6.198577E-08
  1.526913E+00, -4.618722E+01,  2.617415E-01,  7.290849E-01,  2.384588E-02,  4.617056E+01,  8.946686E-06,  2.700508E-08,  3.706373E-06,  7.521373E-10,  2.454878E-05, -4.989765E+01,  4.414921E-02,  1.501674E-01,  1.525470E-02,  8.237934E+01,  1.051143E-06,  1.499937E-09,  4.231094E-06,  3.532129E-10,  6.641792E-06, -7.311215E+01,  1.496905E-01,  4.169653E-01,  2.334800E-03,  1.348198E+02,  1.184922E-06,  7.874557E-10,  1.060046E-06,  3.983005E-11,  3.338733E-06, -7.311363E+01,  1.496866E-01,  4.169542E-01,  3.267863E-05,  1.348237E+02,  2.888831E-08,  7.919876E-12,  1.483773E-08,  2.246253E-13,  6.674368E-08
  1.535564E+00, -4.618714E+01,  2.617419E-01,  7.290861E-01,  2.378094E-02,  4.617029E+01,  8.925484E-06,  2.721376E-08,  3.696262E-06,  7.574567E-10,  2.448753E-05, -4.989751E+01,  4.414935E-02,  1.501679E-01,  1.531321E-02,  8.237924E+01,  1.054650E-06,  1.524622E-09,  4.247315E-06,  3.593319E-10,  6.666430E-06, -7.311096E+01,  1.496937E-01,  4.169742E-01,  2.390135E-03,  1.348166E+02,  1.209317E-06,  8.157759E-10,  1.085142E-06,  4.139405E-11,  3.411858E-06, -7.311232E+01,  1.496901E-01,  4.169640E-01,  3.539017E-05,  1.348203E+02,  3.096282E-08,  8.645165E-12,  1.606849E-08,  2.477892E-13,  7.175686E-08
  1.544215E+00, -4.618706E+01,  2.617423E-01,  7.290872E-01,  2.371577E-02,  4.617004E+01,  8.904203E-06,  2.742195E-08,  3.686117E-06,  7.627613E-10,  2.442605E-05, -4.989737E+01,  4.414948E-02,  1.501683E-01,  1.537009E-02,  8.237915E+01,  1.058058E-06,  1.549387E-09,  4.263084E-06,  3.654736E-10,  6.690383E-06, -7.310986E+01,  1.496967E-01,  4.169824E-01,  2.445696E-03,  1.348137E+02,  1.233738E-06,  8.446678E-10,  1.110342E-06,  4.299435E-11,  3.485163E-06, -7.311111E+01,  1.496933E-01,  4.169730E-01,  3.826325E-05,  1.348170E+02,  3.313850E-08,  9.421416E-12,  1.737256E-08,  2.728330E-13,  7.703225E-08
  1.552865E+00, -4.618699E+01,  2.617427E-01,  7.290882E-01,  2.365040E-02,  4.616981E+01,  8.882846E-06,  2.762964E-08,  3.675942E-06,  7.680513E-10,  2.436437E-05, -4.989725E+01,  4.414960E-02,  1.501687E-01,  1.542538E-02,  8.237907E+01,  1.061368E-06,  1.574229E-09,  4.278409E-06,  3.716373E-10,  6.713660E-06, -7.310884E+01,  1.496994E-01,  4.169900E-01,  2.501467E-03,  1.348110E+02,  1.258178E-06,  8.741319E-10,  1.135638E-06,  4.463111E-11,  3.558629E-06, -7.311000E+01,  1.496963E-01,  4.169814E-01,  4.130322E-05,  1.348141E+02,  3.541756E-08,  1.025105E-11,  1.875237E-08,  2.998659E-13,  8.257666E-08
  1.561516E+00, -4.618693E+01,  2.617430E-01,  7.290892E-01,  2.358484E-02,  4.616959E+01,  8.861418E-06,  2.783681E-08,  3.665738E-06,  7.733264E-10,  2.430249E-05, -4.989713E+01,  4.414972E-02,  1.501691E-01,  1.547909E-02,  8.237900E+01,  1.064582E-06,  1.599146E-09,  4.293298E-06,  3.778224E-10,  6.736273E-06, -7.310790E+01,  1.497019E-01,  4.169971E-01,  2.557434E-03,  1.348084E+02,  1.282633E-06,  9.041684E-10,  1.161024E-06,  4.630445E-11,  3.632238E-06, -7.310897E+01,  1.496991E-01,  4.169891E-01,  4.451541E-05,  1.348113E+02,  3.780216E-08,  1.113654E-11,  2.021035E-08,  3.290004E-13,  8.839683E-08
  1.570166E+00, -4.618687E+01,  2.617433E-01,  7.290900E-01,  2.351909E-02,  4.616939E+01,  8.839923E-06,  2.804349E-08,  3.655508E-06,  7.785867E-10,  2.424043E-05, -4.989703E+01,  4.414982E-02,  1.501695E-01,  1.553125E-02,  8.237893E+01,  1.067703E-06,  1.624136E-09,  4.307758E-06,  3.840282E-10,  6.758233E-06, -7.310703E+01,  1.497043E-01,  4.170036E-01,  2.613580E-03,  1.348061E+02,  1.307097E-06,  9.347777E-10,  1.186491E-06,  4.801448E-11,  3.705971E-06, -7.310802E+01,  1.497016E-01,  4.169962E-01,  4.790509E-05,  1.348088E+02,  4.029440E-08,  1.208040E-11,  2.174888E-08,  3.603528E-13,  9.449935E-08
  1.578817E+00, -4.618681E+01,  2.617436E-01,  7.290908E-01,  2.345318E-02,  4.616921E+01,  8.818365E-06,  2.824965E-08,  3.645253E-06,  7.838322E-10,  2.417820E-05, -4.989693E+01,  4.414992E-02,  1.501698E-01,  1.558189E-02,  8.237886E+01,  1.070730E-06,  1.649196E-09,  4.321797E-06,  3.902542E-10,  6.779552E-06, -7.310623E+01,  1.497064E-01,  4.170096E-01,  2.669891E-03,  1.348040E+02,  1.331564E-06,  9.659596E-10,  1.212035E-06,  4.976132E-11,  3.779811E-06, -7.310714E+01,  1.497040E-01,  4.170027E-01,  5.147751E-05,  1.348064E+02,  4.289630E-08,  1.308521E-11,  2.337035E-08,  3.940425E-13,  1.008907E-07
  1.591793E+00, -4.618674E+01,  2.617440E-01,  7.290919E-01,  2.335397E-02,  4.616896E+01,  8.785903E-06,  2.855775E-08,  3.629819E-06,  7.916669E-10,  2.408450E-05, -4.989680E+01,  4.415004E-02,  1.501702E-01,  1.565450E-02,  8.237878E+01,  1.075070E-06,  1.686938E-09,  4.341928E-06,  3.996366E-10,  6.810124E-06, -7.310515E+01,  1.497093E-01,  4.170176E-01,  2.754651E-03,  1.348011E+02,  1.368266E-06,  1.014021E-09,  1.250484E-06,  5.246468E-11,  3.890753E-06, -7.310597E+01,  1.497071E-01,  4.170115E-01,  5.725522E-05,  1.348033E+02,  4.705565E-08,  1.473856E-11,  2.599277E-08,  4.502475E-13,  1.111483E-07
  1.604769E+00, -4.618667E+01,  2.617444E-01,  7.290929E-01,  2.325446E-02,  4.616875E+01,  8.753325E-06,  2.886469E-08,  3.614342E-06,  7.994679E-10,  2.399049E-05, -4.989668E+01,  4.415016E-02,  1.501706E-01,  1.572386E-02,  8.237870E+01,  1.079213E-06,  1.724825E-09,  4.361156E-06,  4.090603E-10,  6.839324E-06, -7.310420E+01,  1.497119E-01,  4.170247E-01,  2.839688E-03,  1.347986E+02,  1.404941E-06,  1.063371E-09,  1.289061E-06,  5.525141E-11,  4.001821E-06, -7.310493E+01,  1.497099E-01,  4.170193E-01,  6.347763E-05,  1.348005E+02,  5.147456E-08,  1.654716E-11,  2.881703E-08,  5.125591E-13,  1.220968E-07
  1.617745E+00, -4.618661E+01,  2.617447E-01,  7.290938E-01,  2.315470E-02,  4.616855E+01,  8.720645E-06,  2.917048E-08,  3.598826E-06,  8.072353E-10,  2.389620E-05, -4.989657E+01,  4.415026E-02,  1.501709E-01,  1.579005E-02,  8.237863E+01,  1.083164E-06,  1.762850E-09,  4.379505E-06,  4.185236E-10,  6.867188E-06, -7.310335E+01,  1.497141E-01,  4.170310E-01,  2.924957E-03,  1.347963E+02,  1.441573E-06,  1.114006E-09,  1.327744E-06,  5.812175E-11,  4.112961E-06, -7.310400E+01,  1.497124E-01,  4.170262E-01,  7.016150E-05,  1.347980E+02,  5.615890E-08,  1.852033E-11,  3.185073E-08,  5.814302E-13,  1.337560E-07
  1.630721E+00, -4.618656E+01,  2.617449E-01,  7.290945E-01,  2.305471E-02,  4.616837E+01,  8.687874E-06,  2.947511E-08,  3.583278E-06,  8.149688E-10,  2.380167E-05, -4.989648E+01,  4.415035E-02,  1.501713E-01,  1.585314E-02,  8.237857E+01,  1.086929E-06,  1.801006E-09,  4.396996E-06,  4.280245E-10,  6.893750E-06, -7.310260E+01,  1.497162E-01,  4.170367E-01,  3.010412E-03,  1.347943E+02,  1.478146E-06,  1.165926E-09,  1.366513E-06,  6.107587E-11,  4.224122E-06, -7.310317E+01,  1.497146E-01,  4.170324E-01,  7.732320E-05,  1.347958E+02,  6.111420E-08,  2.066761E-11,  3.510130E-08,  6.573298E-13,  1.461448E-07
  1.643697E+00, -4.618651E+01,  2.617452E-01,  7.290952E-01,  2.295454E-02,  4.616822E+01,  8.655023E-06,  2.977858E-08,  3.567702E-06,  8.226686E-10,  2.370694E-05, -4.989640E+01,  4.415043E-02,  1.501715E-01,  1.591322E-02,  8.237851E+01,  1.090511E-06,  1.839287E-09,  4.413652E-06,  4.375612E-10,  6.919044E-06, -7.310193E+01,  1.497180E-01,  4.170417E-01,  3.096011E-03,  1.347925E+02,  1.514645E-06,  1.219127E-09,  1.405349E-06,  6.411392E-11,  4.335252E-06, -7.310244E+01,  1.497166E-01,  4.170379E-01,  8.497865E-05,  1.347939E+02,  6.634561E-08,  2.299867E-11,  3.857597E-08,  7.407423E-13,  1.592811E-07
  1.656673E+00, -4.618647E+01,  2.617454E-01,  7.290959E-01,  2.285421E-02,  4.616808E+01,  8.622102E-06,  3.008088E-08,  3.552104E-06,  8.303344E-10,  2.361202E-05, -4.989632E+01,  4.415050E-02,  1.501718E-01,  1.597036E-02,  8.237846E+01,  1.093917E-06,  1.877687E-09,  4.429494E-06,  4.471321E-10,  6.943102E-06, -7.310133E+01,  1.497196E-01,  4.170462E-01,  3.181712E-03,  1.347909E+02,  1.551056E-06,  1.273606E-09,  1.444231E-06,  6.723600E-11,  4.446304E-06, -7.310178E+01,  1.497184E-01,  4.170428E-01,  9.314333E-05,  1.347921E+02,  7.185792E-08,  2.552340E-11,  4.228176E-08,  8.321674E-13,  1.731822E-07
  1.669649E+00, -4.618643E+01,  2.617456E-01,  7.290964E-01,  2.275375E-02,  4.616796E+01,  8.589122E-06,  3.038202E-08,  3.536487E-06,  8.379664E-10,  2.351695E-05, -4.989626E+01,  4.415057E-02,  1.501720E-01,  1.602464E-02,  8.237842E+01,  1.097151E-06,  1.916200E-09,  4.444543E-06,  4.567352E-10,  6.965958E-06, -7.310080E+01,  1.497210E-01,  4.170501E-01,  3.267474E-03,  1.347895E+02,  1.587366E-06,  1.329361E-09,  1.483142E-06,  7.044217E-11,  4.557230E-06, -7.310120E+01,  1.497199E-01,  4.170471E-01,  1.018322E-04,  1.347906E+02,  7.765556E-08,  2.825181E-11,  4.622545E-08,  9.321195E-13,  1.878642E-07
  1.682625E+00, -4.618640E+01,  2.617458E-01,  7.290969E-01,  2.265321E-02,  4.616785E+01,  8.556092E-06,  3.068199E-08,  3.520857E-06,  8.455643E-10,  2.342176E-05, -4.989620E+01,  4.415062E-02,  1.501722E-01,  1.607613E-02,  8.237838E+01,  1.100218E-06,  1.954819E-09,  4.458819E-06,  4.663691E-10,  6.987641E-06, -7.310032E+01,  1.497223E-01,  4.170537E-01,  3.353259E-03,  1.347882E+02,  1.623562E-06,  1.386386E-09,  1.522064E-06,  7.373245E-11,  4.667987E-06, -7.310068E+01,  1.497213E-01,  4.170510E-01,  1.110596E-04,  1.347892E+02,  8.374258E-08,  3.119408E-11,  5.041360E-08,  1.041127E-12,  2.033425E-07
  1.695601E+00, -4.618637E+01,  2.617459E-01,  7.290973E-01,  2.255259E-02,  4.616775E+01,  8.523021E-06,  3.098079E-08,  3.505217E-06,  8.531283E-10,  2.332648E-05, -4.989615E+01,  4.415067E-02,  1.501724E-01,  1.612491E-02,  8.237835E+01,  1.103122E-06,  1.993540E-09,  4.472343E-06,  4.760320E-10,  7.008184E-06, -7.309990E+01,  1.497234E-01,  4.170568E-01,  3.439028E-03,  1.347871E+02,  1.659631E-06,  1.444677E-09,  1.560980E-06,  7.710683E-11,  4.778531E-06, -7.310022E+01,  1.497225E-01,  4.170544E-01,  1.208394E-04,  1.347880E+02,  9.012267E-08,  3.436048E-11,  5.485247E-08,  1.159732E-12,  2.196315E-07
  1.708577E+00, -4.618634E+01,  2.617461E-01,  7.290977E-01,  2.245194E-02,  4.616766E+01,  8.489918E-06,  3.127842E-08,  3.489573E-06,  8.606584E-10,  2.323113E-05, -4.989610E+01,  4.415072E-02,  1.501725E-01,  1.617104E-02,  8.237832E+01,  1.105867E-06,  2.032356E-09,  4.485133E-06,  4.857224E-10,  7.027616E-06, -7.309953E+01,  1.497244E-01,  4.170596E-01,  3.524745E-03,  1.347861E+02,  1.695562E-06,  1.504229E-09,  1.599873E-06,  8.056525E-11,  4.888821E-06, -7.309981E+01,  1.497236E-01,  4.170575E-01,  1.311849E-04,  1.347869E+02,  9.679915E-08,  3.776144E-11,  5.954810E-08,  1.288490E-12,  2.367445E-07
  1.721553E+00, -4.618632E+01,  2.617462E-01,  7.290981E-01,  2.235128E-02,  4.616758E+01,  8.456792E-06,  3.157488E-08,  3.473926E-06,  8.681544E-10,  2.313573E-05, -4.989606E+01,  4.415076E-02,  1.501726E-01,  1.621460E-02,  8.237829E+01,  1.108458E-06,  2.071262E-09,  4.497210E-06,  4.954387E-10,  7.045966E-06, -7.309919E+01,  1.497253E-01,  4.170621E-01,  3.610375E-03,  1.347852E+02,  1.731343E-06,  1.565038E-09,  1.638728E-06,  8.410764E-11,  4.998818E-06, -7.309945E+01,  1.497246E-01,  4.170602E-01,  1.421087E-04,  1.347859E+02,  1.037750E-07,  4.140747E-11,  6.450621E-08,  1.427967E-12,  2.546941E-07
  1.734529E+00, -4.618630E+01,  2.617463E-01,  7.290984E-01,  2.225062E-02,  4.616751E+01,  8.423650E-06,  3.187017E-08,  3.458283E-06,  8.756165E-10,  2.304031E-05, -4.989602E+01,  4.415079E-02,  1.501728E-01,  1.625566E-02,  8.237827E+01,  1.110899E-06,  2.110254E-09,  4.508592E-06,  5.051795E-10,  7.063263E-06, -7.309890E+01,  1.497261E-01,  4.170644E-01,  3.695885E-03,  1.347844E+02,  1.766964E-06,  1.627096E-09,  1.677528E-06,  8.773386E-11,  5.108483E-06, -7.309912E+01,  1.497255E-01,  4.170627E-01,  1.536229E-04,  1.347850E+02,  1.110527E-07,  4.530917E-11,  6.973227E-08,  1.578744E-12,  2.734916E-07
  1.747505E+00, -4.618628E+01,  2.617464E-01,  7.290986E-01,  2.215000E-02,  4.616745E+01,  8.390500E-06,  3.216429E-08,  3.442645E-06,  8.830446E-10,  2.294489E-05, -4.989599E+01,  4.415083E-02,  1.501729E-01,  1.629427E-02,  8.237824E+01,  1.113195E-06,  2.149325E-09,  4.519297E-06,  5.149432E-10,  7.079535E-06, -7.309863E+01,  1.497268E-01,  4.170663E-01,  3.781241E-03,  1.347837E+02,  1.802414E-06,  1.690400E-09,  1.716259E-06,  9.144378E-11,  5.217781E-06, -7.309883E+01,  1.497263E-01,  4.170648E-01,  1.657387E-04,  1.347842E+02,  1.186346E-07,  4.947722E-11,  7.523143E-08,  1.741411E-12,  2.931476E-07
  1.760481E+00, -4.618626E+01,  2.617465E-01,  7.290989E-01,  2.204944E-02,  4.616739E+01,  8.357349E-06,  3.245723E-08,  3.427017E-06,  8.904387E-10,  2.284949E-05, -4.989596E+01,  4.415086E-02,  1.501730E-01,  1.633050E-02,  8.237822E+01,  1.115348E-06,  2.188470E-09,  4.529344E-06,  5.247284E-10,  7.094809E-06, -7.309840E+01,  1.497274E-01,  4.170681E-01,  3.866413E-03,  1.347831E+02,  1.837684E-06,  1.754941E-09,  1.754907E-06,  9.523720E-11,  5.326677E-06, -7.309858E+01,  1.497270E-01,  4.170668E-01,  1.784669E-04,  1.347836E+02,  1.265225E-07,  5.392238E-11,  8.100854E-08,  1.916568E-12,  3.136716E-07
  1.773457E+00, -4.618625E+01,  2.617466E-01,  7.290991E-01,  2.194896E-02,  4.616734E+01,  8.324204E-06,  3.274901E-08,  3.411401E-06,  8.977990E-10,  2.275413E-05, -4.989593E+01,  4.415088E-02,  1.501731E-01,  1.636443E-02,  8.237821E+01,  1.117363E-06,  2.227686E-09,  4.538749E-06,  5.345338E-10,  7.109113E-06, -7.309819E+01,  1.497280E-01,  4.170697E-01,  3.951371E-03,  1.347825E+02,  1.872765E-06,  1.820713E-09,  1.793458E-06,  9.911392E-11,  5.435138E-06, -7.309835E+01,  1.497276E-01,  4.170685E-01,  1.918176E-04,  1.347829E+02,  1.347180E-07,  5.865545E-11,  8.706818E-08,  2.104826E-12,  3.350722E-07
  1.792921E+00, -4.618623E+01,  2.617467E-01,  7.290994E-01,  2.179846E-02,  4.616728E+01,  8.274526E-06,  3.318403E-08,  3.388014E-06,  9.087632E-10,  2.261124E-05, -4.989590E+01,  4.415091E-02,  1.501732E-01,  1.641031E-02,  8.237818E+01,  1.120089E-06,  2.286651E-09,  4.551471E-06,  5.492827E-10,  7.128470E-06, -7.309792E+01,  1.497287E-01,  4.170716E-01,  4.078186E-03,  1.347818E+02,  1.924948E-06,  1.922119E-09,  1.851003E-06,  1.051155E-10,  5.596747E-06, -7.309806E+01,  1.497284E-01,  4.170706E-01,  2.132426E-04,  1.347822E+02,  1.477178E-07,  6.644006E-11,  9.679263E-08,  2.418751E-12,  3.691685E-07
  1.812385E+00, -4.618621E+01,  2.617468E-01,  7.290996E-01,  2.164827E-02,  4.616723E+01,  8.224903E-06,  3.361643E-08,  3.364675E-06,  9.196513E-10,  2.246857E-05, -4.989587E+01,  4.415094E-02,  1.501733E-01,  1.645140E-02,  8.237817E+01,  1.122528E-06,  2.345743E-09,  4.562862E-06,  5.640682E-10,  7.145812E-06, -7.309770E+01,  1.497293E-01,  4.170733E-01,  4.204338E-03,  1.347812E+02,  1.976649E-06,  2.026247E-09,  1.908249E-06,  1.113026E-10,  5.757177E-06, -7.309781E+01,  1.497290E-01,  4.170725E-01,  2.361236E-04,  1.347815E+02,  1.614150E-07,  7.494641E-11,  1.071780E-07,  2.766355E-12,  4.052794E-07
  1.831849E+00, -4.618620E+01,  2.617468E-01,  7.290998E-01,  2.149844E-02,  4.616718E+01,  8.175355E-06,  3.404619E-08,  3.341392E-06,  9.304636E-10,  2.232617E-05, -4.989585E+01,  4.415096E-02,  1.501733E-01,  1.648787E-02,  8.237815E+01,  1.124693E-06,  2.404946E-09,  4.572975E-06,  5.788860E-10,  7.161220E-06, -7.309751E+01,  1.497298E-01,  4.170747E-01,  4.329743E-03,  1.347807E+02,  2.027844E-06,  2.133070E-09,  1.965156E-06,  1.176741E-10,  5.916339E-06, -7.309760E+01,  1.497296E-01,  4.170740E-01,  2.604844E-04,  1.347810E+02,  1.758096E-07,  8.421126E-11,  1.182350E-07,  3.149817E-12,  4.434196E-07
  1.851313E+00, -4.618619E+01,  2.617469E-01,  7.291000E-01,  2.134902E-02,  4.616715E+01,  8.125900E-06,  3.447334E-08,  3.318174E-06,  9.412003E-10,  2.218408E-05, -4.989583E+01,  4.415098E-02,  1.501734E-01,  1.651992E-02,  8.237814E+01,  1.126595E-06,  2.464248E-09,  4.581861E-06,  5.937322E-10,  7.174773E-06, -7.309735E+01,  1.497303E-01,  4.170759E-01,  4.454322E-03,  1.347803E+02,  2.078512E-06,  2.242560E-09,  2.021689E-06,  1.242289E-10,  6.074148E-06, -7.309743E+01,  1.497300E-01,  4.170753E-01,  2.863451E-04,  1.347805E+02,  1.909003E-07,  9.427125E-11,  1.299727E-07,  3.571344E-12,  4.835990E-07
  1.870777E+00, -4.618618E+01,  2.617469E-01,  7.291001E-01,  2.120007E-02,  4.616711E+01,  8.076552E-06,  3.489787E-08,  3.295029E-06,  9.518616E-10,  2.204236E-05, -4.989581E+01,  4.415100E-02,  1.501735E-01,  1.654773E-02,  8.237813E+01,  1.128244E-06,  2.523635E-09,  4.589570E-06,  6.086030E-10,  7.186544E-06, -7.309722E+01,  1.497306E-01,  4.170769E-01,  4.578001E-03,  1.347799E+02,  2.128632E-06,  2.354688E-09,  2.077813E-06,  1.309655E-10,  6.230528E-06, -7.309728E+01,  1.497304E-01,  4.170764E-01,  3.137224E-04,  1.347801E+02,  2.066842E-07,  1.051629E-10,  1.423989E-07,  4.033168E-12,  5.258229E-07
  1.890241E+00, -4.618617E+01,  2.617470E-01,  7.291003E-01,  2.105162E-02,  4.616709E+01,  8.027329E-06,  3.531979E-08,  3.271962E-06,  9.624477E-10,  2.190105E-05, -4.989580E+01,  4.415101E-02,  1.501735E-01,  1.657145E-02,  8.237812E+01,  1.129651E-06,  2.583094E-09,  4.596148E-06,  6.234947E-10,  7.196605E-06, -7.309710E+01,  1.497309E-01,  4.170778E-01,  4.700713E-03,  1.347796E+02,  2.178187E-06,  2.469424E-09,  2.133500E-06,  1.378825E-10,  6.385407E-06, -7.309716E+01,  1.497308E-01,  4.170774E-01,  3.426296E-04,  1.347798E+02,  2.231569E-07,  1.169225E-10,  1.555194E-07,  4.537540E-12,  5.700926E-07
  1.909705E+00, -4.618616E+01,  2.617470E-01,  7.291004E-01,  2.090373E-02,  4.616706E+01,  7.978243E-06,  3.573910E-08,  3.248982E-06,  9.729590E-10,  2.176019E-05, -4.989578E+01,  4.415102E-02,  1.501736E-01,  1.659127E-02,  8.237811E+01,  1.130827E-06,  2.642612E-09,  4.601643E-06,  6.384038E-10,  7.205027E-06, -7.309701E+01,  1.497312E-01,  4.170785E-01,  4.822394E-03,  1.347794E+02,  2.227159E-06,  2.586738E-09,  2.188718E-06,  1.449785E-10,  6.538722E-06, -7.309705E+01,  1.497311E-01,  4.170781E-01,  3.730765E-04,  1.347795E+02,  2.403128E-07,  1.295860E-10,  1.693388E-07,  5.086727E-12,  6.164048E-07
  1.929169E+00, -4.618616E+01,  2.617471E-01,  7.291004E-01,  2.075642E-02,  4.616704E+01,  7.929309E-06,  3.615583E-08,  3.226093E-06,  9.833957E-10,  2.161982E-05, -4.989577E+01,  4.415103E-02,  1.501736E-01,  1.660734E-02,  8.237810E+01,  1.131779E-06,  2.702179E-09,  4.606097E-06,  6.533269E-10,  7.211876E-06, -7.309692E+01,  1.497314E-01,  4.170791E-01,  4.942985E-03,  1.347791E+02,  2.275534E-06,  2.706598E-09,  2.243442E-06,  1.522518E-10,  6.690411E-06, -7.309697E+01,  1.497313E-01,  4.170788E-01,  4.050699E-04,  1.347793E+02,  2.581450E-07,  1.431891E-10,  1.838602E-07,  5.683003E-12,  6.647523E-07
  1.948633E+00, -4.618615E+01,  2.617471E-01,  7.291005E-01,  2.060975E-02,  4.616703E+01,  7.880537E-06,  3.656996E-08,  3.203302E-06,  9.937582E-10,  2.147997E-05, -4.989577E+01,  4.415104E-02,  1.501736E-01,  1.661980E-02,  8.237810E+01,  1.132518E-06,  2.761783E-09,  4.609554E-06,  6.682608E-10,  7.217216E-06, -7.309686E+01,  1.497316E-01,  4.170796E-01,  5.062431E-03,  1.347790E+02,  2.323299E-06,  2.828971E-09,  2.297647E-06,  1.597007E-10,  6.840422E-06, -7.309689E+01,  1.497315E-01,  4.170794E-01,  4.386130E-04,  1.347791E+02,  2.766455E-07,  1.577669E-10,  1.990849E-07,  6.328649E-12,  7.151243E-07
  1.968097E+00, -4.618615E+01,  2.617471E-01,  7.291006E-01,  2.046373E-02,  4.616701E+01,  7.831940E-06,  3.698153E-08,  3.180614E-06,  1.004047E-09,  2.134068E-05, -4.989576E+01,  4.415105E-02,  1.501736E-01,  1.662882E-02,  8.237809E+01,  1.133053E-06,  2.821412E-09,  4.612054E-06,  6.832023E-10,  7.221110E-06, -7.309680E+01,  1.497317E-01,  4.170800E-01,  5.180683E-03,  1.347788E+02,  2.370442E-06,  2.953825E-09,  2.351310E-06,  1.673234E-10,  6.988704E-06, -7.309683E+01,  1.497317E-01,  4.170798E-01,  4.737062E-04,  1.347789E+02,  2.958050E-07,  1.733542E-10,  2.150132E-07,  7.025947E-12,  7.675058E-07
  1.987561E+00, -4.618614E+01,  2.617471E-01,  7.291006E-01,  2.031840E-02,  4.616700E+01,  7.783528E-06,  3.739052E-08,  3.158033E-06,  1.014262E-09,  2.120196E-05, -4.989575E+01,  4.415106E-02,  1.501737E-01,  1.663453E-02,  8.237809E+01,  1.133391E-06,  2.881058E-09,  4.613637E-06,  6.981486E-10,  7.223617E-06, -7.309675E+01,  1.497319E-01,  4.170804E-01,  5.297694E-03,  1.347787E+02,  2.416953E-06,  3.081126E-09,  2.404409E-06,  1.751182E-10,  7.135213E-06, -7.309677E+01,  1.497318E-01,  4.170802E-01,  5.103468E-04,  1.347787E+02,  3.156134E-07,  1.899851E-10,  2.316438E-07,  7.777172E-12,  8.218789E-07
  2.000000E+00, -4.618614E+01,  2.617471E-01,  7.291007E-01,  2.022582E-02,  4.616700E+01,  7.752665E-06,  3.765085E-08,  3.143648E-06,  1.020760E-09,  2.111356E-05, -4.989575E+01,  4.415106E-02,  1.501737E-01,  1.663687E-02,  8.237809E+01,  1.133530E-06,  2.919180E-09,  4.614284E-06,  7.077016E-10,  7.224668E-06, -7.309672E+01,  1.497319E-01,  4.170806E-01,  5.371974E-03,  1.347786E+02,  2.446409E-06,  3.163473E-09,  2.438118E-06,  1.801695E-10,  7.228109E-06, -7.309674E+01,  1.497319E-01,  4.170805E-01,  5.344183E-04,  1.347787E+02,  3.285257E-07,  2.010483E-10,  2.425695E-07,  8.279905E-12,  8.574356E-07
  2.018659E+00, -4.706169E+01,  2.571524E-01,  7.163020E-01,  1.995619E-02,  4.908283E+01,  7.662671E-06,  3.803679E-08,  3.297655E-06,  1.030986E-09,  2.095952E-05, -5.059830E+01,  4.349008E-02,  1.479254E-01,  1.656597E-02,  8.283011E+01,  1.129326E-06,  2.976148E-09,  4.619838E-06,  7.220479E-10,  7.209315E-06, -7.331302E+01,  1.491536E-01,  4.154697E-01,  5.460335E-03,  1.353548E+02,  2.481381E-06,  3.288755E-09,  2.488813E-06,  1.879038E-10,  7.345987E-06, -7.323714E+01,  1.493560E-01,  4.160334E-01,  5.702981E-04,  1.351530E+02,  3.476332E-07,  2.186081E-10,  2.595740E-07,  9.086862E-12,  9.107154E-07
  2.027988E+00, -4.747293E+01,  2.549959E-01,  7.102950E-01,  1.983152E-02,  5.047023E+01,  7.621006E-06,  3.822871E-08,  3.369690E-06,  1.036211E-09,  2.088926E-05, -5.099883E+01,  4.313067E-02,  1.467029E-01,  1.652700E-02,  8.307862E+01,  1.127015E-06,  3.004574E-09,  4.622802E-06,  7.292256E-10,  7.200884E-06, -7.347223E+01,  1.487309E-01,  4.142923E-01,  5.498517E-03,  1.357771E+02,  2.496469E-06,  3.351776E-09,  2.514033E-06,  1.918101E-10,  7.399234E-06, -7.335063E+01,  1.490535E-01,  4.151909E-01,  5.880127E-04,  1.354547E+02,  3.570089E-07,  2.276247E-10,  2.682342E-07,  9.503800E-12,  9.371130E-07
  2.037317E+00, -4.785400E+01,  2.529999E-01,  7.047351E-01,  1.971673E-02,  5.176514E+01,  7.582614E-06,  3.841965E-08,  3.436148E-06,  1.041539E-09,  2.082494E-05, -5.139388E+01,  4.278795E-02,  1.455372E-01,  1.648960E-02,  8.331742E+01,  1.124795E-06,  3.032943E-09,  4.625599E-06,  7.364075E-10,  7.192808E-06, -7.367150E+01,  1.482054E-01,  4.128285E-01,  5.531401E-03,  1.363033E+02,  2.509454E-06,  3.415124E-09,  2.538869E-06,  1.957550E-10,  7.447286E-06, -7.350581E+01,  1.486421E-01,  4.140448E-01,  6.053660E-04,  1.358659E+02,  3.661578E-07,  2.368723E-10,  2.769886E-07,  9.934345E-12,  9.631055E-07
  2.046646E+00, -4.820933E+01,  2.511415E-01,  6.995585E-01,  1.961035E-02,  5.298010E+01,  7.547010E-06,  3.860969E-08,  3.497829E-06,  1.046963E-09,  2.076565E-05, -5.177067E+01,  4.247155E-02,  1.444611E-01,  1.645479E-02,  8.353958E+01,  1.122729E-06,  3.061259E-09,  4.628146E-06,  7.435933E-10,  7.185305E-06, -7.390071E+01,  1.476058E-01,  4.111584E-01,  5.559826E-03,  1.369055E+02,  2.520669E-06,  3.478755E-09,  2.563189E-06,  1.997377E-10,  7.490840E-06, -7.369646E+01,  1.481399E-01,  4.126459E-01,  6.222895E-04,  1.363691E+02,  3.750473E-07,  2.463444E-10,  2.857863E-07,  1.037856E-11,  9.885854E-07
  2.055976E+00, -4.854246E+01,  2.494022E-01,  6.947137E-01,  1.951125E-02,  5.412533E+01,  7.513818E-06,  3.879888E-08,  3.555385E-06,  1.052477E-09,  2.071069E-05, -5.212750E+01,  4.218099E-02,  1.434728E-01,  1.642253E-02,  8.374502E+01,  1.120814E-06,  3.089526E-09,  4.630434E-06,  7.507826E-10,  7.178344E-06, -7.415202E+01,  1.469544E-01,  4.093437E-01,  5.584535E-03,  1.375619E+02,  2.530412E-06,  3.542630E-09,  2.586923E-06,  2.037572E-10,  7.530544E-06, -7.391539E+01,  1.475676E-01,  4.110519E-01,  6.387464E-04,  1.369439E+02,  3.836617E-07,  2.560340E-10,  2.945807E-07,  1.083645E-11,  1.013484E-06
  2.065305E+00, -4.885621E+01,  2.477674E-01,  6.901598E-01,  1.941850E-02,  5.520900E+01,  7.482733E-06,  3.898729E-08,  3.609336E-06,  1.058074E-09,  2.065950E-05, -5.246559E+01,  4.191356E-02,  1.425631E-01,  1.639252E-02,  8.393538E+01,  1.119032E-06,  3.117748E-09,  4.632481E-06,  7.579749E-10,  7.171855E-06, -7.441955E+01,  1.462676E-01,  4.074307E-01,  5.606139E-03,  1.382563E+02,  2.538927E-06,  3.606720E-09,  2.610039E-06,  2.078126E-10,  7.566945E-06, -7.415606E+01,  1.469439E-01,  4.093146E-01,  6.547184E-04,  1.375724E+02,  3.919946E-07,  2.659339E-10,  3.033324E-07,  1.130793E-11,  1.037758E-06
  2.074634E+00, -4.915285E+01,  2.462248E-01,  6.858631E-01,  1.933136E-02,  5.623787E+01,  7.453510E-06,  3.917496E-08,  3.660105E-06,  1.063750E-09,  2.061163E-05, -5.278669E+01,  4.166641E-02,  1.417225E-01,  1.636446E-02,  8.411241E+01,  1.117365E-06,  3.145927E-09,  4.634307E-06,  7.651700E-10,  7.165764E-06, -7.469883E+01,  1.455581E-01,  4.054542E-01,  5.625133E-03,  1.389764E+02,  2.546409E-06,  3.670998E-09,  2.632521E-06,  2.119028E-10,  7.600497E-06, -7.441308E+01,  1.462841E-01,  4.074767E-01,  6.701987E-04,  1.382395E+02,  4.000458E-07,  2.760371E-10,  3.120101E-07,  1.179291E-11,  1.061385E-06
  2.083963E+00, -4.943429E+01,  2.447646E-01,  6.817956E-01,  1.924919E-02,  5.721758E+01,  7.425941E-06,  3.936192E-08,  3.708044E-06,  1.069501E-09,  2.056668E-05, -5.309251E+01,  4.143704E-02,  1.409423E-01,  1.633809E-02,  8.427769E+01,  1.115799E-06,  3.174066E-09,  4.635934E-06,  7.723675E-10,  7.160014E-06, -7.498641E+01,  1.448352E-01,  4.034408E-01,  5.641923E-03,  1.397127E+02,  2.553020E-06,  3.735441E-09,  2.654367E-06,  2.160270E-10,  7.631574E-06, -7.468212E+01,  1.456003E-01,  4.055719E-01,  6.851882E-04,  1.389334E+02,  4.078188E-07,  2.863366E-10,  3.205894E-07,  1.229121E-11,  1.084352E-06
  2.093293E+00, -4.970213E+01,  2.433783E-01,  6.779339E-01,  1.917148E-02,  5.815293E+01,  7.399853E-06,  3.954823E-08,  3.753451E-06,  1.075322E-09,  2.052435E-05, -5.338454E+01,  4.122332E-02,  1.402154E-01,  1.631321E-02,  8.443252E+01,  1.114320E-06,  3.202168E-09,  4.637379E-06,  7.795671E-10,  7.154556E-06, -7.527958E+01,  1.441064E-01,  4.014107E-01,  5.656838E-03,  1.404580E+02,  2.558891E-06,  3.800032E-09,  2.675581E-06,  2.201842E-10,  7.660485E-06, -7.495976E+01,  1.449019E-01,  4.036265E-01,  6.996931E-04,  1.396447E+02,  4.153194E-07,  2.968253E-10,  3.290520E-07,  1.280267E-11,  1.106659E-06
  2.102622E+00, -4.995770E+01,  2.420585E-01,  6.742577E-01,  1.909778E-02,  5.904803E+01,  7.375098E-06,  3.973390E-08,  3.796578E-06,  1.081210E-09,  2.048437E-05, -5.366408E+01,  4.102346E-02,  1.395356E-01,  1.628962E-02,  8.457816E+01,  1.112918E-06,  3.230233E-09,  4.638663E-06,  7.867687E-10,  7.149351E-06, -7.557622E+01,  1.433772E-01,  3.993794E-01,  5.670150E-03,  1.412067E+02,  2.564129E-06,  3.864754E-09,  2.696172E-06,  2.243732E-10,  7.687493E-06, -7.524332E+01,  1.441961E-01,  4.016606E-01,  7.137235E-04,  1.403661E+02,  4.225555E-07,  3.074968E-10,  3.373842E-07,  1.332707E-11,  1.128312E-06
  2.111951E+00, -5.020218E+01,  2.407992E-01,  6.707500E-01,  1.902771E-02,  5.990641E+01,  7.351549E-06,  3.991898E-08,  3.837640E-06,  1.087162E-09,  2.044650E-05, -5.393226E+01,  4.083595E-02,  1.388978E-01,  1.626720E-02,  8.471544E+01,  1.111585E-06,  3.258264E-09,  4.639797E-06,  7.939719E-10,  7.144369E-06, -7.587468E+01,  1.426518E-01,  3.973588E-01,  5.682088E-03,  1.419543E+02,  2.568825E-06,  3.929594E-09,  2.716154E-06,  2.285933E-10,  7.712814E-06, -7.553068E+01,  1.434886E-01,  3.996898E-01,  7.272917E-04,  1.410921E+02,  4.295356E-07,  3.183444E-10,  3.455761E-07,  1.386421E-11,  1.149320E-06
  2.121280E+00, -5.043655E+01,  2.395950E-01,  6.673956E-01,  1.896092E-02,  6.073119E+01,  7.329095E-06,  4.010349E-08,  3.876825E-06,  1.093175E-09,  2.041055E-05, -5.419003E+01,  4.065952E-02,  1.382977E-01,  1.624580E-02,  8.484528E+01,  1.110313E-06,  3.286263E-09,  4.640798E-06,  8.011765E-10,  7.139585E-06, -7.617362E+01,  1.419334E-01,  3.953577E-01,  5.692838E-03,  1.426977E+02,  2.573053E-06,  3.994540E-09,  2.735542E-06,  2.328435E-10,  7.736635E-06, -7.582018E+01,  1.427836E-01,  3.977260E-01,  7.404122E-04,  1.418182E+02,  4.362693E-07,  3.293620E-10,  3.536209E-07,  1.441384E-11,  1.169700E-06
  2.130610E+00, -5.066168E+01,  2.384412E-01,  6.641817E-01,  1.889715E-02,  6.152504E+01,  7.307643E-06,  4.028745E-08,  3.914294E-06,  1.099245E-09,  2.037633E-05, -5.443826E+01,  4.049305E-02,  1.377315E-01,  1.622534E-02,  8.496836E+01,  1.109096E-06,  3.314230E-09,  4.641677E-06,  8.083825E-10,  7.134976E-06, -7.647201E+01,  1.412245E-01,  3.933829E-01,  5.702559E-03,  1.434342E+02,  2.576875E-06,  4.059580E-09,  2.754356E-06,  2.371229E-10,  7.759114E-06, -7.611049E+01,  1.420844E-01,  3.957784E-01,  7.531004E-04,  1.425412E+02,  4.427664E-07,  3.405435E-10,  3.615143E-07,  1.497574E-11,  1.189468E-06
  2.139939E+00, -5.087834E+01,  2.373337E-01,  6.610967E-01,  1.883612E-02,  6.229035E+01,  7.287108E-06,  4.047089E-08,  3.950190E-06,  1.105372E-09,  2.034371E-05, -5.467767E+01,  4.033560E-02,  1.371959E-01,  1.620572E-02,  8.508527E+01,  1.107930E-06,  3.342168E-09,  4.642446E-06,  8.155895E-10,  7.130527E-06, -7.676903E+01,  1.405267E-01,  3.914394E-01,  5.711384E-03,  1.441618E+02,  2.580344E-06,  4.124708E-09,  2.772612E-06,  2.414306E-10,  7.780387E-06, -7.640057E+01,  1.413935E-01,  3.938537E-01,  7.653724E-04,  1.432584E+02,  4.490368E-07,  3.518833E-10,  3.692537E-07,  1.554967E-11,  1.208643E-06
  2.149268E+00, -5.108718E+01,  2.362690E-01,  6.581308E-01,  1.877763E-02,  6.302923E+01,  7.267416E-06,  4.065383E-08,  3.984638E-06,  1.111552E-09,  2.031255E-05, -5.490893E+01,  4.018636E-02,  1.366883E-01,  1.618687E-02,  8.519656E+01,  1.106808E-06,  3.370077E-09,  4.643113E-06,  8.227974E-10,  7.126222E-06, -7.706403E+01,  1.398416E-01,  3.895308E-01,  5.719427E-03,  1.448792E+02,  2.583505E-06,  4.189914E-09,  2.790332E-06,  2.457657E-10,  7.800572E-06, -7.668960E+01,  1.407126E-01,  3.919570E-01,  7.772445E-04,  1.439678E+02,  4.550905E-07,  3.633758E-10,  3.768382E-07,  1.613538E-11,  1.227246E-06
  2.158597E+00, -5.128879E+01,  2.352437E-01,  6.552749E-01,  1.872147E-02,  6.374356E+01,  7.248503E-06,  4.083629E-08,  4.017749E-06,  1.117784E-09,  2.028273E-05, -5.513262E+01,  4.004460E-02,  1.362061E-01,  1.616873E-02,  8.530272E+01,  1.105729E-06,  3.397958E-09,  4.643689E-06,  8.300062E-10,  7.122049E-06, -7.735651E+01,  1.391698E-01,  3.876597E-01,  5.726784E-03,  1.455851E+02,  2.586396E-06,  4.255192E-09,  2.807535E-06,  2.501276E-10,  7.819770E-06, -7.697693E+01,  1.400431E-01,  3.900921E-01,  7.887331E-04,  1.446679E+02,  4.609372E-07,  3.750159E-10,  3.842680E-07,  1.673264E-11,  1.245296E-06
  2.167927E+00, -5.148371E+01,  2.342551E-01,  6.525212E-01,  1.866747E-02,  6.443500E+01,  7.230311E-06,  4.101828E-08,  4.049620E-06,  1.124064E-09,  2.025415E-05, -5.534925E+01,  3.990969E-02,  1.357472E-01,  1.615123E-02,  8.540415E+01,  1.104688E-06,  3.425812E-09,  4.644181E-06,  8.372156E-10,  7.117997E-06, -7.764607E+01,  1.385122E-01,  3.858277E-01,  5.733537E-03,  1.462789E+02,  2.589049E-06,  4.320536E-09,  2.824239E-06,  2.545154E-10,  7.838071E-06, -7.726204E+01,  1.393860E-01,  3.882618E-01,  7.998545E-04,  1.453577E+02,  4.665865E-07,  3.867985E-10,  3.915442E-07,  1.734120E-11,  1.262816E-06
  2.177256E+00, -5.167239E+01,  2.333006E-01,  6.498625E-01,  1.861548E-02,  6.510506E+01,  7.212788E-06,  4.119983E-08,  4.080339E-06,  1.130393E-09,  2.022671E-05, -5.555930E+01,  3.978107E-02,  1.353098E-01,  1.613433E-02,  8.550123E+01,  1.103682E-06,  3.453640E-09,  4.644597E-06,  8.444256E-10,  7.114057E-06, -7.793242E+01,  1.378689E-01,  3.840359E-01,  5.739756E-03,  1.469599E+02,  2.591492E-06,  4.385941E-09,  2.840466E-06,  2.589283E-10,  7.855553E-06, -7.754455E+01,  1.387419E-01,  3.864677E-01,  8.106244E-04,  1.460362E+02,  4.720475E-07,  3.987189E-10,  3.986685E-07,  1.796083E-11,  1.279824E-06
  2.186585E+00, -5.185526E+01,  2.323780E-01,  6.472925E-01,  1.856535E-02,  6.575512E+01,  7.195888E-06,  4.138095E-08,  4.109986E-06,  1.136768E-09,  2.020034E-05, -5.576317E+01,  3.965825E-02,  1.348920E-01,  1.611799E-02,  8.559429E+01,  1.102710E-06,  3.481443E-09,  4.644943E-06,  8.516360E-10,  7.110221E-06, -7.821533E+01,  1.372403E-01,  3.822849E-01,  5.745501E-03,  1.476280E+02,  2.593749E-06,  4.451402E-09,  2.856234E-06,  2.633658E-10,  7.872284E-06, -7.782413E+01,  1.381113E-01,  3.847112E-01,  8.210581E-04,  1.467030E+02,  4.773291E-07,  4.107725E-10,  4.056434E-07,  1.859129E-11,  1.296342E-06
  2.195915E+00, -5.203269E+01,  2.314851E-01,  6.448054E-01,  1.851696E-02,  6.638638E+01,  7.179568E-06,  4.156166E-08,  4.138632E-06,  1.143187E-09,  2.017496E-05, -5.596125E+01,  3.954080E-02,  1.344925E-01,  1.610216E-02,  8.568361E+01,  1.101767E-06,  3.509222E-09,  4.645225E-06,  8.588467E-10,  7.106483E-06, -7.849464E+01,  1.366263E-01,  3.805746E-01,  5.750827E-03,  1.482828E+02,  2.595840E-06,  4.516914E-09,  2.871562E-06,  2.678269E-10,  7.888325E-06, -7.810057E+01,  1.374945E-01,  3.829929E-01,  8.311705E-04,  1.473575E+02,  4.824397E-07,  4.229551E-10,  4.124717E-07,  1.923237E-11,  1.312390E-06
  2.205244E+00, -5.220502E+01,  2.306202E-01,  6.423961E-01,  1.847020E-02,  6.699997E+01,  7.163793E-06,  4.174196E-08,  4.166339E-06,  1.149649E-09,  2.015050E-05, -5.615389E+01,  3.942831E-02,  1.341099E-01,  1.608681E-02,  8.576945E+01,  1.100854E-06,  3.536978E-09,  4.645448E-06,  8.660577E-10,  7.102835E-06, -7.877023E+01,  1.360269E-01,  3.789050E-01,  5.755776E-03,  1.489243E+02,  2.597784E-06,  4.582475E-09,  2.886467E-06,  2.723112E-10,  7.903730E-06, -7.837368E+01,  1.368914E-01,  3.813131E-01,  8.409759E-04,  1.479997E+02,  4.873874E-07,  4.352625E-10,  4.191564E-07,  1.988382E-11,  1.327986E-06
  2.214573E+00, -5.237257E+01,  2.297815E-01,  6.400598E-01,  1.842497E-02,  6.759690E+01,  7.148526E-06,  4.192187E-08,  4.193167E-06,  1.156153E-09,  2.012690E-05, -5.634140E+01,  3.932043E-02,  1.337430E-01,  1.607192E-02,  8.585204E+01,  1.099967E-06,  3.564710E-09,  4.645617E-06,  8.732688E-10,  7.099272E-06, -7.904203E+01,  1.354420E-01,  3.772756E-01,  5.760390E-03,  1.495525E+02,  2.599596E-06,  4.648080E-09,  2.900967E-06,  2.768180E-10,  7.918547E-06, -7.864333E+01,  1.363021E-01,  3.796716E-01,  8.504878E-04,  1.486294E+02,  4.921799E-07,  4.476907E-10,  4.257007E-07,  2.054545E-11,  1.343150E-06
  2.223902E+00, -5.253561E+01,  2.289674E-01,  6.377922E-01,  1.838117E-02,  6.817810E+01,  7.133738E-06,  4.210141E-08,  4.219169E-06,  1.162697E-09,  2.010411E-05, -5.652405E+01,  3.921685E-02,  1.333906E-01,  1.605745E-02,  8.593158E+01,  1.099105E-06,  3.592421E-09,  4.645735E-06,  8.804801E-10,  7.095789E-06, -7.930998E+01,  1.348712E-01,  3.756858E-01,  5.764703E-03,  1.501676E+02,  2.601289E-06,  4.713726E-09,  2.915078E-06,  2.813467E-10,  7.932818E-06, -7.890945E+01,  1.357265E-01,  3.780683E-01,  8.597193E-04,  1.492466E+02,  4.968244E-07,  4.602361E-10,  4.321083E-07,  2.121703E-11,  1.357898E-06
  2.233232E+00, -5.269440E+01,  2.281766E-01,  6.355895E-01,  1.833871E-02,  6.874443E+01,  7.119400E-06,  4.228058E-08,  4.244392E-06,  1.169280E-09,  2.008208E-05, -5.670212E+01,  3.911727E-02,  1.330519E-01,  1.604337E-02,  8.600830E+01,  1.098267E-06,  3.620109E-09,  4.645808E-06,  8.876913E-10,  7.092382E-06, -7.957406E+01,  1.343144E-01,  3.741349E-01,  5.768745E-03,  1.507696E+02,  2.602876E-06,  4.779412E-09,  2.928818E-06,  2.858966E-10,  7.946584E-06, -7.917196E+01,  1.351645E-01,  3.765027E-01,  8.686829E-04,  1.498513E+02,  5.013280E-07,  4.728951E-10,  4.383824E-07,  2.189835E-11,  1.372249E-06
  2.242561E+00, -5.284918E+01,  2.274078E-01,  6.334479E-01,  1.829752E-02,  6.929666E+01,  7.105487E-06,  4.245940E-08,  4.268881E-06,  1.175901E-09,  2.006076E-05, -5.687585E+01,  3.902144E-02,  1.327260E-01,  1.602966E-02,  8.608241E+01,  1.097451E-06,  3.647777E-09,  4.645839E-06,  8.949025E-10,  7.089047E-06, -7.983429E+01,  1.337713E-01,  3.726219E-01,  5.772543E-03,  1.513589E+02,  2.604366E-06,  4.845134E-09,  2.942200E-06,  2.904673E-10,  7.959878E-06, -7.943085E+01,  1.346157E-01,  3.749740E-01,  8.773904E-04,  1.504436E+02,  5.056971E-07,  4.856642E-10,  4.445269E-07,  2.258922E-11,  1.386219E-06
  2.251890E+00, -5.300016E+01,  2.266598E-01,  6.313643E-01,  1.825753E-02,  6.983550E+01,  7.091974E-06,  4.263787E-08,  4.292675E-06,  1.182559E-09,  2.004012E-05, -5.704546E+01,  3.892911E-02,  1.324120E-01,  1.601631E-02,  8.615399E+01,  1.096655E-06,  3.675424E-09,  4.645831E-06,  9.021136E-10,  7.085780E-06, -8.009066E+01,  1.332414E-01,  3.711460E-01,  5.776120E-03,  1.519355E+02,  2.605770E-06,  4.910891E-09,  2.955239E-06,  2.950582E-10,  7.972731E-06, -7.968609E+01,  1.340799E-01,  3.734817E-01,  8.858530E-04,  1.510238E+02,  5.099379E-07,  4.985403E-10,  4.505451E-07,  2.328944E-11,  1.399824E-06
  2.265884E+00, -5.321850E+01,  2.255814E-01,  6.283605E-01,  1.820005E-02,  7.061503E+01,  7.072544E-06,  4.290484E-08,  4.326930E-06,  1.192626E-09,  2.001055E-05, -5.729074E+01,  3.879771E-02,  1.319650E-01,  1.599701E-02,  8.625623E+01,  1.095506E-06,  3.716850E-09,  4.645742E-06,  9.129297E-10,  7.081019E-06, -8.046578E+01,  1.324755E-01,  3.690126E-01,  5.781063E-03,  1.527724E+02,  2.607710E-06,  5.009597E-09,  2.974060E-06,  3.019883E-10,  7.991106E-06, -8.005991E+01,  1.333047E-01,  3.713223E-01,  8.980341E-04,  1.518666E+02,  5.160329E-07,  5.180849E-10,  4.592891E-07,  2.436013E-11,  1.419454E-06
  2.279878E+00, -5.342949E+01,  2.245433E-01,  6.254688E-01,  1.814487E-02,  7.136849E+01,  7.053886E-06,  4.317109E-08,  4.359844E-06,  1.202769E-09,  1.998227E-05, -5.752815E+01,  3.867286E-02,  1.315403E-01,  1.597839E-02,  8.635379E+01,  1.094396E-06,  3.758233E-09,  4.645582E-06,  9.237453E-10,  7.076390E-06, -8.083258E+01,  1.317372E-01,  3.669561E-01,  5.785626E-03,  1.535829E+02,  2.609501E-06,  5.108368E-09,  2.992196E-06,  3.089606E-10,  8.008656E-06, -8.042572E+01,  1.325568E-01,  3.692390E-01,  9.097297E-04,  1.526834E+02,  5.218749E-07,  5.378505E-10,  4.677732E-07,  2.545059E-11,  1.438355E-06
  2.293872E+00, -5.363364E+01,  2.235426E-01,  6.226813E-01,  1.809182E-02,  7.209764E+01,  7.035942E-06,  4.343666E-08,  4.391515E-06,  1.212986E-09,  1.995517E-05, -5.775813E+01,  3.855406E-02,  1.311362E-01,  1.596040E-02,  8.644699E+01,  1.093324E-06,  3.799574E-09,  4.645361E-06,  9.345601E-10,  7.071886E-06, -8.119124E+01,  1.310253E-01,  3.649729E-01,  5.789856E-03,  1.543679E+02,  2.611161E-06,  5.207200E-09,  3.009690E-06,  3.159735E-10,  8.025454E-06, -8.078367E+01,  1.318351E-01,  3.672286E-01,  9.209703E-04,  1.534752E+02,  5.274804E-07,  5.578280E-10,  4.760088E-07,  2.656024E-11,  1.456570E-06
  2.307866E+00, -5.383142E+01,  2.225767E-01,  6.199907E-01,  1.804076E-02,  7.280407E+01,  7.018661E-06,  4.370156E-08,  4.422031E-06,  1.223274E-09,  1.992917E-05, -5.798114E+01,  3.844083E-02,  1.307511E-01,  1.594299E-02,  8.653615E+01,  1.092286E-06,  3.840875E-09,  4.645083E-06,  9.453741E-10,  7.067500E-06, -8.154197E+01,  1.303385E-01,  3.630599E-01,  5.793795E-03,  1.551285E+02,  2.612706E-06,  5.306088E-09,  3.026576E-06,  3.230256E-10,  8.041560E-06, -8.113393E+01,  1.311384E-01,  3.652880E-01,  9.317839E-04,  1.542429E+02,  5.328646E-07,  5.780090E-10,  4.840067E-07,  2.768851E-11,  1.474138E-06
  2.321860E+00, -5.402325E+01,  2.216432E-01,  6.173906E-01,  1.799154E-02,  7.348921E+01,  7.001998E-06,  4.396583E-08,  4.451470E-06,  1.233630E-09,  1.990419E-05, -5.819761E+01,  3.833274E-02,  1.303835E-01,  1.592614E-02,  8.662162E+01,  1.091282E-06,  3.882136E-09,  4.644756E-06,  9.561871E-10,  7.063225E-06, -8.188501E+01,  1.296757E-01,  3.612136E-01,  5.797477E-03,  1.558657E+02,  2.614150E-06,  5.405028E-09,  3.042891E-06,  3.301157E-10,  8.057029E-06, -8.147669E+01,  1.304656E-01,  3.634140E-01,  9.421963E-04,  1.549874E+02,  5.380413E-07,  5.983857E-10,  4.917776E-07,  2.883489E-11,  1.491098E-06
  2.335854E+00, -5.420950E+01,  2.207402E-01,  6.148753E-01,  1.794403E-02,  7.415435E+01,  6.985911E-06,  4.422948E-08,  4.479904E-06,  1.244052E-09,  1.988016E-05, -5.840792E+01,  3.822941E-02,  1.300320E-01,  1.590979E-02,  8.670365E+01,  1.090307E-06,  3.923360E-09,  4.644385E-06,  9.669989E-10,  7.059054E-06, -8.222058E+01,  1.290357E-01,  3.594309E-01,  5.800929E-03,  1.565804E+02,  2.615505E-06,  5.504017E-09,  3.058665E-06,  3.372424E-10,  8.071911E-06, -8.181216E+01,  1.298157E-01,  3.616037E-01,  9.522316E-04,  1.557096E+02,  5.430236E-07,  6.189508E-10,  4.993315E-07,  2.999886E-11,  1.507483E-06
  2.349847E+00, -5.439052E+01,  2.198657E-01,  6.124394E-01,  1.789814E-02,  7.480067E+01,  6.970363E-06,  4.449253E-08,  4.507395E-06,  1.254539E-09,  1.985701E-05, -5.861244E+01,  3.813049E-02,  1.296955E-01,  1.589394E-02,  8.678244E+01,  1.089362E-06,  3.964547E-09,  4.643973E-06,  9.778096E-10,  7.054983E-06, -8.254892E+01,  1.284174E-01,  3.577088E-01,  5.804180E-03,  1.572737E+02,  2.616780E-06,  5.603052E-09,  3.073929E-06,  3.444045E-10,  8.086248E-06, -8.214054E+01,  1.291876E-01,  3.598541E-01,  9.619119E-04,  1.564105E+02,  5.478231E-07,  6.396972E-10,  5.066779E-07,  3.117994E-11,  1.523325E-06
  2.363841E+00, -5.456661E+01,  2.190181E-01,  6.100782E-01,  1.785375E-02,  7.542924E+01,  6.955321E-06,  4.475501E-08,  4.534002E-06,  1.265087E-09,  1.983468E-05, -5.881150E+01,  3.803566E-02,  1.293730E-01,  1.587854E-02,  8.685819E+01,  1.088444E-06,  4.005698E-09,  4.643525E-06,  9.886190E-10,  7.051006E-06, -8.287026E+01,  1.278199E-01,  3.560442E-01,  5.807249E-03,  1.579464E+02,  2.617984E-06,  5.702130E-09,  3.088710E-06,  3.516010E-10,  8.100080E-06, -8.246205E+01,  1.285803E-01,  3.581623E-01,  9.712576E-04,  1.570909E+02,  5.524507E-07,  6.606185E-10,  5.138260E-07,  3.237766E-11,  1.538655E-06
  2.377835E+00, -5.473807E+01,  2.181956E-01,  6.077872E-01,  1.781077E-02,  7.604105E+01,  6.940753E-06,  4.501693E-08,  4.559779E-06,  1.275695E-09,  1.981313E-05, -5.900540E+01,  3.794463E-02,  1.290634E-01,  1.586357E-02,  8.693118E+01,  1.087551E-06,  4.046814E-09,  4.643046E-06,  9.994271E-10,  7.047119E-06, -8.318483E+01,  1.272420E-01,  3.544344E-01,  5.810156E-03,  1.585995E+02,  2.619124E-06,  5.801248E-09,  3.103034E-06,  3.588307E-10,  8.113441E-06, -8.277691E+01,  1.279927E-01,  3.565256E-01,  9.802876E-04,  1.577516E+02,  5.569166E-07,  6.817085E-10,  5.207844E-07,  3.359159E-11,  1.553500E-06
  2.391829E+00, -5.490514E+01,  2.173970E-01,  6.055625E-01,  1.776913E-02,  7.663698E+01,  6.926632E-06,  4.527830E-08,  4.584772E-06,  1.286361E-09,  1.979231E-05, -5.919443E+01,  3.785716E-02,  1.287658E-01,  1.584900E-02,  8.700158E+01,  1.086682E-06,  4.087896E-09,  4.642539E-06,  1.010234E-09,  7.043317E-06, -8.349288E+01,  1.266828E-01,  3.528768E-01,  5.812916E-03,  1.592338E+02,  2.620206E-06,  5.900406E-09,  3.116924E-06,  3.660927E-10,  8.126362E-06, -8.308533E+01,  1.274240E-01,  3.549415E-01,  9.890196E-04,  1.583936E+02,  5.612300E-07,  7.029614E-10,  5.275613E-07,  3.482130E-11,  1.567886E-06
  2.405823E+00, -5.506808E+01,  2.166208E-01,  6.034005E-01,  1.772874E-02,  7.721789E+01,  6.912933E-06,  4.553915E-08,  4.609027E-06,  1.297084E-09,  1.977217E-05, -5.937883E+01,  3.777300E-02,  1.284796E-01,  1.583482E-02,  8.706945E+01,  1.085836E-06,  4.128945E-09,  4.642004E-06,  1.021039E-09,  7.039595E-06, -8.379461E+01,  1.261414E-01,  3.513688E-01,  5.815545E-03,  1.598502E+02,  2.621237E-06,  5.999599E-09,  3.130404E-06,  3.733859E-10,  8.138872E-06, -8.338752E+01,  1.268733E-01,  3.534074E-01,  9.974698E-04,  1.590175E+02,  5.653995E-07,  7.243718E-10,  5.341646E-07,  3.606638E-11,  1.581836E-06
  2.419817E+00, -5.522708E+01,  2.158659E-01,  6.012978E-01,  1.768953E-02,  7.778452E+01,  6.899631E-06,  4.579949E-08,  4.632584E-06,  1.307861E-09,  1.975267E-05, -5.955886E+01,  3.769195E-02,  1.282039E-01,  1.582099E-02,  8.713508E+01,  1.085011E-06,  4.169961E-09,  4.641448E-06,  1.031843E-09,  7.035952E-06, -8.409025E+01,  1.256170E-01,  3.499081E-01,  5.818054E-03,  1.604493E+02,  2.622221E-06,  6.098828E-09,  3.143492E-06,  3.807096E-10,  8.150996E-06, -8.368369E+01,  1.263397E-01,  3.519211E-01,  1.005653E-03,  1.596242E+02,  5.694330E-07,  7.459346E-10,  5.406016E-07,  3.732645E-11,  1.595374E-06
  2.433811E+00, -5.538236E+01,  2.151312E-01,  5.992512E-01,  1.765145E-02,  7.833758E+01,  6.886705E-06,  4.605934E-08,  4.655480E-06,  1.318691E-09,  1.973378E-05, -5.973472E+01,  3.761381E-02,  1.279381E-01,  1.580751E-02,  8.719852E+01,  1.084206E-06,  4.210947E-09,  4.640871E-06,  1.042645E-09,  7.032382E-06, -8.438001E+01,  1.251088E-01,  3.484924E-01,  5.820455E-03,  1.610320E+02,  2.623162E-06,  6.198089E-09,  3.156210E-06,  3.880627E-10,  8.162757E-06, -8.397403E+01,  1.258224E-01,  3.504803E-01,  1.013584E-03,  1.602144E+02,  5.733378E-07,  7.676447E-10,  5.468794E-07,  3.860114E-11,  1.608519E-06
  2.447805E+00, -5.553411E+01,  2.144156E-01,  5.972580E-01,  1.761442E-02,  7.887773E+01,  6.874135E-06,  4.631870E-08,  4.677750E-06,  1.329573E-09,  1.971546E-05, -5.990661E+01,  3.753841E-02,  1.276817E-01,  1.579436E-02,  8.725989E+01,  1.083422E-06,  4.251901E-09,  4.640274E-06,  1.053445E-09,  7.028884E-06, -8.466409E+01,  1.246160E-01,  3.471196E-01,  5.822756E-03,  1.615990E+02,  2.624064E-06,  6.297383E-09,  3.168574E-06,  3.954445E-10,  8.174177E-06, -8.425875E+01,  1.253208E-01,  3.490829E-01,  1.021275E-03,  1.607887E+02,  5.771209E-07,  7.894978E-10,  5.530044E-07,  3.989008E-11,  1.621292E-06
  2.461799E+00, -5.568248E+01,  2.137182E-01,  5.953154E-01,  1.757840E-02,  7.940558E+01,  6.861903E-06,  4.657759E-08,  4.699426E-06,  1.340506E-09,  1.969769E-05, -6.007473E+01,  3.746558E-02,  1.274339E-01,  1.578151E-02,  8.731939E+01,  1.082655E-06,  4.292825E-09,  4.639663E-06,  1.064244E-09,  7.025454E-06, -8.494269E+01,  1.241378E-01,  3.457878E-01,  5.824966E-03,  1.621509E+02,  2.624931E-06,  6.396706E-09,  3.180603E-06,  4.028542E-10,  8.185274E-06, -8.453803E+01,  1.248340E-01,  3.477270E-01,  1.028739E-03,  1.613479E+02,  5.807885E-07,  8.114892E-10,  5.589831E-07,  4.119294E-11,  1.633709E-06
  2.475792E+00, -5.582765E+01,  2.130382E-01,  5.934211E-01,  1.754333E-02,  7.992167E+01,  6.849992E-06,  4.683602E-08,  4.720536E-06,  1.351487E-09,  1.968043E-05, -6.023925E+01,  3.739518E-02,  1.271945E-01,  1.576897E-02,  8.737698E+01,  1.081906E-06,  4.333720E-09,  4.639034E-06,  1.075041E-09,  7.022089E-06, -8.521600E+01,  1.236737E-01,  3.444949E-01,  5.827093E-03,  1.626884E+02,  2.625765E-06,  6.496059E-09,  3.192311E-06,  4.102911E-10,  8.196067E-06, -8.481205E+01,  1.243614E-01,  3.464105E-01,  1.035986E-03,  1.618926E+02,  5.843466E-07,  8.336150E-10,  5.648214E-07,  4.250939E-11,  1.645789E-06
  2.489786E+00, -5.596975E+01,  2.123746E-01,  5.915727E-01,  1.750917E-02,  8.042655E+01,  6.838386E-06,  4.709401E-08,  4.741109E-06,  1.362516E-09,  1.966365E-05, -6.040033E+01,  3.732707E-02,  1.269628E-01,  1.575670E-02,  8.743296E+01,  1.081174E-06,  4.374586E-09,  4.638395E-06,  1.085837E-09,  7.018787E-06, -8.548419E+01,  1.232229E-01,  3.432393E-01,  5.829144E-03,  1.632120E+02,  2.626569E-06,  6.595440E-09,  3.203713E-06,  4.177544E-10,  8.206572E-06, -8.508099E+01,  1.239023E-01,  3.451319E-01,  1.043028E-03,  1.624233E+02,  5.878007E-07,  8.558711E-10,  5.705248E-07,  4.383912E-11,  1.657546E-06
  2.500000E+00, -5.607195E+01,  2.118987E-01,  5.902471E-01,  1.748470E-02,  8.078942E+01,  6.830071E-06,  4.728207E-08,  4.755846E-06,  1.370591E-09,  1.965165E-05, -6.051627E+01,  3.727854E-02,  1.267978E-01,  1.574790E-02,  8.747286E+01,  1.080648E-06,  4.404398E-09,  4.637920E-06,  1.093715E-09,  7.016409E-06, -8.567755E+01,  1.229008E-01,  3.423420E-01,  5.830599E-03,  1.635872E+02,  2.627139E-06,  6.667988E-09,  3.211880E-06,  4.232154E-10,  8.214092E-06, -8.527491E+01,  1.235743E-01,  3.442180E-01,  1.048061E-03,  1.628037E+02,  5.902675E-07,  8.721830E-10,  5.746202E-07,  4.481659E-11,  1.665963E-06
  2.515320E+00, -5.622177E+01,  2.112031E-01,  5.883094E-01,  1.744899E-02,  8.132103E+01,  6.817934E-06,  4.756365E-08,  4.777367E-06,  1.382758E-09,  1.963419E-05, -6.068607E+01,  3.720821E-02,  1.265585E-01,  1.573500E-02,  8.753091E+01,  1.079878E-06,  4.449082E-09,  4.637197E-06,  1.105530E-09,  7.012913E-06, -8.596131E+01,  1.224324E-01,  3.410372E-01,  5.832708E-03,  1.641344E+02,  2.627966E-06,  6.776843E-09,  3.223789E-06,  4.314372E-10,  8.225059E-06, -8.555953E+01,  1.230971E-01,  3.428889E-01,  1.055387E-03,  1.633584E+02,  5.938556E-07,  8.967990E-10,  5.806086E-07,  4.629806E-11,  1.678232E-06
  2.530641E+00, -5.636836E+01,  2.105248E-01,  5.864199E-01,  1.741423E-02,  8.184079E+01,  6.806115E-06,  4.784473E-08,  4.798326E-06,  1.394978E-09,  1.961724E-05, -6.085228E+01,  3.714020E-02,  1.263272E-01,  1.572240E-02,  8.758712E+01,  1.079126E-06,  4.493734E-09,  4.636461E-06,  1.117343E-09,  7.009484E-06, -8.623953E+01,  1.219780E-01,  3.397715E-01,  5.834744E-03,  1.646669E+02,  2.628764E-06,  6.885728E-09,  3.235377E-06,  4.396883E-10,  8.235728E-06, -8.583864E+01,  1.226342E-01,  3.415996E-01,  1.062499E-03,  1.638984E+02,  5.973358E-07,  9.215587E-10,  5.864531E-07,  4.779441E-11,  1.690164E-06
  2.545961E+00, -5.651188E+01,  2.098629E-01,  5.845763E-01,  1.738036E-02,  8.234922E+01,  6.794599E-06,  4.812533E-08,  4.818749E-06,  1.407250E-09,  1.960076E-05, -6.101504E+01,  3.707439E-02,  1.261034E-01,  1.571008E-02,  8.764174E+01,  1.078390E-06,  4.538354E-09,  4.635717E-06,  1.129154E-09,  7.006120E-06, -8.651241E+01,  1.215369E-01,  3.385430E-01,  5.836711E-03,  1.651854E+02,  2.629535E-06,  6.994641E-09,  3.246658E-06,  4.479680E-10,  8.246116E-06, -8.611242E+01,  1.221850E-01,  3.403481E-01,  1.069408E-03,  1.644241E+02,  6.007134E-07,  9.464578E-10,  5.921597E-07,  4.930531E-11,  1.701775E-06
  2.561282E+00, -5.665247E+01,  2.092168E-01,  5.827765E-01,  1.734735E-02,  8.284685E+01,  6.783371E-06,  4.840545E-08,  4.838664E-06,  1.419572E-09,  1.958474E-05, -6.117450E+01,  3.701066E-02,  1.258866E-01,  1.569803E-02,  8.769469E+01,  1.077671E-06,  4.582943E-09,  4.634963E-06,  1.140963E-09,  7.002817E-06, -8.678015E+01,  1.211087E-01,  3.373500E-01,  5.838616E-03,  1.656905E+02,  2.630281E-06,  7.103583E-09,  3.257648E-06,  4.562757E-10,  8.256237E-06, -8.638108E+01,  1.217486E-01,  3.391326E-01,  1.076122E-03,  1.649364E+02,  6.039935E-07,  9.714924E-10,  5.977341E-07,  5.083040E-11,  1.713079E-06
  2.576602E+00, -5.679025E+01,  2.085856E-01,  5.810185E-01,  1.731516E-02,  8.333410E+01,  6.772417E-06,  4.868511E-08,  4.858092E-06,  1.431944E-09,  1.956915E-05, -6.133080E+01,  3.694891E-02,  1.256766E-01,  1.568624E-02,  8.774622E+01,  1.076966E-06,  4.627501E-09,  4.634203E-06,  1.152769E-09,  6.999575E-06, -8.704294E+01,  1.206925E-01,  3.361909E-01,  5.840462E-03,  1.661828E+02,  2.631005E-06,  7.212551E-09,  3.268359E-06,  4.646105E-10,  8.266104E-06, -8.664479E+01,  1.213246E-01,  3.379517E-01,  1.082653E-03,  1.654356E+02,  6.071811E-07,  9.966586E-10,  6.031815E-07,  5.236937E-11,  1.724092E-06
  2.591923E+00, -5.692535E+01,  2.079688E-01,  5.793004E-01,  1.728374E-02,  8.381144E+01,  6.761726E-06,  4.896432E-08,  4.877056E-06,  1.444364E-09,  1.955397E-05, -6.148406E+01,  3.688903E-02,  1.254729E-01,  1.567470E-02,  8.779624E+01,  1.076277E-06,  4.672030E-09,  4.633435E-06,  1.164574E-09,  6.996390E-06, -8.730094E+01,  1.202880E-01,  3.350641E-01,  5.842253E-03,  1.666627E+02,  2.631707E-06,  7.321546E-09,  3.278804E-06,  4.729717E-10,  8.275730E-06, -8.690372E+01,  1.209125E-01,  3.368035E-01,  1.089007E-03,  1.659224E+02,  6.102804E-07,  1.021953E-09,  6.085072E-07,  5.392189E-11,  1.734825E-06
  2.607243E+00, -5.705787E+01,  2.073658E-01,  5.776206E-01,  1.725307E-02,  8.427924E+01,  6.751284E-06,  4.924309E-08,  4.895577E-06,  1.456831E-09,  1.953919E-05, -6.163441E+01,  3.683093E-02,  1.252753E-01,  1.566340E-02,  8.784494E+01,  1.075602E-06,  4.716529E-09,  4.632663E-06,  1.176376E-09,  6.993262E-06, -8.755432E+01,  1.198946E-01,  3.339682E-01,  5.843994E-03,  1.671309E+02,  2.632389E-06,  7.430566E-09,  3.288994E-06,  4.813588E-10,  8.285125E-06, -8.715803E+01,  1.205116E-01,  3.356869E-01,  1.095194E-03,  1.663973E+02,  6.132957E-07,  1.047371E-09,  6.137157E-07,  5.548769E-11,  1.745291E-06
  2.622564E+00, -5.718792E+01,  2.067759E-01,  5.759774E-01,  1.722311E-02,  8.473790E+01,  6.741082E-06,  4.952142E-08,  4.913673E-06,  1.469344E-09,  1.952478E-05, -6.178197E+01,  3.677451E-02,  1.250834E-01,  1.565232E-02,  8.789234E+01,  1.074940E-06,  4.761000E-09,  4.631885E-06,  1.188176E-09,  6.990187E-06, -8.780324E+01,  1.195118E-01,  3.329018E-01,  5.845686E-03,  1.675878E+02,  2.633053E-06,  7.539610E-09,  3.298940E-06,  4.897711E-10,  8.294302E-06, -8.740789E+01,  1.201215E-01,  3.346002E-01,  1.101221E-03,  1.668607E+02,  6.162309E-07,  1.072911E-09,  6.188116E-07,  5.706646E-11,  1.755502E-06
  2.637884E+00, -5.731560E+01,  2.061986E-01,  5.743692E-01,  1.719382E-02,  8.518778E+01,  6.731109E-06,  4.979934E-08,  4.931363E-06,  1.481902E-09,  1.951072E-05, -6.192685E+01,  3.671969E-02,  1.248969E-01,  1.564147E-02,  8.793844E+01,  1.074292E-06,  4.805443E-09,  4.631103E-06,  1.199973E-09,  6.987163E-06, -8.804785E+01,  1.191391E-01,  3.318637E-01,  5.847335E-03,  1.680338E+02,  2.633698E-06,  7.648679E-09,  3.308653E-06,  4.982080E-10,  8.303269E-06, -8.765344E+01,  1.197417E-01,  3.335423E-01,  1.107095E-03,  1.673132E+02,  6.190895E-07,  1.098568E-09,  6.237992E-07,  5.865792E-11,  1.765469E-06
  2.653205E+00, -5.744100E+01,  2.056333E-01,  5.727948E-01,  1.716519E-02,  8.562920E+01,  6.721355E-06,  5.007684E-08,  4.948663E-06,  1.494503E-09,  1.949701E-05, -6.206915E+01,  3.666640E-02,  1.247157E-01,  1.563082E-02,  8.798347E+01,  1.073655E-06,  4.849858E-09,  4.630320E-06,  1.211768E-09,  6.984191E-06, -8.828829E+01,  1.187761E-01,  3.308526E-01,  5.848940E-03,  1.684694E+02,  2.634328E-06,  7.757770E-09,  3.318141E-06,  5.066689E-10,  8.312035E-06, -8.789483E+01,  1.193718E-01,  3.325120E-01,  1.112822E-03,  1.677551E+02,  6.218751E-07,  1.124340E-09,  6.286826E-07,  6.026182E-11,  1.775202E-06
  2.668525E+00, -5.756420E+01,  2.050797E-01,  5.712528E-01,  1.713718E-02,  8.606249E+01,  6.711812E-06,  5.035394E-08,  4.965589E-06,  1.507148E-09,  1.948363E-05, -6.220896E+01,  3.661457E-02,  1.245393E-01,  1.562038E-02,  8.802726E+01,  1.073031E-06,  4.894245E-09,  4.629532E-06,  1.223561E-09,  6.981266E-06, -8.852471E+01,  1.184224E-01,  3.298673E-01,  5.850507E-03,  1.688950E+02,  2.634941E-06,  7.866884E-09,  3.327415E-06,  5.151533E-10,  8.320610E-06, -8.813219E+01,  1.190113E-01,  3.315079E-01,  1.118410E-03,  1.681869E+02,  6.245907E-07,  1.150225E-09,  6.334655E-07,  6.187790E-11,  1.784711E-06
  2.683846E+00, -5.768530E+01,  2.045373E-01,  5.697418E-01,  1.710976E-02,  8.648794E+01,  6.702470E-06,  5.063065E-08,  4.982156E-06,  1.519834E-09,  1.947056E-05, -6.234639E+01,  3.656412E-02,  1.243678E-01,  1.561013E-02,  8.807006E+01,  1.072419E-06,  4.938607E-09,  4.628743E-06,  1.235352E-09,  6.978389E-06, -8.875723E+01,  1.180776E-01,  3.289069E-01,  5.852036E-03,  1.693110E+02,  2.635540E-06,  7.976019E-09,  3.336482E-06,  5.236607E-10,  8.329001E-06, -8.836565E+01,  1.186600E-01,  3.305292E-01,  1.123864E-03,  1.686090E+02,  6.272395E-07,  1.176218E-09,  6.381517E-07,  6.350590E-11,  1.794005E-06
  2.699166E+00, -5.780437E+01,  2.040056E-01,  5.682607E-01,  1.708292E-02,  8.690585E+01,  6.693322E-06,  5.090696E-08,  4.998379E-06,  1.532562E-09,  1.945778E-05, -6.248151E+01,  3.651499E-02,  1.242007E-01,  1.560007E-02,  8.811180E+01,  1.071817E-06,  4.982942E-09,  4.627953E-06,  1.247140E-09,  6.975557E-06, -8.898598E+01,  1.177413E-01,  3.279702E-01,  5.853529E-03,  1.697178E+02,  2.636126E-06,  8.085176E-09,  3.345351E-06,  5.321905E-10,  8.337216E-06, -8.859534E+01,  1.183173E-01,  3.295747E-01,  1.129188E-03,  1.690217E+02,  6.298243E-07,  1.202318E-09,  6.427445E-07,  6.514559E-11,  1.803092E-06
  2.714486E+00, -5.792148E+01,  2.034842E-01,  5.668084E-01,  1.705664E-02,  8.731647E+01,  6.684360E-06,  5.118290E-08,  5.014270E-06,  1.545330E-09,  1.944530E-05, -6.261441E+01,  3.646713E-02,  1.240379E-01,  1.559020E-02,  8.815247E+01,  1.071227E-06,  5.027251E-09,  4.627160E-06,  1.258926E-09,  6.972769E-06, -8.921109E+01,  1.174132E-01,  3.270564E-01,  5.854989E-03,  1.701156E+02,  2.636698E-06,  8.194354E-09,  3.354030E-06,  5.407423E-10,  8.345263E-06, -8.882137E+01,  1.179830E-01,  3.286434E-01,  1.134390E-03,  1.694253E+02,  6.323477E-07,  1.228522E-09,  6.472473E-07,  6.679675E-11,  1.811981E-06
  2.729807E+00, -5.803670E+01,  2.029728E-01,  5.653839E-01,  1.703088E-02,  8.772006E+01,  6.675578E-06,  5.145847E-08,  5.029842E-06,  1.558137E-09,  1.943309E-05, -6.274517E+01,  3.642048E-02,  1.238792E-01,  1.558048E-02,  8.819235E+01,  1.070646E-06,  5.071535E-09,  4.626369E-06,  1.270710E-09,  6.970023E-06, -8.943266E+01,  1.170930E-01,  3.261644E-01,  5.856417E-03,  1.705049E+02,  2.637257E-06,  8.303552E-09,  3.362525E-06,  5.493156E-10,  8.353147E-06, -8.904387E+01,  1.176567E-01,  3.277345E-01,  1.139473E-03,  1.698203E+02,  6.348121E-07,  1.254828E-09,  6.516633E-07,  6.845914E-11,  1.820679E-06
  2.745127E+00, -5.815010E+01,  2.024710E-01,  5.639860E-01,  1.700563E-02,  8.811686E+01,  6.666967E-06,  5.173367E-08,  5.045107E-06,  1.570983E-09,  1.942115E-05, -6.287386E+01,  3.637499E-02,  1.237244E-01,  1.557094E-02,  8.823123E+01,  1.070076E-06,  5.115794E-09,  4.625577E-06,  1.282492E-09,  6.967319E-06, -8.965080E+01,  1.167804E-01,  3.252936E-01,  5.857815E-03,  1.708860E+02,  2.637805E-06,  8.412769E-09,  3.370843E-06,  5.579099E-10,  8.360875E-06, -8.926293E+01,  1.173381E-01,  3.268470E-01,  1.144443E-03,  1.702069E+02,  6.372201E-07,  1.281232E-09,  6.559954E-07,  7.013255E-11,  1.829194E-06
  2.760448E+00, -5.826173E+01,  2.019784E-01,  5.626140E-01,  1.698088E-02,  8.850710E+01,  6.658523E-06,  5.200851E-08,  5.060075E-06,  1.583868E-09,  1.940946E-05, -6.300055E+01,  3.633060E-02,  1.235735E-01,  1.556158E-02,  8.826920E+01,  1.069516E-06,  5.160029E-09,  4.624784E-06,  1.294271E-09,  6.964655E-06, -8.986562E+01,  1.164750E-01,  3.244429E-01,  5.859184E-03,  1.712591E+02,  2.638341E-06,  8.522006E-09,  3.378992E-06,  5.665248E-10,  8.368453E-06, -8.947866E+01,  1.170269E-01,  3.259802E-01,  1.149303E-03,  1.705855E+02,  6.395738E-07,  1.307734E-09,  6.602465E-07,  7.181678E-11,  1.837532E-06
  2.775768E+00, -5.837166E+01,  2.014948E-01,  5.612668E-01,  1.695660E-02,  8.889099E+01,  6.650239E-06,  5.228300E-08,  5.074758E-06,  1.596789E-09,  1.939802E-05, -6.312531E+01,  3.628728E-02,  1.234261E-01,  1.555235E-02,  8.830645E+01,  1.068965E-06,  5.204239E-09,  4.623994E-06,  1.306048E-09,  6.962031E-06, -9.007722E+01,  1.161766E-01,  3.236117E-01,  5.860525E-03,  1.716245E+02,  2.638866E-06,  8.631261E-09,  3.386977E-06,  5.751600E-10,  8.375887E-06, -8.969117E+01,  1.167228E-01,  3.251332E-01,  1.154058E-03,  1.709563E+02,  6.418754E-07,  1.334330E-09,  6.644191E-07,  7.351162E-11,  1.845700E-06
  2.798749E+00, -5.853277E+01,  2.007885E-01,  5.592995E-01,  1.692119E-02,  8.945288E+01,  6.638157E-06,  5.269397E-08,  5.096176E-06,  1.616252E-09,  1.938139E-05, -6.330801E+01,  3.622451E-02,  1.232126E-01,  1.553886E-02,  8.836043E+01,  1.068158E-06,  5.270502E-09,  4.622808E-06,  1.323708E-09,  6.958177E-06, -9.038708E+01,  1.157439E-01,  3.224065E-01,  5.862483E-03,  1.721559E+02,  2.639634E-06,  8.795186E-09,  3.398600E-06,  5.881567E-10,  8.386728E-06, -9.000237E+01,  1.162819E-01,  3.239050E-01,  1.160969E-03,  1.714955E+02,  6.452182E-07,  1.374431E-09,  6.705059E-07,  7.607712E-11,  1.857588E-06
  2.821730E+00, -5.869040E+01,  2.001005E-01,  5.573829E-01,  1.688675E-02,  9.000178E+01,  6.626400E-06,  5.310419E-08,  5.117013E-06,  1.635794E-09,  1.936525E-05, -6.348683E+01,  3.616385E-02,  1.230063E-01,  1.552569E-02,  8.841280E+01,  1.067370E-06,  5.336713E-09,  4.621627E-06,  1.341363E-09,  6.954403E-06, -9.069034E+01,  1.153253E-01,  3.212404E-01,  5.864387E-03,  1.726718E+02,  2.640379E-06,  8.959149E-09,  3.409890E-06,  6.011963E-10,  8.397277E-06, -9.030694E+01,  1.158554E-01,  3.227169E-01,  1.167668E-03,  1.720189E+02,  6.484558E-07,  1.414732E-09,  6.764328E-07,  7.866522E-11,  1.869131E-06
  2.844710E+00, -5.884470E+01,  1.994298E-01,  5.555147E-01,  1.685322E-02,  9.053828E+01,  6.614952E-06,  5.351368E-08,  5.137297E-06,  1.655414E-09,  1.934958E-05, -6.366190E+01,  3.610520E-02,  1.228068E-01,  1.551282E-02,  8.846355E+01,  1.066600E-06,  5.402873E-09,  4.620449E-06,  1.359013E-09,  6.950707E-06, -9.098728E+01,  1.149200E-01,  3.201115E-01,  5.866238E-03,  1.731729E+02,  2.641104E-06,  9.123152E-09,  3.420865E-06,  6.142774E-10,  8.407548E-06, -9.060517E+01,  1.154424E-01,  3.215666E-01,  1.174165E-03,  1.725273E+02,  6.515940E-07,  1.455226E-09,  6.822072E-07,  8.127535E-11,  1.880348E-06
  2.867691E+00, -5.899583E+01,  1.987756E-01,  5.536924E-01,  1.682056E-02,  9.106292E+01,  6.603798E-06,  5.392246E-08,  5.157056E-06,  1.675108E-09,  1.933436E-05, -6.383338E+01,  3.604843E-02,  1.226137E-01,  1.550025E-02,  8.851279E+01,  1.065848E-06,  5.468984E-09,  4.619275E-06,  1.376658E-09,  6.947085E-06, -9.127816E+01,  1.145274E-01,  3.190177E-01,  5.868040E-03,  1.736599E+02,  2.641810E-06,  9.287191E-09,  3.431541E-06,  6.273990E-10,  8.417554E-06, -9.089732E+01,  1.150423E-01,  3.204522E-01,  1.180472E-03,  1.730215E+02,  6.546379E-07,  1.495909E-09,  6.878361E-07,  8.390695E-11,  1.891254E-06
  2.890672E+00, -5.914393E+01,  1.981371E-01,  5.519140E-01,  1.678872E-02,  9.157624E+01,  6.592923E-06,  5.433055E-08,  5.176313E-06,  1.694876E-09,  1.931956E-05, -6.400142E+01,  3.599346E-02,  1.224267E-01,  1.548795E-02,  8.856065E+01,  1.065113E-06,  5.535046E-09,  4.618107E-06,  1.394298E-09,  6.943535E-06, -9.156322E+01,  1.141467E-01,  3.179573E-01,  5.869796E-03,  1.741337E+02,  2.642498E-06,  9.451266E-09,  3.441931E-06,  6.405599E-10,  8.427310E-06, -9.118363E+01,  1.146545E-01,  3.193718E-01,  1.186598E-03,  1.735021E+02,  6.575924E-07,  1.536773E-09,  6.933260E-07,  8.655948E-11,  1.901865E-06
  2.913652E+00, -5.928913E+01,  1.975137E-01,  5.501775E-01,  1.675768E-02,  9.207870E+01,  6.582314E-06,  5.473795E-08,  5.195092E-06,  1.714714E-09,  1.930516E-05, -6.416617E+01,  3.594018E-02,  1.222455E-01,  1.547594E-02,  8.860703E+01,  1.064394E-06,  5.601061E-09,  4.616942E-06,  1.411933E-09,  6.940053E-06, -9.184270E+01,  1.137774E-01,  3.169286E-01,  5.871508E-03,  1.745946E+02,  2.643168E-06,  9.615376E-09,  3.452048E-06,  6.537591E-10,  8.436826E-06, -9.146434E+01,  1.142782E-01,  3.183238E-01,  1.192552E-03,  1.739698E+02,  6.604621E-07,  1.577814E-09,  6.986830E-07,  8.923244E-11,  1.912194E-06
  2.936633E+00, -5.943155E+01,  1.969047E-01,  5.484811E-01,  1.672738E-02,  9.257077E+01,  6.571960E-06,  5.514470E-08,  5.213415E-06,  1.734622E-09,  1.929115E-05, -6.432775E+01,  3.588852E-02,  1.220698E-01,  1.546416E-02,  8.865230E+01,  1.063689E-06,  5.667029E-09,  4.615785E-06,  1.429563E-09,  6.936638E-06, -9.211682E+01,  1.134189E-01,  3.159300E-01,  5.873178E-03,  1.750434E+02,  2.643822E-06,  9.779520E-09,  3.461907E-06,  6.669956E-10,  8.446113E-06, -9.173968E+01,  1.139130E-01,  3.173065E-01,  1.198342E-03,  1.744251E+02,  6.632511E-07,  1.619027E-09,  7.039128E-07,  9.192534E-11,  1.922255E-06
  2.959614E+00, -5.957130E+01,  1.963094E-01,  5.468229E-01,  1.669780E-02,  9.305286E+01,  6.561849E-06,  5.555080E-08,  5.231302E-06,  1.754598E-09,  1.927750E-05, -6.448630E+01,  3.583837E-02,  1.218992E-01,  1.545264E-02,  8.869623E+01,  1.062999E-06,  5.732952E-09,  4.614633E-06,  1.447187E-09,  6.933286E-06, -9.238578E+01,  1.130707E-01,  3.149601E-01,  5.874809E-03,  1.754806E+02,  2.644461E-06,  9.943697E-09,  3.471517E-06,  6.802684E-10,  8.455182E-06, -9.200984E+01,  1.135583E-01,  3.163185E-01,  1.203977E-03,  1.748686E+02,  6.659633E-07,  1.660408E-09,  7.090209E-07,  9.463771E-11,  1.932061E-06
  2.982594E+00, -5.970849E+01,  1.957273E-01,  5.452015E-01,  1.666891E-02,  9.352538E+01,  6.551971E-06,  5.595627E-08,  5.248771E-06,  1.774641E-09,  1.926421E-05, -6.464194E+01,  3.578968E-02,  1.217336E-01,  1.544135E-02,  8.873900E+01,  1.062324E-06,  5.798830E-09,  4.613487E-06,  1.464807E-09,  6.929995E-06, -9.264979E+01,  1.127323E-01,  3.140175E-01,  5.876402E-03,  1.759068E+02,  2.645085E-06,  1.010791E-08,  3.480891E-06,  6.935767E-10,  8.464043E-06, -9.227502E+01,  1.132136E-01,  3.153584E-01,  1.209462E-03,  1.753009E+02,  6.686025E-07,  1.701950E-09,  7.140121E-07,  9.736910E-11,  1.941623E-06
  3.000000E+00, -5.981103E+01,  1.952938E-01,  5.439938E-01,  1.664741E-02,  9.387806E+01,  6.544617E-06,  5.626301E-08,  5.261770E-06,  1.789858E-09,  1.925433E-05, -6.475832E+01,  3.575361E-02,  1.216109E-01,  1.543293E-02,  8.877081E+01,  1.061820E-06,  5.848700E-09,  4.612624E-06,  1.478149E-09,  6.927538E-06, -9.284722E+01,  1.124814E-01,  3.133186E-01,  5.877586E-03,  1.762235E+02,  2.645549E-06,  1.023230E-08,  3.487861E-06,  7.036764E-10,  8.470639E-06, -9.247333E+01,  1.129581E-01,  3.146465E-01,  1.213534E-03,  1.756223E+02,  6.705605E-07,  1.733506E-09,  7.177292E-07,  9.944858E-11,  1.948729E-06
  3.026108E+00, -5.996165E+01,  1.946591E-01,  5.422260E-01,  1.661597E-02,  9.439534E+01,  6.533863E-06,  5.672235E-08,  5.280775E-06,  1.812766E-09,  1.923992E-05, -6.492911E+01,  3.570120E-02,  1.214327E-01,  1.542059E-02,  8.881704E+01,  1.061081E-06,  5.923450E-09,  4.611336E-06,  1.498156E-09,  6.923925E-06, -9.313686E+01,  1.121166E-01,  3.123026E-01,  5.879322E-03,  1.766852E+02,  2.646228E-06,  1.041892E-08,  3.498031E-06,  7.188695E-10,  8.480285E-06, -9.276426E+01,  1.125866E-01,  3.136116E-01,  1.219469E-03,  1.760906E+02,  6.734123E-07,  1.781039E-09,  7.231622E-07,  1.025913E-10,  1.959100E-06
  3.052217E+00, -6.010933E+01,  1.940396E-01,  5.405002E-01,  1.658531E-02,  9.490164E+01,  6.523374E-06,  5.718092E-08,  5.299305E-06,  1.835753E-09,  1.922591E-05, -6.509659E+01,  3.565039E-02,  1.212598E-01,  1.540851E-02,  8.886200E+01,  1.060358E-06,  5.998145E-09,  4.610058E-06,  1.518157E-09,  6.920383E-06, -9.342079E+01,  1.117629E-01,  3.113172E-01,  5.881016E-03,  1.771343E+02,  2.646892E-06,  1.060558E-08,  3.507933E-06,  7.341052E-10,  8.489694E-06, -9.304946E+01,  1.122263E-01,  3.126080E-01,  1.225236E-03,  1.765462E+02,  6.761821E-07,  1.828766E-09,  7.284621E-07,  1.057570E-10,  1.969195E-06
  3.078325E+00, -6.025420E+01,  1.934343E-01,  5.388143E-01,  1.655540E-02,  9.539740E+01,  6.513136E-06,  5.763875E-08,  5.317382E-06,  1.858818E-09,  1.921227E-05, -6.526089E+01,  3.560111E-02,  1.210922E-01,  1.539669E-02,  8.890576E+01,  1.059650E-06,  6.072787E-09,  4.608791E-06,  1.538151E-09,  6.916911E-06, -9.369923E+01,  1.114195E-01,  3.103608E-01,  5.882668E-03,  1.775715E+02,  2.647539E-06,  1.079228E-08,  3.517580E-06,  7.493822E-10,  8.498878E-06, -9.332915E+01,  1.118766E-01,  3.116341E-01,  1.230844E-03,  1.769897E+02,  6.788740E-07,  1.876681E-09,  7.336346E-07,  1.089451E-10,  1.979027E-06
  3.104433E+00, -6.039638E+01,  1.928429E-01,  5.371667E-01,  1.652619E-02,  9.588306E+01,  6.503138E-06,  5.809585E-08,  5.335027E-06,  1.881959E-09,  1.919899E-05, -6.542213E+01,  3.555328E-02,  1.209295E-01,  1.538512E-02,  8.894823E+01,  1.058958E-06,  6.147376E-09,  4.607530E-06,  1.558139E-09,  6.913503E-06, -9.397241E+01,  1.110861E-01,  3.094321E-01,  5.884282E-03,  1.779974E+02,  2.648171E-06,  1.097902E-08,  3.526983E-06,  7.646995E-10,  8.507847E-06, -9.360355E+01,  1.115371E-01,  3.106883E-01,  1.236300E-03,  1.774217E+02,  6.814916E-07,  1.924778E-09,  7.386853E-07,  1.121550E-10,  1.988609E-06
  3.130542E+00, -6.053596E+01,  1.922645E-01,  5.355558E-01,  1.649766E-02,  9.635903E+01,  6.493370E-06,  5.855224E-08,  5.352257E-06,  1.905174E-09,  1.918605E-05, -6.558043E+01,  3.550683E-02,  1.207715E-01,  1.537378E-02,  8.898969E+01,  1.058279E-06,  6.221914E-09,  4.606281E-06,  1.578121E-09,  6.910160E-06, -9.424053E+01,  1.107621E-01,  3.085296E-01,  5.885860E-03,  1.784123E+02,  2.648788E-06,  1.116579E-08,  3.536153E-06,  7.800562E-10,  8.516609E-06, -9.387287E+01,  1.112072E-01,  3.097694E-01,  1.241613E-03,  1.778426E+02,  6.840386E-07,  1.973054E-09,  7.436193E-07,  1.153862E-10,  1.997952E-06
  3.156650E+00, -6.067305E+01,  1.916988E-01,  5.339800E-01,  1.646978E-02,  9.682568E+01,  6.483822E-06,  5.900793E-08,  5.369090E-06,  1.928462E-09,  1.917344E-05, -6.573589E+01,  3.546169E-02,  1.206180E-01,  1.536268E-02,  8.903005E+01,  1.057613E-06,  6.296401E-09,  4.605042E-06,  1.598097E-09,  6.906878E-06, -9.450378E+01,  1.104472E-01,  3.076523E-01,  5.887401E-03,  1.788169E+02,  2.649392E-06,  1.135259E-08,  3.545100E-06,  7.954511E-10,  8.525174E-06, -9.413728E+01,  1.108865E-01,  3.088761E-01,  1.246788E-03,  1.782529E+02,  6.865182E-07,  2.021502E-09,  7.484413E-07,  1.186384E-10,  2.007066E-06
  3.182758E+00, -6.080775E+01,  1.911452E-01,  5.324379E-01,  1.644252E-02,  9.728337E+01,  6.474484E-06,  5.946294E-08,  5.385544E-06,  1.951820E-09,  1.916114E-05, -6.588862E+01,  3.541781E-02,  1.204687E-01,  1.535180E-02,  8.906928E+01,  1.056962E-06,  6.370839E-09,  4.603810E-06,  1.618067E-09,  6.903654E-06, -9.476233E+01,  1.101408E-01,  3.067988E-01,  5.888909E-03,  1.792116E+02,  2.649982E-06,  1.153943E-08,  3.553834E-06,  8.108835E-10,  8.533550E-06, -9.439699E+01,  1.105746E-01,  3.080072E-01,  1.251831E-03,  1.786531E+02,  6.889335E-07,  2.070119E-09,  7.531561E-07,  1.219109E-10,  2.015962E-06
  3.208867E+00, -6.094014E+01,  1.906032E-01,  5.309282E-01,  1.641586E-02,  9.773244E+01,  6.465349E-06,  5.991728E-08,  5.401632E-06,  1.975247E-09,  1.914913E-05, -6.603874E+01,  3.537511E-02,  1.203235E-01,  1.534112E-02,  8.910768E+01,  1.056322E-06,  6.445227E-09,  4.602591E-06,  1.638030E-09,  6.900489E-06, -9.501636E+01,  1.098426E-01,  3.059682E-01,  5.890384E-03,  1.795967E+02,  2.650560E-06,  1.172629E-08,  3.562364E-06,  8.263524E-10,  8.541744E-06, -9.465215E+01,  1.102710E-01,  3.071615E-01,  1.256748E-03,  1.790437E+02,  6.912875E-07,  2.118900E-09,  7.577678E-07,  1.252033E-10,  2.024648E-06
  3.234975E+00, -6.107032E+01,  1.900724E-01,  5.294496E-01,  1.638977E-02,  9.817320E+01,  6.456407E-06,  6.037096E-08,  5.417371E-06,  1.998742E-09,  1.913741E-05, -6.618633E+01,  3.533356E-02,  1.201822E-01,  1.533064E-02,  8.914509E+01,  1.055695E-06,  6.519568E-09,  4.601380E-06,  1.657988E-09,  6.897378E-06, -9.526604E+01,  1.095522E-01,  3.051593E-01,  5.891828E-03,  1.799728E+02,  2.651125E-06,  1.191319E-08,  3.570698E-06,  8.418569E-10,  8.549765E-06, -9.490293E+01,  1.099754E-01,  3.063381E-01,  1.261546E-03,  1.794251E+02,  6.935827E-07,  2.167841E-09,  7.622805E-07,  1.285152E-10,  2.033134E-06
  3.261083E+00, -6.119836E+01,  1.895523E-01,  5.280009E-01,  1.636422E-02,  9.860596E+01,  6.447652E-06,  6.082401E-08,  5.432773E-06,  2.022303E-09,  1.912596E-05, -6.633148E+01,  3.529309E-02,  1.200445E-01,  1.532038E-02,  8.918152E+01,  1.055079E-06,  6.593862E-09,  4.600178E-06,  1.677939E-09,  6.894320E-06, -9.551151E+01,  1.092693E-01,  3.043713E-01,  5.893242E-03,  1.803400E+02,  2.651678E-06,  1.210012E-08,  3.578843E-06,  8.573963E-10,  8.557619E-06, -9.514949E+01,  1.096874E-01,  3.055360E-01,  1.266228E-03,  1.797975E+02,  6.958218E-07,  2.216939E-09,  7.666979E-07,  1.318463E-10,  2.041428E-06
  3.287192E+00, -6.132433E+01,  1.890426E-01,  5.265810E-01,  1.633920E-02,  9.903100E+01,  6.439075E-06,  6.127643E-08,  5.447852E-06,  2.045929E-09,  1.911477E-05, -6.647429E+01,  3.525365E-02,  1.199104E-01,  1.531028E-02,  8.921720E+01,  1.054475E-06,  6.668110E-09,  4.598987E-06,  1.697885E-09,  6.891314E-06, -9.575292E+01,  1.089936E-01,  3.036032E-01,  5.894627E-03,  1.806990E+02,  2.652220E-06,  1.228708E-08,  3.586809E-06,  8.729697E-10,  8.565312E-06, -9.539197E+01,  1.094067E-01,  3.047542E-01,  1.270800E-03,  1.801615E+02,  6.980071E-07,  2.266188E-09,  7.710237E-07,  1.351960E-10,  2.049538E-06
  3.313300E+00, -6.144831E+01,  1.885428E-01,  5.251889E-01,  1.631469E-02,  9.944860E+01,  6.430670E-06,  6.172823E-08,  5.462619E-06,  2.069618E-09,  1.910384E-05, -6.661482E+01,  3.521521E-02,  1.197796E-01,  1.530037E-02,  8.925205E+01,  1.053881E-06,  6.742312E-09,  4.597807E-06,  1.717824E-09,  6.888358E-06, -9.599041E+01,  1.087247E-01,  3.028543E-01,  5.895984E-03,  1.810498E+02,  2.652752E-06,  1.247407E-08,  3.594601E-06,  8.885764E-10,  8.572850E-06, -9.563051E+01,  1.091331E-01,  3.039919E-01,  1.275266E-03,  1.805173E+02,  7.001408E-07,  2.315586E-09,  7.752614E-07,  1.385641E-10,  2.057470E-06
  3.339408E+00, -6.157037E+01,  1.880526E-01,  5.238234E-01,  1.629067E-02,  9.985899E+01,  6.422431E-06,  6.217943E-08,  5.477087E-06,  2.093369E-09,  1.909314E-05, -6.675317E+01,  3.517772E-02,  1.196521E-01,  1.529064E-02,  8.928605E+01,  1.053298E-06,  6.816470E-09,  4.596634E-06,  1.737758E-09,  6.885451E-06, -9.622411E+01,  1.084624E-01,  3.021236E-01,  5.897314E-03,  1.813930E+02,  2.653272E-06,  1.266109E-08,  3.602226E-06,  9.042157E-10,  8.580240E-06, -9.586524E+01,  1.088661E-01,  3.032482E-01,  1.279631E-03,  1.808652E+02,  7.022251E-07,  2.365129E-09,  7.794140E-07,  1.419500E-10,  2.065233E-06
  3.365517E+00, -6.169057E+01,  1.875716E-01,  5.224837E-01,  1.626711E-02,  1.002624E+02,  6.414352E-06,  6.263004E-08,  5.491267E-06,  2.117180E-09,  1.908268E-05, -6.688940E+01,  3.514114E-02,  1.195277E-01,  1.528109E-02,  8.931927E+01,  1.052725E-06,  6.890583E-09,  4.595471E-06,  1.757686E-09,  6.882590E-06, -9.645415E+01,  1.082063E-01,  3.014104E-01,  5.898617E-03,  1.817287E+02,  2.653782E-06,  1.284813E-08,  3.609691E-06,  9.198868E-10,  8.587487E-06, -9.609629E+01,  1.086056E-01,  3.025224E-01,  1.283898E-03,  1.812056E+02,  7.042619E-07,  2.414813E-09,  7.834848E-07,  1.453536E-10,  2.072832E-06
  3.391625E+00, -6.180896E+01,  1.870996E-01,  5.211689E-01,  1.624401E-02,  1.006592E+02,  6.406426E-06,  6.308007E-08,  5.505168E-06,  2.141052E-09,  1.907244E-05, -6.702359E+01,  3.510543E-02,  1.194062E-01,  1.527168E-02,  8.935189E+01,  1.052161E-06,  6.964653E-09,  4.594320E-06,  1.777608E-09,  6.879774E-06, -9.668064E+01,  1.079563E-01,  3.007141E-01,  5.899896E-03,  1.820573E+02,  2.654283E-06,  1.303520E-08,  3.617001E-06,  9.355892E-10,  8.594595E-06, -9.632377E+01,  1.083512E-01,  3.018138E-01,  1.288072E-03,  1.815387E+02,  7.062532E-07,  2.464636E-09,  7.874766E-07,  1.487744E-10,  2.080273E-06
  3.417733E+00, -6.192562E+01,  1.866362E-01,  5.198780E-01,  1.622135E-02,  1.010494E+02,  6.398648E-06,  6.352952E-08,  5.518800E-06,  2.164981E-09,  1.906242E-05, -6.715579E+01,  3.507056E-02,  1.192876E-01,  1.526244E-02,  8.938374E+01,  1.051607E-06,  7.038681E-09,  4.593177E-06,  1.797524E-09,  6.877003E-06, -9.690370E+01,  1.077122E-01,  3.000339E-01,  5.901151E-03,  1.823790E+02,  2.654774E-06,  1.322230E-08,  3.624163E-06,  9.513220E-10,  8.601570E-06, -9.654780E+01,  1.081027E-01,  3.011217E-01,  1.292155E-03,  1.818648E+02,  7.082006E-07,  2.514595E-09,  7.913921E-07,  1.522121E-10,  2.087563E-06
  3.443842E+00, -6.204060E+01,  1.861811E-01,  5.186104E-01,  1.619910E-02,  1.014333E+02,  6.391013E-06,  6.397841E-08,  5.532173E-06,  2.188968E-09,  1.905260E-05, -6.728607E+01,  3.503649E-02,  1.191717E-01,  1.525336E-02,  8.941486E+01,  1.051063E-06,  7.112666E-09,  4.592043E-06,  1.817435E-09,  6.874274E-06, -9.712344E+01,  1.074736E-01,  2.993692E-01,  5.902381E-03,  1.826941E+02,  2.655256E-06,  1.340942E-08,  3.631181E-06,  9.670849E-10,  8.608416E-06, -9.676849E+01,  1.078599E-01,  3.004455E-01,  1.296152E-03,  1.821842E+02,  7.101060E-07,  2.564686E-09,  7.952339E-07,  1.556663E-10,  2.094708E-06
  3.469950E+00, -6.215394E+01,  1.857341E-01,  5.173652E-01,  1.617726E-02,  1.018112E+02,  6.383516E-06,  6.442675E-08,  5.545297E-06,  2.213011E-09,  1.904298E-05, -6.741450E+01,  3.500319E-02,  1.190585E-01,  1.524442E-02,  8.944537E+01,  1.050527E-06,  7.186610E-09,  4.590918E-06,  1.837340E-09,  6.871586E-06, -9.733995E+01,  1.072403E-01,  2.987195E-01,  5.903589E-03,  1.830028E+02,  2.655728E-06,  1.359657E-08,  3.638061E-06,  9.828770E-10,  8.615138E-06, -9.698595E+01,  1.076226E-01,  2.997845E-01,  1.300065E-03,  1.824971E+02,  7.119707E-07,  2.614906E-09,  7.990047E-07,  1.591369E-10,  2.101711E-06
  3.496058E+00, -6.226569E+01,  1.852948E-01,  5.161416E-01,  1.615581E-02,  1.021831E+02,  6.376153E-06,  6.487455E-08,  5.558178E-06,  2.237109E-09,  1.903356E-05, -6.754112E+01,  3.497064E-02,  1.189477E-01,  1.523561E-02,  8.947533E+01,  1.049999E-06,  7.260513E-09,  4.589804E-06,  1.857239E-09,  6.868938E-06, -9.755335E+01,  1.070122E-01,  2.980842E-01,  5.904775E-03,  1.833053E+02,  2.656193E-06,  1.378374E-08,  3.644807E-06,  9.986978E-10,  8.621740E-06, -9.720026E+01,  1.073906E-01,  2.991381E-01,  1.303897E-03,  1.828038E+02,  7.137963E-07,  2.665253E-09,  8.027067E-07,  1.626234E-10,  2.108579E-06
  3.500000E+00, -6.228256E+01,  1.852287E-01,  5.159574E-01,  1.615258E-02,  1.022392E+02,  6.375044E-06,  6.494215E-08,  5.560116E-06,  2.240749E-09,  1.903214E-05, -6.756026E+01,  3.496574E-02,  1.189311E-01,  1.523429E-02,  8.947984E+01,  1.049919E-06,  7.271670E-09,  4.589636E-06,  1.860243E-09,  6.868540E-06, -9.758560E+01,  1.069779E-01,  2.979886E-01,  5.904953E-03,  1.833509E+02,  2.656262E-06,  1.381199E-08,  3.645823E-06,  1.001087E-09,  8.622734E-06, -9.723266E+01,  1.073557E-01,  2.990408E-01,  1.304474E-03,  1.828500E+02,  7.140709E-07,  2.672856E-09,  8.032645E-07,  1.631501E-10,  2.109612E-06
  3.505912E+00, -6.230777E+01,  1.851299E-01,  5.156821E-01,  1.614776E-02,  1.023230E+02,  6.373387E-06,  6.504351E-08,  5.563012E-06,  2.246211E-09,  1.903002E-05, -6.758887E+01,  3.495843E-02,  1.189062E-01,  1.523231E-02,  8.948656E+01,  1.049801E-06,  7.288402E-09,  4.589384E-06,  1.864749E-09,  6.867944E-06, -9.763380E+01,  1.069267E-01,  2.978459E-01,  5.905219E-03,  1.834189E+02,  2.656366E-06,  1.385438E-08,  3.647340E-06,  1.004672E-09,  8.624219E-06, -9.728107E+01,  1.073036E-01,  2.988957E-01,  1.305334E-03,  1.829190E+02,  7.144808E-07,  2.684268E-09,  8.040977E-07,  1.639410E-10,  2.111156E-06
  3.514781E+00, -6.234540E+01,  1.849825E-01,  5.152716E-01,  1.614057E-02,  1.024480E+02,  6.370918E-06,  6.519548E-08,  5.567328E-06,  2.254410E-09,  1.902686E-05, -6.763154E+01,  3.494756E-02,  1.188692E-01,  1.522935E-02,  8.949657E+01,  1.049624E-06,  7.313495E-09,  4.589008E-06,  1.871507E-09,  6.867054E-06, -9.770572E+01,  1.068504E-01,  2.976335E-01,  5.905615E-03,  1.835203E+02,  2.656521E-06,  1.391796E-08,  3.649601E-06,  1.010053E-09,  8.626433E-06, -9.735330E+01,  1.072260E-01,  2.986796E-01,  1.306616E-03,  1.830217E+02,  7.150912E-07,  2.701401E-09,  8.053396E-07,  1.651292E-10,  2.113457E-06
  3.528083E+00, -6.240143E+01,  1.847634E-01,  5.146613E-01,  1.612988E-02,  1.026340E+02,  6.367246E-06,  6.542331E-08,  5.573743E-06,  2.266722E-09,  1.902217E-05, -6.769504E+01,  3.493143E-02,  1.188144E-01,  1.522496E-02,  8.951142E+01,  1.049360E-06,  7.351125E-09,  4.588445E-06,  1.881642E-09,  6.865730E-06, -9.781275E+01,  1.067373E-01,  2.973184E-01,  5.906204E-03,  1.836708E+02,  2.656752E-06,  1.401334E-08,  3.652958E-06,  1.018132E-09,  8.629724E-06, -9.746079E+01,  1.071109E-01,  2.983591E-01,  1.308520E-03,  1.831743E+02,  7.159975E-07,  2.727131E-09,  8.071850E-07,  1.669155E-10,  2.116874E-06
  3.548038E+00, -6.248457E+01,  1.844390E-01,  5.137577E-01,  1.611405E-02,  1.029097E+02,  6.361812E-06,  6.576475E-08,  5.583235E-06,  2.285222E-09,  1.901525E-05, -6.778921E+01,  3.490764E-02,  1.187335E-01,  1.521845E-02,  8.953332E+01,  1.048970E-06,  7.407547E-09,  4.587606E-06,  1.896843E-09,  6.863766E-06, -9.797141E+01,  1.065704E-01,  2.968536E-01,  5.907078E-03,  1.838931E+02,  2.657094E-06,  1.415643E-08,  3.657921E-06,  1.030266E-09,  8.634595E-06, -9.762013E+01,  1.069412E-01,  2.978863E-01,  1.311332E-03,  1.833996E+02,  7.173360E-07,  2.765798E-09,  8.099149E-07,  1.696039E-10,  2.121926E-06
  3.577969E+00, -6.260730E+01,  1.839617E-01,  5.124281E-01,  1.609079E-02,  1.033161E+02,  6.353819E-06,  6.627623E-08,  5.597190E-06,  2.313039E-09,  1.900509E-05, -6.792816E+01,  3.487280E-02,  1.186150E-01,  1.520885E-02,  8.956546E+01,  1.048394E-06,  7.492129E-09,  4.586360E-06,  1.919635E-09,  6.860867E-06, -9.820533E+01,  1.063262E-01,  2.961732E-01,  5.908363E-03,  1.842193E+02,  2.657597E-06,  1.437109E-08,  3.665206E-06,  1.048503E-09,  8.641759E-06, -9.785506E+01,  1.066927E-01,  2.971942E-01,  1.315457E-03,  1.837301E+02,  7.192986E-07,  2.823954E-09,  8.139266E-07,  1.736564E-10,  2.129343E-06
  3.607900E+00, -6.272820E+01,  1.834933E-01,  5.111234E-01,  1.606796E-02,  1.037156E+02,  6.345978E-06,  6.678705E-08,  5.610868E-06,  2.340924E-09,  1.899514E-05, -6.806506E+01,  3.483878E-02,  1.184993E-01,  1.519941E-02,  8.959702E+01,  1.047828E-06,  7.576660E-09,  4.585127E-06,  1.942421E-09,  6.858015E-06, -9.843564E+01,  1.060877E-01,  2.955089E-01,  5.909623E-03,  1.845384E+02,  2.658090E-06,  1.458577E-08,  3.672338E-06,  1.066774E-09,  8.648786E-06, -9.808635E+01,  1.064502E-01,  2.965186E-01,  1.319490E-03,  1.840536E+02,  7.212172E-07,  2.882263E-09,  8.178597E-07,  1.777283E-10,  2.136607E-06
  3.637831E+00, -6.284732E+01,  1.830335E-01,  5.098426E-01,  1.604557E-02,  1.041085E+02,  6.338284E-06,  6.729721E-08,  5.624279E-06,  2.368875E-09,  1.898541E-05, -6.819997E+01,  3.480556E-02,  1.183862E-01,  1.519013E-02,  8.962784E+01,  1.047271E-06,  7.661141E-09,  4.583905E-06,  1.965200E-09,  6.855209E-06, -9.866246E+01,  1.058548E-01,  2.948600E-01,  5.910858E-03,  1.848508E+02,  2.658573E-06,  1.480049E-08,  3.679324E-06,  1.085080E-09,  8.655681E-06, -9.831413E+01,  1.062133E-01,  2.958587E-01,  1.323437E-03,  1.843703E+02,  7.230934E-07,  2.940720E-09,  8.217170E-07,  1.818193E-10,  2.143723E-06
  3.667762E+00, -6.296473E+01,  1.825821E-01,  5.085851E-01,  1.602360E-02,  1.044951E+02,  6.330731E-06,  6.780674E-08,  5.637432E-06,  2.396889E-09,  1.897587E-05, -6.833294E+01,  3.477310E-02,  1.182758E-01,  1.518101E-02,  8.965795E+01,  1.046724E-06,  7.745573E-09,  4.582693E-06,  1.987971E-09,  6.852446E-06, -9.888590E+01,  1.056271E-01,  2.942260E-01,  5.912069E-03,  1.851569E+02,  2.659047E-06,  1.501523E-08,  3.686170E-06,  1.103419E-09,  8.662447E-06, -9.853850E+01,  1.059818E-01,  2.952140E-01,  1.327299E-03,  1.846803E+02,  7.249290E-07,  2.999324E-09,  8.255009E-07,  1.859290E-10,  2.150696E-06
  3.697693E+00, -6.308048E+01,  1.821386E-01,  5.073500E-01,  1.600203E-02,  1.048754E+02,  6.323316E-06,  6.831564E-08,  5.650337E-06,  2.424967E-09,  1.896653E-05, -6.846402E+01,  3.474137E-02,  1.181679E-01,  1.517204E-02,  8.968746E+01,  1.046186E-06,  7.829958E-09,  4.581492E-06,  2.010736E-09,  6.849726E-06, -9.910606E+01,  1.054047E-01,  2.936063E-01,  5.913256E-03,  1.854566E+02,  2.659511E-06,  1.522999E-08,  3.692879E-06,  1.121791E-09,  8.669090E-06, -9.875959E+01,  1.057556E-01,  2.945838E-01,  1.331080E-03,  1.849841E+02,  7.267253E-07,  3.058069E-09,  8.292142E-07,  1.900570E-10,  2.157531E-06
  3.727624E+00, -6.319462E+01,  1.817030E-01,  5.061365E-01,  1.598084E-02,  1.052498E+02,  6.316032E-06,  6.882392E-08,  5.663002E-06,  2.453107E-09,  1.895738E-05, -6.859327E+01,  3.471035E-02,  1.180624E-01,  1.516320E-02,  8.971646E+01,  1.045656E-06,  7.914294E-09,  4.580304E-06,  2.033494E-09,  6.847048E-06, -9.932305E+01,  1.051871E-01,  2.930003E-01,  5.914420E-03,  1.857504E+02,  2.659967E-06,  1.544478E-08,  3.699458E-06,  1.140194E-09,  8.675614E-06, -9.897748E+01,  1.055344E-01,  2.939677E-01,  1.334783E-03,  1.852817E+02,  7.284840E-07,  3.116954E-09,  8.328591E-07,  1.942030E-10,  2.164233E-06
  3.757555E+00, -6.330719E+01,  1.812749E-01,  5.049440E-01,  1.596003E-02,  1.056184E+02,  6.308876E-06,  6.933159E-08,  5.675434E-06,  2.481308E-09,  1.894841E-05, -6.872074E+01,  3.468001E-02,  1.179592E-01,  1.515450E-02,  8.974483E+01,  1.045134E-06,  7.998584E-09,  4.579126E-06,  2.056244E-09,  6.844410E-06, -9.953696E+01,  1.049743E-01,  2.924076E-01,  5.915563E-03,  1.860384E+02,  2.660414E-06,  1.565960E-08,  3.705909E-06,  1.158629E-09,  8.682022E-06, -9.919228E+01,  1.053180E-01,  2.933650E-01,  1.338411E-03,  1.855736E+02,  7.302062E-07,  3.175975E-09,  8.364379E-07,  1.983667E-10,  2.170808E-06
  3.787486E+00, -6.341825E+01,  1.808541E-01,  5.037718E-01,  1.593958E-02,  1.059813E+02,  6.301843E-06,  6.983866E-08,  5.687642E-06,  2.509568E-09,  1.893962E-05, -6.884648E+01,  3.465033E-02,  1.178583E-01,  1.514595E-02,  8.977258E+01,  1.044621E-06,  8.082828E-09,  4.577958E-06,  2.078988E-09,  6.841810E-06, -9.974789E+01,  1.047661E-01,  2.918275E-01,  5.916684E-03,  1.863208E+02,  2.660852E-06,  1.587444E-08,  3.712239E-06,  1.177095E-09,  8.688318E-06, -9.940407E+01,  1.051063E-01,  2.927753E-01,  1.341966E-03,  1.858597E+02,  7.318934E-07,  3.235130E-09,  8.399527E-07,  2.025477E-10,  2.177258E-06
  3.817417E+00, -6.352783E+01,  1.804403E-01,  5.026192E-01,  1.591949E-02,  1.063388E+02,  6.294929E-06,  7.034515E-08,  5.699632E-06,  2.537887E-09,  1.893099E-05, -6.897055E+01,  3.462128E-02,  1.177594E-01,  1.513753E-02,  8.979975E+01,  1.044116E-06,  8.167026E-09,  4.576799E-06,  2.101725E-09,  6.839249E-06, -9.995591E+01,  1.045622E-01,  2.912597E-01,  5.917784E-03,  1.865979E+02,  2.661283E-06,  1.608930E-08,  3.718449E-06,  1.195591E-09,  8.694506E-06, -9.961295E+01,  1.048991E-01,  2.921981E-01,  1.345451E-03,  1.861403E+02,  7.335467E-07,  3.294416E-09,  8.434057E-07,  2.067458E-10,  2.183590E-06
  3.847348E+00, -6.363599E+01,  1.800334E-01,  5.014857E-01,  1.589973E-02,  1.066909E+02,  6.288132E-06,  7.085106E-08,  5.711412E-06,  2.566263E-09,  1.892252E-05, -6.909300E+01,  3.459283E-02,  1.176627E-01,  1.512923E-02,  8.982655E+01,  1.043617E-06,  8.251179E-09,  4.575654E-06,  2.124456E-09,  6.836724E-06, -1.001611E+02,  1.043627E-01,  2.907038E-01,  5.918864E-03,  1.868697E+02,  2.661705E-06,  1.630419E-08,  3.724545E-06,  1.214116E-09,  8.700590E-06, -9.981900E+01,  1.046962E-01,  2.916329E-01,  1.348869E-03,  1.864157E+02,  7.351674E-07,  3.353830E-09,  8.467986E-07,  2.109606E-10,  2.189805E-06
  3.877280E+00, -6.374275E+01,  1.796331E-01,  5.003707E-01,  1.588030E-02,  1.070380E+02,  6.281446E-06,  7.135640E-08,  5.722988E-06,  2.594696E-09,  1.891422E-05, -6.921386E+01,  3.456498E-02,  1.175679E-01,  1.512105E-02,  8.985282E+01,  1.043127E-06,  8.335288E-09,  4.574518E-06,  2.147179E-09,  6.834236E-06, -1.003636E+02,  1.041672E-01,  2.901592E-01,  5.919924E-03,  1.871365E+02,  2.662120E-06,  1.651910E-08,  3.730531E-06,  1.232671E-09,  8.706571E-06, -1.000223E+02,  1.044975E-01,  2.910794E-01,  1.352221E-03,  1.866860E+02,  7.367565E-07,  3.413369E-09,  8.501336E-07,  2.151918E-10,  2.195909E-06
  3.907211E+00, -6.384817E+01,  1.792392E-01,  4.992736E-01,  1.586119E-02,  1.073799E+02,  6.274868E-06,  7.186117E-08,  5.734366E-06,  2.623184E-09,  1.890606E-05, -6.933319E+01,  3.453768E-02,  1.174751E-01,  1.511300E-02,  8.987854E+01,  1.042643E-06,  8.419353E-09,  4.573392E-06,  2.169896E-09,  6.831783E-06, -1.005634E+02,  1.039756E-01,  2.896257E-01,  5.920965E-03,  1.873984E+02,  2.662528E-06,  1.673402E-08,  3.736409E-06,  1.251254E-09,  8.712455E-06, -1.002229E+02,  1.043028E-01,  2.905371E-01,  1.355509E-03,  1.869513E+02,  7.383152E-07,  3.473032E-09,  8.534123E-07,  2.194392E-10,  2.201905E-06
  3.937142E+00, -6.395227E+01,  1.788516E-01,  4.981938E-01,  1.584238E-02,  1.077171E+02,  6.268396E-06,  7.236540E-08,  5.745552E-06,  2.651727E-09,  1.889806E-05, -6.945102E+01,  3.451094E-02,  1.173842E-01,  1.510506E-02,  8.990376E+01,  1.042167E-06,  8.503375E-09,  4.572274E-06,  2.192607E-09,  6.829363E-06, -1.007606E+02,  1.037879E-01,  2.891027E-01,  5.921988E-03,  1.876556E+02,  2.662928E-06,  1.694897E-08,  3.742183E-06,  1.269865E-09,  8.718243E-06, -1.004209E+02,  1.041120E-01,  2.900057E-01,  1.358737E-03,  1.872118E+02,  7.398444E-07,  3.532815E-09,  8.566363E-07,  2.237025E-10,  2.207796E-06
  3.967073E+00, -6.405509E+01,  1.784700E-01,  4.971310E-01,  1.582388E-02,  1.080495E+02,  6.262026E-06,  7.286908E-08,  5.756553E-06,  2.680323E-09,  1.889019E-05, -6.956740E+01,  3.448472E-02,  1.172950E-01,  1.509725E-02,  8.992850E+01,  1.041698E-06,  8.587355E-09,  4.571166E-06,  2.215311E-09,  6.826976E-06, -1.009553E+02,  1.036038E-01,  2.885901E-01,  5.922992E-03,  1.879083E+02,  2.663320E-06,  1.716394E-08,  3.747857E-06,  1.288503E-09,  8.723938E-06, -1.006164E+02,  1.039250E-01,  2.894847E-01,  1.361905E-03,  1.874677E+02,  7.413450E-07,  3.592717E-09,  8.598074E-07,  2.279814E-10,  2.213585E-06
  3.997004E+00, -6.415666E+01,  1.780943E-01,  4.960845E-01,  1.580566E-02,  1.083773E+02,  6.255754E-06,  7.337223E-08,  5.767373E-06,  2.708972E-09,  1.888247E-05, -6.968236E+01,  3.445902E-02,  1.172075E-01,  1.508952E-02,  8.995294E+01,  1.041234E-06,  8.671292E-09,  4.570070E-06,  2.238008E-09,  6.824622E-06, -1.011476E+02,  1.034234E-01,  2.880874E-01,  5.923978E-03,  1.881565E+02,  2.663706E-06,  1.737893E-08,  3.753433E-06,  1.307168E-09,  8.729544E-06, -1.008095E+02,  1.037416E-01,  2.889738E-01,  1.365016E-03,  1.877191E+02,  7.428181E-07,  3.652735E-09,  8.629271E-07,  2.322757E-10,  2.219276E-06
  4.000000E+00, -6.416683E+01,  1.780568E-01,  4.959799E-01,  1.580384E-02,  1.084101E+02,  6.255127E-06,  7.342259E-08,  5.768454E-06,  2.711840E-09,  1.888170E-05, -6.969389E+01,  3.445645E-02,  1.171988E-01,  1.508875E-02,  8.995538E+01,  1.041188E-06,  8.679694E-09,  4.569960E-06,  2.240280E-09,  6.824387E-06, -1.011669E+02,  1.034053E-01,  2.880372E-01,  5.924077E-03,  1.881813E+02,  2.663745E-06,  1.740046E-08,  3.753991E-06,  1.309037E-09,  8.730104E-06, -1.008288E+02,  1.037233E-01,  2.889228E-01,  1.365327E-03,  1.877442E+02,  7.429652E-07,  3.658744E-09,  8.632391E-07,  2.327058E-10,  2.219845E-06
  4.004494E+00, -6.360801E+01,  1.801385E-01,  5.017786E-01,  1.588278E-02,  1.065999E+02,  6.282300E-06,  7.349846E-08,  5.700458E-06,  2.716092E-09,  1.890516E-05, -6.968793E+01,  3.445778E-02,  1.172033E-01,  1.508822E-02,  8.995412E+01,  1.041156E-06,  8.692296E-09,  4.569736E-06,  2.243688E-09,  6.824136E-06, -1.011957E+02,  1.033784E-01,  2.879622E-01,  5.924225E-03,  1.882184E+02,  2.663803E-06,  1.743274E-08,  3.754824E-06,  1.311841E-09,  8.730943E-06, -1.008578E+02,  1.036959E-01,  2.888465E-01,  1.365792E-03,  1.877818E+02,  7.431852E-07,  3.667760E-09,  8.637059E-07,  2.333511E-10,  2.220696E-06
  4.011236E+00, -6.250206E+01,  1.843709E-01,  5.135679E-01,  1.604222E-02,  1.029677E+02,  6.337133E-06,  7.361327E-08,  5.561484E-06,  2.722313E-09,  1.895221E-05, -6.953422E+01,  3.449218E-02,  1.173203E-01,  1.509134E-02,  8.992144E+01,  1.041343E-06,  8.711203E-09,  4.569019E-06,  2.248798E-09,  6.824391E-06, -1.012378E+02,  1.033391E-01,  2.878528E-01,  5.924473E-03,  1.882725E+02,  2.663900E-06,  1.748116E-08,  3.756061E-06,  1.316048E-09,  8.732214E-06, -1.009011E+02,  1.036550E-01,  2.887326E-01,  1.366486E-03,  1.878380E+02,  7.435141E-07,  3.681290E-09,  8.644034E-07,  2.343200E-10,  2.221968E-06
  4.021347E+00, -6.086288E+01,  1.909192E-01,  5.318085E-01,  1.628571E-02,  9.747048E+01,  6.420730E-06,  7.378776E-08,  5.344454E-06,  2.731279E-09,  1.902302E-05, -6.883121E+01,  3.465392E-02,  1.178705E-01,  1.510908E-02,  8.976922E+01,  1.042408E-06,  8.739591E-09,  4.566645E-06,  2.256461E-09,  6.826884E-06, -1.012907E+02,  1.032899E-01,  2.877155E-01,  5.925115E-03,  1.883404E+02,  2.664151E-06,  1.755380E-08,  3.757823E-06,  1.322361E-09,  8.734283E-06, -1.009647E+02,  1.035950E-01,  2.885655E-01,  1.367527E-03,  1.879204E+02,  7.440066E-07,  3.701599E-09,  8.654413E-07,  2.357749E-10,  2.223867E-06
  4.031459E+00, -5.932287E+01,  1.973692E-01,  5.497750E-01,  1.652162E-02,  9.219534E+01,  6.501572E-06,  7.396447E-08,  5.128419E-06,  2.739880E-09,  1.909042E-05, -6.765714E+01,  3.494105E-02,  1.188471E-01,  1.514129E-02,  8.950257E+01,  1.044341E-06,  8.768032E-09,  4.562784E-06,  2.264116E-09,  6.831730E-06, -1.013208E+02,  1.032619E-01,  2.876375E-01,  5.926381E-03,  1.883790E+02,  2.664646E-06,  1.762646E-08,  3.759396E-06,  1.328676E-09,  8.736751E-06, -1.010248E+02,  1.035385E-01,  2.884080E-01,  1.368578E-03,  1.879981E+02,  7.445041E-07,  3.721920E-09,  8.664646E-07,  2.372316E-10,  2.225766E-06
  4.041571E+00, -5.787700E+01,  2.036821E-01,  5.673595E-01,  1.674809E-02,  8.716055E+01,  6.579040E-06,  7.414329E-08,  4.914799E-06,  2.748121E-09,  1.915356E-05, -6.613059E+01,  3.534920E-02,  1.202354E-01,  1.518671E-02,  8.913100E+01,  1.047066E-06,  8.796547E-09,  4.557471E-06,  2.271762E-09,  6.838755E-06, -1.013099E+02,  1.032720E-01,  2.876657E-01,  5.928793E-03,  1.883651E+02,  2.665590E-06,  1.769913E-08,  3.760648E-06,  1.334994E-09,  8.739972E-06, -1.010771E+02,  1.034894E-01,  2.882713E-01,  1.369662E-03,  1.880656E+02,  7.450171E-07,  3.742255E-09,  8.674624E-07,  2.386900E-10,  2.227678E-06
  4.051683E+00, -5.651605E+01,  2.098437E-01,  5.845229E-01,  1.696410E-02,  8.236399E+01,  6.652798E-06,  7.432413E-08,  4.704213E-06,  2.756008E-09,  1.921180E-05, -6.441829E+01,  3.585981E-02,  1.219722E-01,  1.524229E-02,  8.867745E+01,  1.050399E-06,  8.825153E-09,  4.550869E-06,  2.279397E-09,  6.847455E-06, -1.012342E+02,  1.033425E-01,  2.878621E-01,  5.933059E-03,  1.882679E+02,  2.667258E-06,  1.777186E-08,  3.761412E-06,  1.341313E-09,  8.744434E-06, -1.011147E+02,  1.034542E-01,  2.881733E-01,  1.370815E-03,  1.881141E+02,  7.455627E-07,  3.762605E-09,  8.684162E-07,  2.401499E-10,  2.229625E-06
  4.061795E+00, -5.523286E+01,  2.158385E-01,  6.012215E-01,  1.716842E-02,  7.780512E+01,  6.722456E-06,  7.450688E-08,  4.497342E-06,  2.763545E-09,  1.926437E-05, -6.266835E+01,  3.644784E-02,  1.239722E-01,  1.530424E-02,  8.816896E+01,  1.054113E-06,  8.853859E-09,  4.543160E-06,  2.287019E-09,  6.857149E-06, -1.010652E+02,  1.035006E-01,  2.883024E-01,  5.940063E-03,  1.880502E+02,  2.669997E-06,  1.784465E-08,  3.761498E-06,  1.347632E-09,  8.750764E-06, -1.011271E+02,  1.034425E-01,  2.881408E-01,  1.372092E-03,  1.881301E+02,  7.461669E-07,  3.782971E-09,  8.692992E-07,  2.416113E-10,  2.231642E-06
  4.071907E+00, -5.402254E+01,  2.216467E-01,  6.174002E-01,  1.735961E-02,  7.348670E+01,  6.787540E-06,  7.469140E-08,  4.295016E-06,  2.770742E-09,  1.931034E-05, -6.097840E+01,  3.708913E-02,  1.261535E-01,  1.536902E-02,  8.762949E+01,  1.057993E-06,  8.882672E-09,  4.534470E-06,  2.294627E-09,  6.867134E-06, -1.007725E+02,  1.037766E-01,  2.890713E-01,  5.950829E-03,  1.876711E+02,  2.674207E-06,  1.791756E-08,  3.760717E-06,  1.353949E-09,  8.759715E-06, -1.011003E+02,  1.034677E-01,  2.882108E-01,  1.373569E-03,  1.880955E+02,  7.468656E-07,  3.803355E-09,  8.700749E-07,  2.430739E-10,  2.233776E-06
  4.082019E+00, -5.288217E+01,  2.272442E-01,  6.329923E-01,  1.753598E-02,  6.941436E+01,  6.847496E-06,  7.487756E-08,  4.098210E-06,  2.777607E-09,  1.934864E-05, -5.939677E+01,  3.776488E-02,  1.284520E-01,  1.543385E-02,  8.707603E+01,  1.061875E-06,  8.911590E-09,  4.524832E-06,  2.302218E-09,  6.876789E-06, -1.003272E+02,  1.042022E-01,  2.902567E-01,  5.966476E-03,  1.870887E+02,  2.680323E-06,  1.799064E-08,  3.758903E-06,  1.360264E-09,  8.772140E-06, -1.010158E+02,  1.035469E-01,  2.884316E-01,  1.375346E-03,  1.879865E+02,  7.477064E-07,  3.823763E-09,  8.706958E-07,  2.445376E-10,  2.236093E-06
  4.092131E+00, -5.181043E+01,  2.326039E-01,  6.479218E-01,  1.769567E-02,  6.559573E+01,  6.901713E-06,  7.506521E-08,  3.908015E-06,  2.784151E-09,  1.937810E-05, -5.793864E+01,  3.846226E-02,  1.308240E-01,  1.549676E-02,  8.651926E+01,  1.065639E-06,  8.940611E-09,  4.514220E-06,  2.309790E-09,  6.885626E-06, -9.970501E+01,  1.048083E-01,  2.919451E-01,  5.988178E-03,  1.862635E+02,  2.688803E-06,  1.806395E-08,  3.755935E-06,  1.366573E-09,  8.788986E-06, -1.008510E+02,  1.037023E-01,  2.888643E-01,  1.377553E-03,  1.877731E+02,  7.487502E-07,  3.844198E-09,  8.711030E-07,  2.460020E-10,  2.238676E-06
  4.102243E+00, -5.080730E+01,  2.376965E-01,  6.621073E-01,  1.783674E-02,  6.203929E+01,  6.949556E-06,  7.525416E-08,  3.725589E-06,  2.790387E-09,  1.939748E-05, -5.660282E+01,  3.917264E-02,  1.332403E-01,  1.555641E-02,  8.596564E+01,  1.069207E-06,  8.969729E-09,  4.502597E-06,  2.317344E-09,  6.893292E-06, -9.888907E+01,  1.056239E-01,  2.942171E-01,  6.017133E-03,  1.851612E+02,  2.700111E-06,  1.813756E-08,  3.751759E-06,  1.372875E-09,  8.811275E-06, -1.005789E+02,  1.039608E-01,  2.895845E-01,  1.380352E-03,  1.874186E+02,  7.500734E-07,  3.864669E-09,  8.712251E-07,  2.474665E-10,  2.241632E-06
  4.107299E+00, -5.032540E+01,  2.401657E-01,  6.689853E-01,  1.790177E-02,  6.033982E+01,  6.971596E-06,  7.534893E-08,  3.636741E-06,  2.793430E-09,  1.940431E-05, -5.597740E+01,  3.953130E-02,  1.344602E-01,  1.558525E-02,  8.569084E+01,  1.070931E-06,  8.984312E-09,  4.496521E-06,  2.321115E-09,  6.896808E-06, -9.843340E+01,  1.060900E-01,  2.955153E-01,  6.033658E-03,  1.845353E+02,  2.706561E-06,  1.817446E-08,  3.749345E-06,  1.376024E-09,  8.823976E-06, -1.004125E+02,  1.041202E-01,  2.900284E-01,  1.381925E-03,  1.872006E+02,  7.508170E-07,  3.874915E-09,  8.712034E-07,  2.481988E-10,  2.243222E-06
  4.112355E+00, -4.986100E+01,  2.425575E-01,  6.756476E-01,  1.796148E-02,  5.870908E+01,  6.991821E-06,  7.544398E-08,  3.550253E-06,  2.796401E-09,  1.940818E-05, -5.537691E+01,  3.989263E-02,  1.356892E-01,  1.561315E-02,  8.541700E+01,  1.072599E-06,  8.998917E-09,  4.490174E-06,  2.324881E-09,  6.899985E-06, -9.792629E+01,  1.066178E-01,  2.969855E-01,  6.052397E-03,  1.838300E+02,  2.713873E-06,  1.821145E-08,  3.746614E-06,  1.379171E-09,  8.838387E-06, -1.002111E+02,  1.043143E-01,  2.905690E-01,  1.383699E-03,  1.869357E+02,  7.516555E-07,  3.885172E-09,  8.710871E-07,  2.489309E-10,  2.244940E-06
  4.117411E+00, -4.941428E+01,  2.448683E-01,  6.820845E-01,  1.801565E-02,  5.714781E+01,  7.010164E-06,  7.553929E-08,  3.466260E-06,  2.799301E-09,  1.940896E-05, -5.480174E+01,  4.025519E-02,  1.369224E-01,  1.563998E-02,  8.514518E+01,  1.074203E-06,  9.013544E-09,  4.483575E-06,  2.328642E-09,  6.902801E-06, -9.736799E+01,  1.072102E-01,  2.986358E-01,  6.073507E-03,  1.830426E+02,  2.722106E-06,  1.824856E-08,  3.743577E-06,  1.382315E-09,  8.854658E-06, -9.997033E+01,  1.045482E-01,  2.912205E-01,  1.385706E-03,  1.866170E+02,  7.526037E-07,  3.895442E-09,  8.708631E-07,  2.496629E-10,  2.246810E-06
  4.122467E+00, -4.898543E+01,  2.470950E-01,  6.882868E-01,  1.806410E-02,  5.565672E+01,  7.026560E-06,  7.563481E-08,  3.384894E-06,  2.802132E-09,  1.940652E-05, -5.425214E+01,  4.061755E-02,  1.381549E-01,  1.566566E-02,  8.487626E+01,  1.075737E-06,  9.028192E-09,  4.476750E-06,  2.332396E-09,  6.905246E-06, -9.675974E+01,  1.078695E-01,  3.004722E-01,  6.097134E-03,  1.821716E+02,  2.731317E-06,  1.828579E-08,  3.740255E-06,  1.385456E-09,  8.872938E-06, -9.968553E+01,  1.048275E-01,  2.919985E-01,  1.387979E-03,  1.862375E+02,  7.536776E-07,  3.905727E-09,  8.705177E-07,  2.503945E-10,  2.248855E-06
  4.127523E+00, -4.857467E+01,  2.492343E-01,  6.942459E-01,  1.810665E-02,  5.423634E+01,  7.040957E-06,  7.573053E-08,  3.306277E-06,  2.804896E-09,  1.940073E-05, -5.372810E+01,  4.097833E-02,  1.393821E-01,  1.569014E-02,  8.461113E+01,  1.077199E-06,  9.042860E-09,  4.469737E-06,  2.336145E-09,  6.907328E-06, -9.610381E+01,  1.085971E-01,  3.024989E-01,  6.123406E-03,  1.812166E+02,  2.741553E-06,  1.832317E-08,  3.736678E-06,  1.388594E-09,  8.893369E-06, -9.935201E+01,  1.051582E-01,  2.929198E-01,  1.390556E-03,  1.857895E+02,  7.548949E-07,  3.916028E-09,  8.700361E-07,  2.511258E-10,  2.251101E-06
  4.132579E+00, -4.818216E+01,  2.512835E-01,  6.999540E-01,  1.814317E-02,  5.288696E+01,  7.053310E-06,  7.582643E-08,  3.230519E-06,  2.807597E-09,  1.939151E-05, -5.322945E+01,  4.133619E-02,  1.405993E-01,  1.571340E-02,  8.435064E+01,  1.078589E-06,  9.057547E-09,  4.462582E-06,  2.339888E-09,  6.909071E-06, -9.540337E+01,  1.093936E-01,  3.047176E-01,  6.152433E-03,  1.801785E+02,  2.752856E-06,  1.836070E-08,  3.732883E-06,  1.391729E-09,  8.916081E-06, -9.896520E+01,  1.055468E-01,  2.940023E-01,  1.393478E-03,  1.852650E+02,  7.562748E-07,  3.926348E-09,  8.694029E-07,  2.518565E-10,  2.253579E-06
  4.137635E+00, -4.780808E+01,  2.532403E-01,  7.054048E-01,  1.817356E-02,  5.160863E+01,  7.063590E-06,  7.592246E-08,  3.157714E-06,  2.810237E-09,  1.937879E-05, -5.275593E+01,  4.168981E-02,  1.418021E-01,  1.573549E-02,  8.409561E+01,  1.079908E-06,  9.072251E-09,  4.455343E-06,  2.343624E-09,  6.910513E-06, -9.466244E+01,  1.102588E-01,  3.071276E-01,  6.184305E-03,  1.790594E+02,  2.765258E-06,  1.839839E-08,  3.728914E-06,  1.394861E-09,  8.941192E-06, -9.852084E+01,  1.060000E-01,  2.952645E-01,  1.396788E-03,  1.846560E+02,  7.578375E-07,  3.936690E-09,  8.686033E-07,  2.525865E-10,  2.256322E-06
  4.142691E+00, -4.745252E+01,  2.551029E-01,  7.105930E-01,  1.819778E-02,  5.040112E+01,  7.071779E-06,  7.601860E-08,  3.087940E-06,  2.812818E-09,  1.936253E-05, -5.230723E+01,  4.203789E-02,  1.429860E-01,  1.575648E-02,  8.384672E+01,  1.081161E-06,  9.086973E-09,  4.448081E-06,  2.347355E-09,  6.911706E-06, -9.388573E+01,  1.111915E-01,  3.097258E-01,  6.219088E-03,  1.778626E+02,  2.778784E-06,  1.843628E-08,  3.724819E-06,  1.397989E-09,  8.968805E-06, -9.801526E+01,  1.065245E-01,  2.967256E-01,  1.400532E-03,  1.839544E+02,  7.596044E-07,  3.947055E-09,  8.676225E-07,  2.533157E-10,  2.259365E-06
  4.147747E+00, -4.711553E+01,  2.568700E-01,  7.155152E-01,  1.821582E-02,  4.926386E+01,  7.077877E-06,  7.611482E-08,  3.021254E-06,  2.815342E-09,  1.934271E-05, -5.188301E+01,  4.237914E-02,  1.441467E-01,  1.577645E-02,  8.360476E+01,  1.082353E-06,  9.101711E-09,  4.440865E-06,  2.351079E-09,  6.912708E-06, -9.307845E+01,  1.121899E-01,  3.125066E-01,  6.256819E-03,  1.765923E+02,  2.793446E-06,  1.847436E-08,  3.720653E-06,  1.401114E-09,  8.999000E-06, -9.744561E+01,  1.071272E-01,  2.984043E-01,  1.404756E-03,  1.831527E+02,  7.615975E-07,  3.957448E-09,  8.664471E-07,  2.540439E-10,  2.262747E-06
  4.152803E+00, -4.679708E+01,  2.585408E-01,  7.201694E-01,  1.822771E-02,  4.819596E+01,  7.081897E-06,  7.621110E-08,  2.957691E-06,  2.817813E-09,  1.931936E-05, -5.148288E+01,  4.271231E-02,  1.452800E-01,  1.579552E-02,  8.337039E+01,  1.083491E-06,  9.116464E-09,  4.433765E-06,  2.354797E-09,  6.913585E-06, -9.224614E+01,  1.132510E-01,  3.154625E-01,  6.297512E-03,  1.752540E+02,  2.809245E-06,  1.851266E-08,  3.716468E-06,  1.404235E-09,  9.031834E-06, -9.681017E+01,  1.078143E-01,  3.003184E-01,  1.409509E-03,  1.822443E+02,  7.638387E-07,  3.967871E-09,  8.650665E-07,  2.547709E-10,  2.266508E-06
  4.157859E+00, -4.649705E+01,  2.601154E-01,  7.245555E-01,  1.823355E-02,  4.719621E+01,  7.083870E-06,  7.630741E-08,  2.897266E-06,  2.820233E-09,  1.929252E-05, -5.110637E+01,  4.303624E-02,  1.463818E-01,  1.581378E-02,  8.314423E+01,  1.084581E-06,  9.131232E-09,  4.426850E-06,  2.358510E-09,  6.914399E-06, -9.139444E+01,  1.143716E-01,  3.185838E-01,  6.341151E-03,  1.738536E+02,  2.826174E-06,  1.855119E-08,  3.712316E-06,  1.407352E-09,  9.067339E-06, -9.610863E+01,  1.085917E-01,  3.024838E-01,  1.414836E-03,  1.812237E+02,  7.663495E-07,  3.978328E-09,  8.634726E-07,  2.554966E-10,  2.270691E-06
  4.162915E+00, -4.621525E+01,  2.615944E-01,  7.286751E-01,  1.823346E-02,  4.626307E+01,  7.083840E-06,  7.640371E-08,  2.839969E-06,  2.822605E-09,  1.926228E-05, -5.075297E+01,  4.334984E-02,  1.474484E-01,  1.583136E-02,  8.292684E+01,  1.085630E-06,  9.146015E-09,  4.420182E-06,  2.362217E-09,  6.915211E-06, -9.052893E+01,  1.155475E-01,  3.218594E-01,  6.387695E-03,  1.723977E+02,  2.844213E-06,  1.858996E-08,  3.708245E-06,  1.410466E-09,  9.105518E-06, -9.534230E+01,  1.094640E-01,  3.049138E-01,  1.420781E-03,  1.800871E+02,  7.691502E-07,  3.988824E-09,  8.616625E-07,  2.562207E-10,  2.275340E-06
  4.167971E+00, -4.595139E+01,  2.629788E-01,  7.325315E-01,  1.822762E-02,  4.539469E+01,  7.081867E-06,  7.649998E-08,  2.785769E-06,  2.824931E-09,  1.922874E-05, -5.042207E+01,  4.365216E-02,  1.484767E-01,  1.584835E-02,  8.271869E+01,  1.086643E-06,  9.160811E-09,  4.413816E-06,  2.365918E-09,  6.916072E-06, -8.965492E+01,  1.167745E-01,  3.252772E-01,  6.437076E-03,  1.708932E+02,  2.863332E-06,  1.862900E-08,  3.704297E-06,  1.413577E-09,  9.146348E-06, -9.451425E+01,  1.104347E-01,  3.076175E-01,  1.427383E-03,  1.788330E+02,  7.722589E-07,  3.999362E-09,  8.596381E-07,  2.569432E-10,  2.280500E-06
  4.173027E+00, -4.570507E+01,  2.642705E-01,  7.361297E-01,  1.821625E-02,  4.458893E+01,  7.078023E-06,  7.659621E-08,  2.734615E-06,  2.827214E-09,  1.919203E-05, -5.011300E+01,  4.394238E-02,  1.494639E-01,  1.586481E-02,  8.252012E+01,  1.087625E-06,  9.175620E-09,  4.407793E-06,  2.369614E-09,  6.917021E-06, -8.877733E+01,  1.180479E-01,  3.288242E-01,  6.489202E-03,  1.693469E+02,  2.883494E-06,  1.866832E-08,  3.700502E-06,  1.416685E-09,  9.189773E-06, -9.362938E+01,  1.115053E-01,  3.105998E-01,  1.434678E-03,  1.774622E+02,  7.756914E-07,  4.009948E-09,  8.574082E-07,  2.576637E-10,  2.286214E-06
  4.178083E+00, -4.547583E+01,  2.654720E-01,  7.394763E-01,  1.819959E-02,  4.384340E+01,  7.072389E-06,  7.669235E-08,  2.686433E-06,  2.829456E-09,  1.915230E-05, -4.982500E+01,  4.421987E-02,  1.504077E-01,  1.588080E-02,  8.233139E+01,  1.088578E-06,  9.190442E-09,  4.402143E-06,  2.373306E-09,  6.918081E-06, -8.790062E+01,  1.193630E-01,  3.324873E-01,  6.543960E-03,  1.677657E+02,  2.904651E-06,  1.870792E-08,  3.696882E-06,  1.419789E-09,  9.235713E-06, -9.269423E+01,  1.126756E-01,  3.138597E-01,  1.442693E-03,  1.759782E+02,  7.794604E-07,  4.020584E-09,  8.549885E-07,  2.583822E-10,  2.292527E-06
  4.183139E+00, -4.526311E+01,  2.665860E-01,  7.425793E-01,  1.817791E-02,  4.315549E+01,  7.065058E-06,  7.678839E-08,  2.641133E-06,  2.831660E-09,  1.910972E-05, -4.955724E+01,  4.448413E-02,  1.513066E-01,  1.589633E-02,  8.215266E+01,  1.089504E-06,  9.205277E-09,  4.396881E-06,  2.376993E-09,  6.919263E-06, -8.702870E+01,  1.207150E-01,  3.362534E-01,  6.601217E-03,  1.661562E+02,  2.926749E-06,  1.874783E-08,  3.693447E-06,  1.422891E-09,  9.284059E-06, -9.171680E+01,  1.139432E-01,  3.173907E-01,  1.451451E-03,  1.743874E+02,  7.835752E-07,  4.031277E-09,  8.524024E-07,  2.590986E-10,  2.299480E-06
  4.185667E+00, -4.516088E+01,  2.671210E-01,  7.440696E-01,  1.816579E-02,  4.282623E+01,  7.060963E-06,  7.683639E-08,  2.619237E-06,  2.832753E-09,  1.908773E-05, -4.942888E+01,  4.461301E-02,  1.517449E-01,  1.590398E-02,  8.206584E+01,  1.089961E-06,  9.212698E-09,  4.394350E-06,  2.378836E-09,  6.919890E-06, -8.659800E+01,  1.213996E-01,  3.381603E-01,  6.630469E-03,  1.653473E+02,  2.938029E-06,  1.876786E-08,  3.691751E-06,  1.424441E-09,  9.308821E-06, -9.122324E+01,  1.146012E-01,  3.192233E-01,  1.456020E-03,  1.735683E+02,  7.857206E-07,  4.036638E-09,  8.510692E-07,  2.594562E-10,  2.303125E-06
  4.188195E+00, -4.506267E+01,  2.676348E-01,  7.455008E-01,  1.815250E-02,  4.251075E+01,  7.056466E-06,  7.688435E-08,  2.598039E-06,  2.833837E-09,  1.906507E-05, -4.930519E+01,  4.473858E-02,  1.521720E-01,  1.591154E-02,  8.198147E+01,  1.090411E-06,  9.220121E-09,  4.391917E-06,  2.380677E-09,  6.920550E-06, -8.616931E+01,  1.220922E-01,  3.400897E-01,  6.660314E-03,  1.645329E+02,  2.949531E-06,  1.878796E-08,  3.690102E-06,  1.425990E-09,  9.334155E-06, -9.072155E+01,  1.152825E-01,  3.211212E-01,  1.460781E-03,  1.727246E+02,  7.879553E-07,  4.042015E-09,  8.497017E-07,  2.598132E-10,  2.306944E-06
  4.190723E+00, -4.496837E+01,  2.681279E-01,  7.468742E-01,  1.813805E-02,  4.220864E+01,  7.051582E-06,  7.693228E-08,  2.577524E-06,  2.834912E-09,  1.904177E-05, -4.918612E+01,  4.486074E-02,  1.525875E-01,  1.591899E-02,  8.189959E+01,  1.090855E-06,  9.227548E-09,  4.389583E-06,  2.382517E-09,  6.921240E-06, -8.574298E+01,  1.227923E-01,  3.420399E-01,  6.690730E-03,  1.637138E+02,  2.961246E-06,  1.880815E-08,  3.688496E-06,  1.427539E-09,  9.360043E-06, -9.021296E+01,  1.159865E-01,  3.230820E-01,  1.465735E-03,  1.718578E+02,  7.902797E-07,  4.047407E-09,  8.483047E-07,  2.601696E-10,  2.310940E-06
  4.193251E+00, -4.487790E+01,  2.686007E-01,  7.481913E-01,  1.812251E-02,  4.191953E+01,  7.046323E-06,  7.698017E-08,  2.557675E-06,  2.835979E-09,  1.901784E-05, -4.907160E+01,  4.497943E-02,  1.529913E-01,  1.592631E-02,  8.182022E+01,  1.091292E-06,  9.234977E-09,  4.387346E-06,  2.384357E-09,  6.921956E-06, -8.531934E+01,  1.234994E-01,  3.440096E-01,  6.721697E-03,  1.628906E+02,  2.973167E-06,  1.882842E-08,  3.686934E-06,  1.429087E-09,  9.386465E-06, -8.969871E+01,  1.167121E-01,  3.251032E-01,  1.470883E-03,  1.709694E+02,  7.926939E-07,  4.052816E-09,  8.468833E-07,  2.605254E-10,  2.315121E-06
  4.195779E+00, -4.479116E+01,  2.690538E-01,  7.494535E-01,  1.810590E-02,  4.164302E+01,  7.040704E-06,  7.702802E-08,  2.538476E-06,  2.837038E-09,  1.899332E-05, -4.896154E+01,  4.509464E-02,  1.533831E-01,  1.593350E-02,  8.174335E+01,  1.091721E-06,  9.242410E-09,  4.385203E-06,  2.386195E-09,  6.922693E-06, -8.489870E+01,  1.242130E-01,  3.459971E-01,  6.753193E-03,  1.620640E+02,  2.985284E-06,  1.884878E-08,  3.685412E-06,  1.430634E-09,  9.413400E-06, -8.918007E+01,  1.174583E-01,  3.271818E-01,  1.476225E-03,  1.700610E+02,  7.951981E-07,  4.058242E-09,  8.454431E-07,  2.608807E-10,  2.319489E-06
  4.198307E+00, -4.470805E+01,  2.694877E-01,  7.506622E-01,  1.808827E-02,  4.137871E+01,  7.034739E-06,  7.707584E-08,  2.519909E-06,  2.838089E-09,  1.896824E-05, -4.885582E+01,  4.520635E-02,  1.537631E-01,  1.594055E-02,  8.166898E+01,  1.092141E-06,  9.249845E-09,  4.383151E-06,  2.388033E-09,  6.923448E-06, -8.448135E+01,  1.249323E-01,  3.480010E-01,  6.785196E-03,  1.612348E+02,  2.997588E-06,  1.886921E-08,  3.683927E-06,  1.432181E-09,  9.440825E-06, -8.865829E+01,  1.182239E-01,  3.293145E-01,  1.481762E-03,  1.691343E+02,  7.977922E-07,  4.063685E-09,  8.439899E-07,  2.612353E-10,  2.324050E-06
  4.200835E+00, -4.462848E+01,  2.699030E-01,  7.518190E-01,  1.806966E-02,  4.112622E+01,  7.028441E-06,  7.712361E-08,  2.501957E-06,  2.839132E-09,  1.894260E-05, -4.875431E+01,  4.531459E-02,  1.541313E-01,  1.594745E-02,  8.159706E+01,  1.092552E-06,  9.257283E-09,  4.381186E-06,  2.389870E-09,  6.924213E-06, -8.406755E+01,  1.256571E-01,  3.500196E-01,  6.817680E-03,  1.604035E+02,  3.010069E-06,  1.888974E-08,  3.682478E-06,  1.433727E-09,  9.468718E-06, -8.813459E+01,  1.190077E-01,  3.314978E-01,  1.487493E-03,  1.681913E+02,  8.004760E-07,  4.069147E-09,  8.425300E-07,  2.615893E-10,  2.328810E-06
  4.203363E+00, -4.455233E+01,  2.703002E-01,  7.529254E-01,  1.805011E-02,  4.088515E+01,  7.021826E-06,  7.717133E-08,  2.484601E-06,  2.840168E-09,  1.891646E-05, -4.865690E+01,  4.541939E-02,  1.544877E-01,  1.595418E-02,  8.152760E+01,  1.092953E-06,  9.264724E-09,  4.379305E-06,  2.391706E-09,  6.924985E-06, -8.365755E+01,  1.263865E-01,  3.520516E-01,  6.850622E-03,  1.595708E+02,  3.022719E-06,  1.891035E-08,  3.681061E-06,  1.435272E-09,  9.497053E-06, -8.761018E+01,  1.198084E-01,  3.337280E-01,  1.493418E-03,  1.672337E+02,  8.032492E-07,  4.074628E-09,  8.410699E-07,  2.619426E-10,  2.333772E-06
  4.205891E+00, -4.447951E+01,  2.706799E-01,  7.539830E-01,  1.802966E-02,  4.065511E+01,  7.014906E-06,  7.721900E-08,  2.467824E-06,  2.841197E-09,  1.888982E-05, -4.856345E+01,  4.552077E-02,  1.548325E-01,  1.596075E-02,  8.146053E+01,  1.093345E-06,  9.272167E-09,  4.377502E-06,  2.393541E-09,  6.925758E-06, -8.325157E+01,  1.271202E-01,  3.540954E-01,  6.883996E-03,  1.587374E+02,  3.035526E-06,  1.893104E-08,  3.679673E-06,  1.436817E-09,  9.525806E-06, -8.708621E+01,  1.206244E-01,  3.360011E-01,  1.499536E-03,  1.662635E+02,  8.061115E-07,  4.080129E-09,  8.396163E-07,  2.622954E-10,  2.338941E-06
  4.208419E+00, -4.440991E+01,  2.710426E-01,  7.549933E-01,  1.800836E-02,  4.043569E+01,  7.007695E-06,  7.726663E-08,  2.451606E-06,  2.842220E-09,  1.886271E-05, -4.847382E+01,  4.561879E-02,  1.551659E-01,  1.596713E-02,  8.139580E+01,  1.093725E-06,  9.279613E-09,  4.375772E-06,  2.395376E-09,  6.926526E-06, -8.284982E+01,  1.278577E-01,  3.561495E-01,  6.917777E-03,  1.579038E+02,  3.048481E-06,  1.895183E-08,  3.678310E-06,  1.438362E-09,  9.554952E-06, -8.656379E+01,  1.214544E-01,  3.383131E-01,  1.505848E-03,  1.652826E+02,  8.090626E-07,  4.085650E-09,  8.381759E-07,  2.626476E-10,  2.344323E-06
  4.210947E+00, -4.434342E+01,  2.713889E-01,  7.559580E-01,  1.798625E-02,  4.022651E+01,  7.000208E-06,  7.731421E-08,  2.435929E-06,  2.843235E-09,  1.883517E-05, -4.838789E+01,  4.571350E-02,  1.554881E-01,  1.597332E-02,  8.133335E+01,  1.094094E-06,  9.287062E-09,  4.374110E-06,  2.397210E-09,  6.927282E-06, -8.245249E+01,  1.285982E-01,  3.582123E-01,  6.951938E-03,  1.570707E+02,  3.061574E-06,  1.897270E-08,  3.676969E-06,  1.439905E-09,  9.584465E-06, -8.604395E+01,  1.222969E-01,  3.406598E-01,  1.512352E-03,  1.642930E+02,  8.121021E-07,  4.091191E-09,  8.367560E-07,  2.629991E-10,  2.349921E-06
  4.213475E+00, -4.427993E+01,  2.717194E-01,  7.568785E-01,  1.796336E-02,  4.002718E+01,  6.992457E-06,  7.736173E-08,  2.420775E-06,  2.844244E-09,  1.880721E-05, -4.830552E+01,  4.580496E-02,  1.557992E-01,  1.597931E-02,  8.127318E+01,  1.094450E-06,  9.294513E-09,  4.372510E-06,  2.399043E-09,  6.928020E-06, -8.205977E+01,  1.293414E-01,  3.602824E-01,  6.986453E-03,  1.562387E+02,  3.074794E-06,  1.899367E-08,  3.675648E-06,  1.441449E-09,  9.614318E-06, -8.552767E+01,  1.231503E-01,  3.430370E-01,  1.519049E-03,  1.632966E+02,  8.152297E-07,  4.096754E-09,  8.353636E-07,  2.633501E-10,  2.355742E-06
  4.216003E+00, -4.421935E+01,  2.720346E-01,  7.577567E-01,  1.793973E-02,  3.983732E+01,  6.984455E-06,  7.740919E-08,  2.406124E-06,  2.845247E-09,  1.877885E-05, -4.822659E+01,  4.589325E-02,  1.560995E-01,  1.598508E-02,  8.121518E+01,  1.094794E-06,  9.301966E-09,  4.370968E-06,  2.400876E-09,  6.928735E-06, -8.167182E+01,  1.300866E-01,  3.623582E-01,  7.021294E-03,  1.554083E+02,  3.088130E-06,  1.901472E-08,  3.674343E-06,  1.442991E-09,  9.644486E-06, -8.501586E+01,  1.240131E-01,  3.454403E-01,  1.525937E-03,  1.622952E+02,  8.184451E-07,  4.102339E-09,  8.340057E-07,  2.637005E-10,  2.361790E-06
  4.218531E+00, -4.416157E+01,  2.723352E-01,  7.585939E-01,  1.791541E-02,  3.965654E+01,  6.976216E-06,  7.745660E-08,  2.391959E-06,  2.846244E-09,  1.875013E-05, -4.815095E+01,  4.597842E-02,  1.563892E-01,  1.599063E-02,  8.115929E+01,  1.095125E-06,  9.309421E-09,  4.369476E-06,  2.402707E-09,  6.929419E-06, -8.128880E+01,  1.308333E-01,  3.644382E-01,  7.056434E-03,  1.545802E+02,  3.101572E-06,  1.903587E-08,  3.673053E-06,  1.444533E-09,  9.674943E-06, -8.450933E+01,  1.248838E-01,  3.478656E-01,  1.533018E-03,  1.612906E+02,  8.217481E-07,  4.107946E-09,  8.326896E-07,  2.640503E-10,  2.368070E-06
  4.221059E+00, -4.410647E+01,  2.726216E-01,  7.593917E-01,  1.789043E-02,  3.948447E+01,  6.967752E-06,  7.750396E-08,  2.378261E-06,  2.847235E-09,  1.872106E-05, -4.807848E+01,  4.606057E-02,  1.566686E-01,  1.599594E-02,  8.110552E+01,  1.095441E-06,  9.316879E-09,  4.368031E-06,  2.404539E-09,  6.930069E-06, -8.091086E+01,  1.315810E-01,  3.665209E-01,  7.091846E-03,  1.537548E+02,  3.115109E-06,  1.905711E-08,  3.671774E-06,  1.446075E-09,  9.705661E-06, -8.400884E+01,  1.257608E-01,  3.503087E-01,  1.540290E-03,  1.602848E+02,  8.251386E-07,  4.113577E-09,  8.314222E-07,  2.643996E-10,  2.374588E-06
  4.223587E+00, -4.405396E+01,  2.728945E-01,  7.601518E-01,  1.786483E-02,  3.932075E+01,  6.959076E-06,  7.755125E-08,  2.365011E-06,  2.848221E-09,  1.869166E-05, -4.800906E+01,  4.613976E-02,  1.569380E-01,  1.600101E-02,  8.105373E+01,  1.095744E-06,  9.324339E-09,  4.366625E-06,  2.406369E-09,  6.930676E-06, -8.053815E+01,  1.323290E-01,  3.686046E-01,  7.127502E-03,  1.529329E+02,  3.128730E-06,  1.907845E-08,  3.670506E-06,  1.447616E-09,  9.736614E-06, -8.351506E+01,  1.266428E-01,  3.527653E-01,  1.547755E-03,  1.592793E+02,  8.286166E-07,  4.119231E-09,  8.302106E-07,  2.647484E-10,  2.381349E-06
  4.226115E+00, -4.400394E+01,  2.731544E-01,  7.608757E-01,  1.783864E-02,  3.916502E+01,  6.950199E-06,  7.759848E-08,  2.352192E-06,  2.849201E-09,  1.866197E-05, -4.794256E+01,  4.621608E-02,  1.571975E-01,  1.600583E-02,  8.100388E+01,  1.096031E-06,  9.331800E-09,  4.365254E-06,  2.408199E-09,  6.931237E-06, -8.017078E+01,  1.330769E-01,  3.706878E-01,  7.163374E-03,  1.521150E+02,  3.142425E-06,  1.909988E-08,  3.669247E-06,  1.449156E-09,  9.767777E-06, -8.302858E+01,  1.275281E-01,  3.552316E-01,  1.555413E-03,  1.582758E+02,  8.321822E-07,  4.124910E-09,  8.290617E-07,  2.650967E-10,  2.388357E-06
  4.228642E+00, -4.395629E+01,  2.734017E-01,  7.615647E-01,  1.781189E-02,  3.901694E+01,  6.941133E-06,  7.764565E-08,  2.339786E-06,  2.850176E-09,  1.863199E-05, -4.787886E+01,  4.628961E-02,  1.574476E-01,  1.601039E-02,  8.095595E+01,  1.096302E-06,  9.339263E-09,  4.363913E-06,  2.410029E-09,  6.931746E-06, -7.980890E+01,  1.338240E-01,  3.727688E-01,  7.199434E-03,  1.513016E+02,  3.156183E-06,  1.912140E-08,  3.667996E-06,  1.450696E-09,  9.799125E-06, -8.254992E+01,  1.284156E-01,  3.577035E-01,  1.563264E-03,  1.572758E+02,  8.358355E-07,  4.130614E-09,  8.279820E-07,  2.654446E-10,  2.395620E-06
  4.231170E+00, -4.391093E+01,  2.736372E-01,  7.622205E-01,  1.778463E-02,  3.887615E+01,  6.931888E-06,  7.769275E-08,  2.327776E-06,  2.851146E-09,  1.860175E-05, -4.781785E+01,  4.636043E-02,  1.576885E-01,  1.601468E-02,  8.090980E+01,  1.096558E-06,  9.346729E-09,  4.362595E-06,  2.411858E-09,  6.932198E-06, -7.945262E+01,  1.345698E-01,  3.748462E-01,  7.235654E-03,  1.504933E+02,  3.169993E-06,  1.914301E-08,  3.666754E-06,  1.452236E-09,  9.830631E-06, -8.207954E+01,  1.293037E-01,  3.601774E-01,  1.571310E-03,  1.562808E+02,  8.395770E-07,  4.136343E-09,  8.269781E-07,  2.657920E-10,  2.403142E-06
  4.233698E+00, -4.386776E+01,  2.738612E-01,  7.628445E-01,  1.775688E-02,  3.874234E+01,  6.922477E-06,  7.773980E-08,  2.316145E-06,  2.852111E-09,  1.857127E-05, -4.775940E+01,  4.642864E-02,  1.579205E-01,  1.601870E-02,  8.086545E+01,  1.096798E-06,  9.354195E-09,  4.361298E-06,  2.413686E-09,  6.932589E-06, -7.910204E+01,  1.353136E-01,  3.769181E-01,  7.272007E-03,  1.496906E+02,  3.183844E-06,  1.916473E-08,  3.665519E-06,  1.453775E-09,  9.862270E-06, -8.161783E+01,  1.301912E-01,  3.626496E-01,  1.579552E-03,  1.552921E+02,  8.434071E-07,  4.142099E-09,  8.260564E-07,  2.661390E-10,  2.410929E-06
  4.236226E+00, -4.382667E+01,  2.740742E-01,  7.634380E-01,  1.772867E-02,  3.861518E+01,  6.912909E-06,  7.778677E-08,  2.304877E-06,  2.853072E-09,  1.854056E-05, -4.770341E+01,  4.649432E-02,  1.581439E-01,  1.602245E-02,  8.082276E+01,  1.097021E-06,  9.361663E-09,  4.360015E-06,  2.415514E-09,  6.932914E-06, -7.875729E+01,  1.360549E-01,  3.789831E-01,  7.308464E-03,  1.488942E+02,  3.197727E-06,  1.918653E-08,  3.664294E-06,  1.455313E-09,  9.894019E-06, -8.116509E+01,  1.310769E-01,  3.651166E-01,  1.587992E-03,  1.543109E+02,  8.473263E-07,  4.147881E-09,  8.252230E-07,  2.664857E-10,  2.418987E-06
  4.238754E+00, -4.378759E+01,  2.742769E-01,  7.640024E-01,  1.770004E-02,  3.849436E+01,  6.903195E-06,  7.783368E-08,  2.293955E-06,  2.854027E-09,  1.850965E-05, -4.764977E+01,  4.655755E-02,  1.583590E-01,  1.602590E-02,  8.078175E+01,  1.097227E-06,  9.369133E-09,  4.358743E-06,  2.417341E-09,  6.933170E-06, -7.841844E+01,  1.367931E-01,  3.810394E-01,  7.344998E-03,  1.481046E+02,  3.211629E-06,  1.920843E-08,  3.663079E-06,  1.456851E-09,  9.925854E-06, -8.072160E+01,  1.319595E-01,  3.675752E-01,  1.596631E-03,  1.533385E+02,  8.513353E-07,  4.153691E-09,  8.244836E-07,  2.668321E-10,  2.427322E-06
  4.241282E+00, -4.375041E+01,  2.744695E-01,  7.645391E-01,  1.767101E-02,  3.837957E+01,  6.893343E-06,  7.788052E-08,  2.283365E-06,  2.854979E-09,  1.847855E-05, -4.759838E+01,  4.661841E-02,  1.585660E-01,  1.602908E-02,  8.074228E+01,  1.097416E-06,  9.376604E-09,  4.357476E-06,  2.419168E-09,  6.933352E-06, -7.808560E+01,  1.375277E-01,  3.830855E-01,  7.381583E-03,  1.473222E+02,  3.225542E-06,  1.923043E-08,  3.661876E-06,  1.458388E-09,  9.957751E-06, -8.028757E+01,  1.328380E-01,  3.700223E-01,  1.605472E-03,  1.523758E+02,  8.554348E-07,  4.159529E-09,  8.238440E-07,  2.671782E-10,  2.435939E-06
  4.243810E+00, -4.371505E+01,  2.746527E-01,  7.650494E-01,  1.764160E-02,  3.827054E+01,  6.883364E-06,  7.792729E-08,  2.273091E-06,  2.855926E-09,  1.844728E-05, -4.754913E+01,  4.667700E-02,  1.587653E-01,  1.603196E-02,  8.070436E+01,  1.097587E-06,  9.384076E-09,  4.356212E-06,  2.420994E-09,  6.933459E-06, -7.775884E+01,  1.382580E-01,  3.851197E-01,  7.418192E-03,  1.465477E+02,  3.239455E-06,  1.925252E-08,  3.660687E-06,  1.459925E-09,  9.989688E-06, -7.986315E+01,  1.337113E-01,  3.724550E-01,  1.614516E-03,  1.514240E+02,  8.596258E-07,  4.165396E-09,  8.233096E-07,  2.675240E-10,  2.444844E-06
  4.246338E+00, -4.368143E+01,  2.748268E-01,  7.655344E-01,  1.761186E-02,  3.816698E+01,  6.873266E-06,  7.797399E-08,  2.263119E-06,  2.856868E-09,  1.841585E-05, -4.750194E+01,  4.673339E-02,  1.589571E-01,  1.603455E-02,  8.066787E+01,  1.097742E-06,  9.391549E-09,  4.354946E-06,  2.422820E-09,  6.933487E-06, -7.743824E+01,  1.389835E-01,  3.871406E-01,  7.454799E-03,  1.457814E+02,  3.253358E-06,  1.927471E-08,  3.659514E-06,  1.461461E-09,  1.002164E-05, -7.944847E+01,  1.345785E-01,  3.748705E-01,  1.623766E-03,  1.504838E+02,  8.639091E-07,  4.171291E-09,  8.228854E-07,  2.678697E-10,  2.454044E-06
  4.248866E+00, -4.364947E+01,  2.749923E-01,  7.659954E-01,  1.758180E-02,  3.806861E+01,  6.863057E-06,  7.802063E-08,  2.253434E-06,  2.857807E-09,  1.838428E-05, -4.745670E+01,  4.678767E-02,  1.591418E-01,  1.603685E-02,  8.063279E+01,  1.097878E-06,  9.399023E-09,  4.353675E-06,  2.424645E-09,  6.933434E-06, -7.712385E+01,  1.397036E-01,  3.891464E-01,  7.491378E-03,  1.450240E+02,  3.267242E-06,  1.929699E-08,  3.658361E-06,  1.462997E-09,  1.005359E-05, -7.904360E+01,  1.354386E-01,  3.772662E-01,  1.633225E-03,  1.495561E+02,  8.682856E-07,  4.177217E-09,  8.225763E-07,  2.682153E-10,  2.463543E-06
  4.251394E+00, -4.361907E+01,  2.751496E-01,  7.664335E-01,  1.755144E-02,  3.797519E+01,  6.852746E-06,  7.806719E-08,  2.244023E-06,  2.858741E-09,  1.835259E-05, -4.741333E+01,  4.683992E-02,  1.593195E-01,  1.603884E-02,  8.059907E+01,  1.097997E-06,  9.406497E-09,  4.352396E-06,  2.426470E-09,  6.933297E-06, -7.681573E+01,  1.404177E-01,  3.911358E-01,  7.527904E-03,  1.442758E+02,  3.281097E-06,  1.931937E-08,  3.657230E-06,  1.464532E-09,  1.008552E-05, -7.864858E+01,  1.362907E-01,  3.796399E-01,  1.642895E-03,  1.486416E+02,  8.727565E-07,  4.183174E-09,  8.223869E-07,  2.685608E-10,  2.473348E-06
  4.253922E+00, -4.359018E+01,  2.752991E-01,  7.668500E-01,  1.752081E-02,  3.788646E+01,  6.842341E-06,  7.811368E-08,  2.234874E-06,  2.859672E-09,  1.832078E-05, -4.737174E+01,  4.689021E-02,  1.594905E-01,  1.604055E-02,  8.056661E+01,  1.098099E-06,  9.413972E-09,  4.351105E-06,  2.428294E-09,  6.933074E-06, -7.651394E+01,  1.411255E-01,  3.931072E-01,  7.564354E-03,  1.435372E+02,  3.294914E-06,  1.934184E-08,  3.656125E-06,  1.466067E-09,  1.011741E-05, -7.826342E+01,  1.371341E-01,  3.819891E-01,  1.652778E-03,  1.477410E+02,  8.773227E-07,  4.189161E-09,  8.223215E-07,  2.689062E-10,  2.483462E-06
  4.256450E+00, -4.356271E+01,  2.754412E-01,  7.672457E-01,  1.748993E-02,  3.780219E+01,  6.831848E-06,  7.816010E-08,  2.225974E-06,  2.860599E-09,  1.828886E-05, -4.733186E+01,  4.693861E-02,  1.596551E-01,  1.604195E-02,  8.053543E+01,  1.098182E-06,  9.421448E-09,  4.349801E-06,  2.430117E-09,  6.932764E-06, -7.621849E+01,  1.418263E-01,  3.950593E-01,  7.600704E-03,  1.428088E+02,  3.308685E-06,  1.936440E-08,  3.655049E-06,  1.467602E-09,  1.014923E-05, -7.788810E+01,  1.379680E-01,  3.843120E-01,  1.662879E-03,  1.468548E+02,  8.819853E-07,  4.195181E-09,  8.223841E-07,  2.692517E-10,  2.493893E-06
  4.258978E+00, -4.353660E+01,  2.755763E-01,  7.676219E-01,  1.745882E-02,  3.772215E+01,  6.821274E-06,  7.820644E-08,  2.217311E-06,  2.861523E-09,  1.825686E-05, -4.729360E+01,  4.698521E-02,  1.598136E-01,  1.604306E-02,  8.050542E+01,  1.098248E-06,  9.428925E-09,  4.348480E-06,  2.431940E-09,  6.932366E-06, -7.592943E+01,  1.425196E-01,  3.969906E-01,  7.636932E-03,  1.420909E+02,  3.322401E-06,  1.938706E-08,  3.654006E-06,  1.469136E-09,  1.018098E-05, -7.752257E+01,  1.387918E-01,  3.866066E-01,  1.673199E-03,  1.459836E+02,  8.867455E-07,  4.201233E-09,  8.225784E-07,  2.695972E-10,  2.504645E-06
  4.261506E+00, -4.351178E+01,  2.757046E-01,  7.679794E-01,  1.742750E-02,  3.764612E+01,  6.810627E-06,  7.825272E-08,  2.208873E-06,  2.862442E-09,  1.822478E-05, -4.725689E+01,  4.703007E-02,  1.599662E-01,  1.604387E-02,  8.047654E+01,  1.098297E-06,  9.436401E-09,  4.347140E-06,  2.433763E-09,  6.931877E-06, -7.564675E+01,  1.432050E-01,  3.988998E-01,  7.673015E-03,  1.413839E+02,  3.336054E-06,  1.940981E-08,  3.653000E-06,  1.470669E-09,  1.021262E-05, -7.716677E+01,  1.396047E-01,  3.888712E-01,  1.683741E-03,  1.451277E+02,  8.916042E-07,  4.207318E-09,  8.229081E-07,  2.699429E-10,  2.515721E-06
  4.264034E+00, -4.348818E+01,  2.758266E-01,  7.683192E-01,  1.739598E-02,  3.757389E+01,  6.799912E-06,  7.829892E-08,  2.200650E-06,  2.863359E-09,  1.819264E-05, -4.722167E+01,  4.707326E-02,  1.601131E-01,  1.604438E-02,  8.044879E+01,  1.098327E-06,  9.443878E-09,  4.345779E-06,  2.435584E-09,  6.931298E-06, -7.537048E+01,  1.438821E-01,  4.007858E-01,  7.708933E-03,  1.406880E+02,  3.349636E-06,  1.943266E-08,  3.652035E-06,  1.472202E-09,  1.024416E-05, -7.682061E+01,  1.404064E-01,  3.911041E-01,  1.694508E-03,  1.442876E+02,  8.965624E-07,  4.213437E-09,  8.233762E-07,  2.702888E-10,  2.527128E-06
  4.266562E+00, -4.346574E+01,  2.759425E-01,  7.686422E-01,  1.736430E-02,  3.750527E+01,  6.789135E-06,  7.834504E-08,  2.192631E-06,  2.864272E-09,  1.816043E-05, -4.718786E+01,  4.711484E-02,  1.602546E-01,  1.604460E-02,  8.042207E+01,  1.098340E-06,  9.451355E-09,  4.344395E-06,  2.437406E-09,  6.930627E-06, -7.510061E+01,  1.445504E-01,  4.026473E-01,  7.744667E-03,  1.400036E+02,  3.363140E-06,  1.945559E-08,  3.651114E-06,  1.473735E-09,  1.027557E-05, -7.648399E+01,  1.411962E-01,  3.933041E-01,  1.705502E-03,  1.434637E+02,  9.016212E-07,  4.219591E-09,  8.239857E-07,  2.706350E-10,  2.538870E-06
  4.269090E+00, -4.344440E+01,  2.760528E-01,  7.689493E-01,  1.733246E-02,  3.744006E+01,  6.778302E-06,  7.839109E-08,  2.184806E-06,  2.865181E-09,  1.812819E-05, -4.715540E+01,  4.715489E-02,  1.603908E-01,  1.604452E-02,  8.039634E+01,  1.098336E-06,  9.458831E-09,  4.342986E-06,  2.439226E-09,  6.929864E-06, -7.483713E+01,  1.452095E-01,  4.044832E-01,  7.780196E-03,  1.393311E+02,  3.376560E-06,  1.947862E-08,  3.650242E-06,  1.475268E-09,  1.030683E-05, -7.615680E+01,  1.419736E-01,  3.954697E-01,  1.716727E-03,  1.426560E+02,  9.067814E-07,  4.225780E-09,  8.247393E-07,  2.709814E-10,  2.550949E-06
  4.271618E+00, -4.342410E+01,  2.761576E-01,  7.692412E-01,  1.730047E-02,  3.737810E+01,  6.767419E-06,  7.843707E-08,  2.177167E-06,  2.866088E-09,  1.809590E-05, -4.712422E+01,  4.719345E-02,  1.605219E-01,  1.604416E-02,  8.037161E+01,  1.098314E-06,  9.466308E-09,  4.341550E-06,  2.441046E-09,  6.929008E-06, -7.458001E+01,  1.458590E-01,  4.062926E-01,  7.815505E-03,  1.386706E+02,  3.389887E-06,  1.950174E-08,  3.649423E-06,  1.476800E-09,  1.033794E-05, -7.583890E+01,  1.427383E-01,  3.975998E-01,  1.728183E-03,  1.418650E+02,  9.120440E-07,  4.232005E-09,  8.256396E-07,  2.713283E-10,  2.563370E-06
  4.274146E+00, -4.340480E+01,  2.762573E-01,  7.695189E-01,  1.726836E-02,  3.731921E+01,  6.756490E-06,  7.848297E-08,  2.169703E-06,  2.866991E-09,  1.806358E-05, -4.709428E+01,  4.723059E-02,  1.606483E-01,  1.604350E-02,  8.034780E+01,  1.098275E-06,  9.473784E-09,  4.340087E-06,  2.442866E-09,  6.928059E-06, -7.432923E+01,  1.464987E-01,  4.080744E-01,  7.850575E-03,  1.380224E+02,  3.403117E-06,  1.952495E-08,  3.648660E-06,  1.478331E-09,  1.036888E-05, -7.553015E+01,  1.434899E-01,  3.996934E-01,  1.739875E-03,  1.410907E+02,  9.174097E-07,  4.238267E-09,  8.266884E-07,  2.716756E-10,  2.576136E-06
  4.276674E+00, -4.338644E+01,  2.763521E-01,  7.697829E-01,  1.723614E-02,  3.726321E+01,  6.745520E-06,  7.852879E-08,  2.162406E-06,  2.867891E-09,  1.803124E-05, -4.706552E+01,  4.726637E-02,  1.607700E-01,  1.604256E-02,  8.032486E+01,  1.098219E-06,  9.481260E-09,  4.338593E-06,  2.444684E-09,  6.927016E-06, -7.408475E+01,  1.471282E-01,  4.098277E-01,  7.885390E-03,  1.373866E+02,  3.416243E-06,  1.954826E-08,  3.647958E-06,  1.479863E-09,  1.039963E-05, -7.523041E+01,  1.442281E-01,  4.017496E-01,  1.751803E-03,  1.403334E+02,  9.228792E-07,  4.244566E-09,  8.278878E-07,  2.720233E-10,  2.589249E-06
  4.279202E+00, -4.336897E+01,  2.764422E-01,  7.700341E-01,  1.720382E-02,  3.720997E+01,  6.734513E-06,  7.857454E-08,  2.155268E-06,  2.868789E-09,  1.799889E-05, -4.703788E+01,  4.730084E-02,  1.608872E-01,  1.604133E-02,  8.030278E+01,  1.098146E-06,  9.488735E-09,  4.337069E-06,  2.446502E-09,  6.925881E-06, -7.384653E+01,  1.477471E-01,  4.115518E-01,  7.919936E-03,  1.367634E+02,  3.429261E-06,  1.957164E-08,  3.647319E-06,  1.481394E-09,  1.043020E-05, -7.493953E+01,  1.449526E-01,  4.037676E-01,  1.763970E-03,  1.395930E+02,  9.284532E-07,  4.250904E-09,  8.292395E-07,  2.723717E-10,  2.602713E-06
  4.281730E+00, -4.335235E+01,  2.765280E-01,  7.702731E-01,  1.717141E-02,  3.715933E+01,  6.723474E-06,  7.862022E-08,  2.148281E-06,  2.869683E-09,  1.796653E-05, -4.701131E+01,  4.733405E-02,  1.610002E-01,  1.603982E-02,  8.028154E+01,  1.098056E-06,  9.496210E-09,  4.335514E-06,  2.448320E-09,  6.924652E-06, -7.361451E+01,  1.483553E-01,  4.132460E-01,  7.954199E-03,  1.361531E+02,  3.442164E-06,  1.959512E-08,  3.646748E-06,  1.482925E-09,  1.046056E-05, -7.465733E+01,  1.456630E-01,  4.057466E-01,  1.776378E-03,  1.388697E+02,  9.341321E-07,  4.257280E-09,  8.307449E-07,  2.727207E-10,  2.616530E-06
  4.284258E+00, -4.333653E+01,  2.766097E-01,  7.705005E-01,  1.713892E-02,  3.711116E+01,  6.712406E-06,  7.866582E-08,  2.141439E-06,  2.870574E-09,  1.793417E-05, -4.698577E+01,  4.736605E-02,  1.611090E-01,  1.603803E-02,  8.026107E+01,  1.097949E-06,  9.503684E-09,  4.333925E-06,  2.450137E-09,  6.923331E-06, -7.338864E+01,  1.489525E-01,  4.149095E-01,  7.988166E-03,  1.355556E+02,  3.454949E-06,  1.961869E-08,  3.646248E-06,  1.484455E-09,  1.049071E-05, -7.438365E+01,  1.463594E-01,  4.076863E-01,  1.789027E-03,  1.381634E+02,  9.399164E-07,  4.263696E-09,  8.324050E-07,  2.730704E-10,  2.630700E-06
  4.286786E+00, -4.332146E+01,  2.766874E-01,  7.707170E-01,  1.710637E-02,  3.706533E+01,  6.701314E-06,  7.871134E-08,  2.134733E-06,  2.871463E-09,  1.790182E-05, -4.696122E+01,  4.739689E-02,  1.612139E-01,  1.603597E-02,  8.024135E+01,  1.097826E-06,  9.511157E-09,  4.332303E-06,  2.451953E-09,  6.921917E-06, -7.316886E+01,  1.495386E-01,  4.165419E-01,  8.021826E-03,  1.349711E+02,  3.467611E-06,  1.964234E-08,  3.645821E-06,  1.485986E-09,  1.052064E-05, -7.411832E+01,  1.470414E-01,  4.095860E-01,  1.801919E-03,  1.374741E+02,  9.458065E-07,  4.270152E-09,  8.342208E-07,  2.734208E-10,  2.645225E-06
  4.289314E+00, -4.330712E+01,  2.767614E-01,  7.709231E-01,  1.707377E-02,  3.702170E+01,  6.690200E-06,  7.875679E-08,  2.128158E-06,  2.872348E-09,  1.786948E-05, -4.693760E+01,  4.742661E-02,  1.613150E-01,  1.603363E-02,  8.022234E+01,  1.097687E-06,  9.518629E-09,  4.330646E-06,  2.453768E-09,  6.920410E-06, -7.295508E+01,  1.501132E-01,  4.181426E-01,  8.055166E-03,  1.343996E+02,  3.480146E-06,  1.966608E-08,  3.645472E-06,  1.487516E-09,  1.055034E-05, -7.386118E+01,  1.477089E-01,  4.114454E-01,  1.815055E-03,  1.368019E+02,  9.518024E-07,  4.276649E-09,  8.361932E-07,  2.737721E-10,  2.660107E-06
  4.291842E+00, -4.329346E+01,  2.768319E-01,  7.711194E-01,  1.704112E-02,  3.698018E+01,  6.679069E-06,  7.880215E-08,  2.121707E-06,  2.873232E-09,  1.783716E-05, -4.691489E+01,  4.745526E-02,  1.614125E-01,  1.603102E-02,  8.020406E+01,  1.097532E-06,  9.526100E-09,  4.328954E-06,  2.455582E-09,  6.918811E-06, -7.274724E+01,  1.506763E-01,  4.197113E-01,  8.088178E-03,  1.338412E+02,  3.492551E-06,  1.968990E-08,  3.645202E-06,  1.489046E-09,  1.057980E-05, -7.361203E+01,  1.483619E-01,  4.132642E-01,  1.828436E-03,  1.361465E+02,  9.579042E-07,  4.283188E-09,  8.383224E-07,  2.741242E-10,  2.675346E-06
  4.294370E+00, -4.328044E+01,  2.768990E-01,  7.713064E-01,  1.700843E-02,  3.694063E+01,  6.667922E-06,  7.884745E-08,  2.115374E-06,  2.874112E-09,  1.780486E-05, -4.689304E+01,  4.748288E-02,  1.615064E-01,  1.602815E-02,  8.018643E+01,  1.097360E-06,  9.533570E-09,  4.327226E-06,  2.457396E-09,  6.917121E-06, -7.254525E+01,  1.512278E-01,  4.212474E-01,  8.120853E-03,  1.332959E+02,  3.504823E-06,  1.971381E-08,  3.645014E-06,  1.490576E-09,  1.060902E-05, -7.337070E+01,  1.490002E-01,  4.150423E-01,  1.842063E-03,  1.355080E+02,  9.641120E-07,  4.289769E-09,  8.406089E-07,  2.744774E-10,  2.690941E-06
  4.296898E+00, -4.326804E+01,  2.769629E-01,  7.714845E-01,  1.697572E-02,  3.690296E+01,  6.656764E-06,  7.889266E-08,  2.109153E-06,  2.874990E-09,  1.777259E-05, -4.687201E+01,  4.750951E-02,  1.615970E-01,  1.602501E-02,  8.016944E+01,  1.097173E-06,  9.541038E-09,  4.325462E-06,  2.459209E-09,  6.915339E-06, -7.234903E+01,  1.517676E-01,  4.227509E-01,  8.153181E-03,  1.327637E+02,  3.516958E-06,  1.973780E-08,  3.644911E-06,  1.492106E-09,  1.063800E-05, -7.313702E+01,  1.496238E-01,  4.167795E-01,  1.855935E-03,  1.348862E+02,  9.704256E-07,  4.296394E-09,  8.430526E-07,  2.748315E-10,  2.706892E-06
  4.299426E+00, -4.325621E+01,  2.770239E-01,  7.716543E-01,  1.694299E-02,  3.686706E+01,  6.645596E-06,  7.893780E-08,  2.103040E-06,  2.875865E-09,  1.774035E-05, -4.685178E+01,  4.753518E-02,  1.616843E-01,  1.602160E-02,  8.015305E+01,  1.096971E-06,  9.548505E-09,  4.323660E-06,  2.461022E-09,  6.913467E-06, -7.215848E+01,  1.522955E-01,  4.242215E-01,  8.185157E-03,  1.322445E+02,  3.528955E-06,  1.976187E-08,  3.644894E-06,  1.493636E-09,  1.066671E-05, -7.291080E+01,  1.502328E-01,  4.184758E-01,  1.870053E-03,  1.342809E+02,  9.768446E-07,  4.303062E-09,  8.456536E-07,  2.751868E-10,  2.723199E-06
  4.301954E+00, -4.324494E+01,  2.770820E-01,  7.718162E-01,  1.691025E-02,  3.683285E+01,  6.634421E-06,  7.898287E-08,  2.097029E-06,  2.876737E-09,  1.770814E-05, -4.683230E+01,  4.755993E-02,  1.617685E-01,  1.601795E-02,  8.013726E+01,  1.096753E-06,  9.555970E-09,  4.321821E-06,  2.462833E-09,  6.911505E-06, -7.197352E+01,  1.528116E-01,  4.256589E-01,  8.216775E-03,  1.317383E+02,  3.540812E-06,  1.978602E-08,  3.644966E-06,  1.495167E-09,  1.069517E-05, -7.269186E+01,  1.508271E-01,  4.201313E-01,  1.884416E-03,  1.336920E+02,  9.833688E-07,  4.309775E-09,  8.484114E-07,  2.755432E-10,  2.739861E-06
  4.304482E+00, -4.323419E+01,  2.771374E-01,  7.719706E-01,  1.687750E-02,  3.680024E+01,  6.623242E-06,  7.902785E-08,  2.091116E-06,  2.877608E-09,  1.767597E-05, -4.681355E+01,  4.758380E-02,  1.618497E-01,  1.601403E-02,  8.012206E+01,  1.096519E-06,  9.563434E-09,  4.319945E-06,  2.464644E-09,  6.909454E-06, -7.179404E+01,  1.533157E-01,  4.270633E-01,  8.248028E-03,  1.312450E+02,  3.552526E-06,  1.981025E-08,  3.645128E-06,  1.496697E-09,  1.072337E-05, -7.248002E+01,  1.514068E-01,  4.217460E-01,  1.899024E-03,  1.331193E+02,  9.899976E-07,  4.316534E-09,  8.513255E-07,  2.759009E-10,  2.756876E-06
  4.307010E+00, -4.322393E+01,  2.771903E-01,  7.721178E-01,  1.684475E-02,  3.676913E+01,  6.612061E-06,  7.907276E-08,  2.085296E-06,  2.878475E-09,  1.764385E-05, -4.679550E+01,  4.760682E-02,  1.619280E-01,  1.600986E-02,  8.010740E+01,  1.096271E-06,  9.570896E-09,  4.318030E-06,  2.466454E-09,  6.907314E-06, -7.161995E+01,  1.538080E-01,  4.284345E-01,  8.278912E-03,  1.307646E+02,  3.564096E-06,  1.983456E-08,  3.645381E-06,  1.498227E-09,  1.075130E-05, -7.227511E+01,  1.519719E-01,  4.233201E-01,  1.913876E-03,  1.325626E+02,  9.967304E-07,  4.323338E-09,  8.543953E-07,  2.762598E-10,  2.774242E-06
  4.309538E+00, -4.321414E+01,  2.772407E-01,  7.722583E-01,  1.681201E-02,  3.673946E+01,  6.600879E-06,  7.911760E-08,  2.079564E-06,  2.879341E-09,  1.761177E-05, -4.677812E+01,  4.762903E-02,  1.620035E-01,  1.600544E-02,  8.009326E+01,  1.096008E-06,  9.578356E-09,  4.316078E-06,  2.468263E-09,  6.905087E-06, -7.145114E+01,  1.542883E-01,  4.297725E-01,  8.309423E-03,  1.302969E+02,  3.575521E-06,  1.985895E-08,  3.645728E-06,  1.499757E-09,  1.077896E-05, -7.207694E+01,  1.525226E-01,  4.248540E-01,  1.928972E-03,  1.320216E+02,  1.003566E-06,  4.330189E-09,  8.576200E-07,  2.766201E-10,  2.791956E-06
  4.312066E+00, -4.320480E+01,  2.772889E-01,  7.723924E-01,  1.677929E-02,  3.671115E+01,  6.589699E-06,  7.916235E-08,  2.073918E-06,  2.880203E-09,  1.757974E-05, -4.676138E+01,  4.765044E-02,  1.620763E-01,  1.600078E-02,  8.007963E+01,  1.095730E-06,  9.585815E-09,  4.314086E-06,  2.470072E-09,  6.902772E-06, -7.128751E+01,  1.547568E-01,  4.310775E-01,  8.339559E-03,  1.298418E+02,  3.586799E-06,  1.988342E-08,  3.646168E-06,  1.501288E-09,  1.080635E-05, -7.188534E+01,  1.530588E-01,  4.263477E-01,  1.944309E-03,  1.314962E+02,  1.010505E-06,  4.337088E-09,  8.609985E-07,  2.769818E-10,  2.810017E-06
  4.314594E+00, -4.319587E+01,  2.773348E-01,  7.725205E-01,  1.674658E-02,  3.668411E+01,  6.578522E-06,  7.920703E-08,  2.068352E-06,  2.881064E-09,  1.754777E-05, -4.674526E+01,  4.767109E-02,  1.621466E-01,  1.599588E-02,  8.006648E+01,  1.095438E-06,  9.593271E-09,  4.312056E-06,  2.471879E-09,  6.900371E-06, -7.112895E+01,  1.552135E-01,  4.323496E-01,  8.369317E-03,  1.293991E+02,  3.597932E-06,  1.990796E-08,  3.646702E-06,  1.502819E-09,  1.083346E-05, -7.170013E+01,  1.535809E-01,  4.278018E-01,  1.959887E-03,  1.309861E+02,  1.017545E-06,  4.344035E-09,  8.645298E-07,  2.773450E-10,  2.828422E-06
  4.317122E+00, -4.318735E+01,  2.773787E-01,  7.726427E-01,  1.671390E-02,  3.665831E+01,  6.567351E-06,  7.925163E-08,  2.062864E-06,  2.881922E-09,  1.751585E-05, -4.672973E+01,  4.769102E-02,  1.622143E-01,  1.599073E-02,  8.005379E+01,  1.095131E-06,  9.600725E-09,  4.309987E-06,  2.473686E-09,  6.897884E-06, -7.097536E+01,  1.556585E-01,  4.335891E-01,  8.398695E-03,  1.289688E+02,  3.608917E-06,  1.993258E-08,  3.647332E-06,  1.504350E-09,  1.086030E-05, -7.152114E+01,  1.540888E-01,  4.292166E-01,  1.975703E-03,  1.304910E+02,  1.024685E-06,  4.351031E-09,  8.682125E-07,  2.777098E-10,  2.847166E-06
  4.319650E+00, -4.317921E+01,  2.774207E-01,  7.727596E-01,  1.668124E-02,  3.663366E+01,  6.556186E-06,  7.929616E-08,  2.057451E-06,  2.882778E-09,  1.748398E-05, -4.671477E+01,  4.771024E-02,  1.622797E-01,  1.598535E-02,  8.004158E+01,  1.094811E-06,  9.608177E-09,  4.307880E-06,  2.475491E-09,  6.895312E-06, -7.082661E+01,  1.560918E-01,  4.347960E-01,  8.427693E-03,  1.285507E+02,  3.619755E-06,  1.995727E-08,  3.648056E-06,  1.505881E-09,  1.088687E-05, -7.134820E+01,  1.545827E-01,  4.305926E-01,  1.991756E-03,  1.300108E+02,  1.031925E-06,  4.358076E-09,  8.720454E-07,  2.780761E-10,  2.866247E-06
  4.322178E+00, -4.317143E+01,  2.774608E-01,  7.728712E-01,  1.664861E-02,  3.661011E+01,  6.545029E-06,  7.934061E-08,  2.052108E-06,  2.883632E-09,  1.745218E-05, -4.670036E+01,  4.772878E-02,  1.623428E-01,  1.597974E-02,  8.002980E+01,  1.094476E-06,  9.615627E-09,  4.305734E-06,  2.477296E-09,  6.892656E-06, -7.068262E+01,  1.565135E-01,  4.359708E-01,  8.456310E-03,  1.281445E+02,  3.630446E-06,  1.998204E-08,  3.648877E-06,  1.507413E-09,  1.091316E-05, -7.118114E+01,  1.550629E-01,  4.319301E-01,  2.008044E-03,  1.295450E+02,  1.039263E-06,  4.365172E-09,  8.760268E-07,  2.784442E-10,  2.885661E-06
  4.324706E+00, -4.316399E+01,  2.774991E-01,  7.729779E-01,  1.661603E-02,  3.658759E+01,  6.533882E-06,  7.938498E-08,  2.046832E-06,  2.884483E-09,  1.742043E-05, -4.668648E+01,  4.774666E-02,  1.624036E-01,  1.597390E-02,  8.001844E+01,  1.094128E-06,  9.623074E-09,  4.303549E-06,  2.479100E-09,  6.889918E-06, -7.054325E+01,  1.569238E-01,  4.371137E-01,  8.484546E-03,  1.277502E+02,  3.640990E-06,  2.000687E-08,  3.649792E-06,  1.508945E-09,  1.093917E-05, -7.101979E+01,  1.555295E-01,  4.332298E-01,  2.024565E-03,  1.290935E+02,  1.046697E-06,  4.372318E-09,  8.801550E-07,  2.788139E-10,  2.905404E-06
  4.327234E+00, -4.315688E+01,  2.775357E-01,  7.730800E-01,  1.658348E-02,  3.656608E+01,  6.522745E-06,  7.942928E-08,  2.041623E-06,  2.885333E-09,  1.738875E-05, -4.667310E+01,  4.776392E-02,  1.624623E-01,  1.596783E-02,  8.000748E+01,  1.093767E-06,  9.630519E-09,  4.301325E-06,  2.480903E-09,  6.887097E-06, -7.040841E+01,  1.573228E-01,  4.382251E-01,  8.512403E-03,  1.273674E+02,  3.651388E-06,  2.003178E-08,  3.650803E-06,  1.510477E-09,  1.096491E-05, -7.086399E+01,  1.559827E-01,  4.344921E-01,  2.041315E-03,  1.286559E+02,  1.054227E-06,  4.379516E-09,  8.844285E-07,  2.791855E-10,  2.925471E-06
  4.329762E+00, -4.315007E+01,  2.775707E-01,  7.731775E-01,  1.655097E-02,  3.654550E+01,  6.511620E-06,  7.947350E-08,  2.036475E-06,  2.886180E-09,  1.735714E-05, -4.666022E+01,  4.778056E-02,  1.625189E-01,  1.596154E-02,  7.999690E+01,  1.093392E-06,  9.637961E-09,  4.299062E-06,  2.482705E-09,  6.884194E-06, -7.027798E+01,  1.577106E-01,  4.393054E-01,  8.539881E-03,  1.269961E+02,  3.661640E-06,  2.005676E-08,  3.651908E-06,  1.512010E-09,  1.099037E-05, -7.071358E+01,  1.564227E-01,  4.357177E-01,  2.058292E-03,  1.282319E+02,  1.061851E-06,  4.386766E-09,  8.888453E-07,  2.795590E-10,  2.945857E-06
  4.332290E+00, -4.314356E+01,  2.776043E-01,  7.732709E-01,  1.651851E-02,  3.652581E+01,  6.500508E-06,  7.951764E-08,  2.031387E-06,  2.887025E-09,  1.732559E-05, -4.664780E+01,  4.779662E-02,  1.625735E-01,  1.595502E-02,  7.998670E+01,  1.093003E-06,  9.645400E-09,  4.296760E-06,  2.484506E-09,  6.881211E-06, -7.015185E+01,  1.580874E-01,  4.403550E-01,  8.566982E-03,  1.266360E+02,  3.671748E-06,  2.008181E-08,  3.653108E-06,  1.513543E-09,  1.101556E-05, -7.056839E+01,  1.568497E-01,  4.369072E-01,  2.075493E-03,  1.278214E+02,  1.069567E-06,  4.394069E-09,  8.934035E-07,  2.799343E-10,  2.966559E-06
  4.334818E+00, -4.313733E+01,  2.776363E-01,  7.733603E-01,  1.648610E-02,  3.650697E+01,  6.489410E-06,  7.956171E-08,  2.026357E-06,  2.887867E-09,  1.729410E-05, -4.663583E+01,  4.781211E-02,  1.626262E-01,  1.594829E-02,  7.997685E+01,  1.092602E-06,  9.652837E-09,  4.294420E-06,  2.486305E-09,  6.878149E-06, -7.002991E+01,  1.584534E-01,  4.413743E-01,  8.593709E-03,  1.262869E+02,  3.681712E-06,  2.010692E-08,  3.654401E-06,  1.515077E-09,  1.104048E-05, -7.042827E+01,  1.572639E-01,  4.380611E-01,  2.092915E-03,  1.274239E+02,  1.077374E-06,  4.401425E-09,  8.981011E-07,  2.803117E-10,  2.987571E-06
  4.337346E+00, -4.313137E+01,  2.776670E-01,  7.734458E-01,  1.645374E-02,  3.648895E+01,  6.478327E-06,  7.960570E-08,  2.021382E-06,  2.888708E-09,  1.726269E-05, -4.662429E+01,  4.782705E-02,  1.626771E-01,  1.594135E-02,  7.996737E+01,  1.092188E-06,  9.660270E-09,  4.292041E-06,  2.488104E-09,  6.875008E-06, -6.991205E+01,  1.588086E-01,  4.423638E-01,  8.620064E-03,  1.259486E+02,  3.691533E-06,  2.013211E-08,  3.655787E-06,  1.516612E-09,  1.106512E-05, -7.029307E+01,  1.576657E-01,  4.391802E-01,  2.110556E-03,  1.270391E+02,  1.085270E-06,  4.408836E-09,  9.029361E-07,  2.806910E-10,  3.008887E-06
  4.339874E+00, -4.312565E+01,  2.776964E-01,  7.735277E-01,  1.642144E-02,  3.647169E+01,  6.467260E-06,  7.964962E-08,  2.016460E-06,  2.889547E-09,  1.723135E-05, -4.661318E+01,  4.784147E-02,  1.627261E-01,  1.593419E-02,  7.995823E+01,  1.091762E-06,  9.667701E-09,  4.289625E-06,  2.489902E-09,  6.871789E-06, -6.979817E+01,  1.591533E-01,  4.433241E-01,  8.646050E-03,  1.256208E+02,  3.701213E-06,  2.015736E-08,  3.657263E-06,  1.518147E-09,  1.108950E-05, -7.016264E+01,  1.580551E-01,  4.402650E-01,  2.128411E-03,  1.266668E+02,  1.093254E-06,  4.416301E-09,  9.079062E-07,  2.810725E-10,  3.030503E-06
  4.342402E+00, -4.312018E+01,  2.777246E-01,  7.736061E-01,  1.638919E-02,  3.645516E+01,  6.456209E-06,  7.969345E-08,  2.011589E-06,  2.890383E-09,  1.720007E-05, -4.660247E+01,  4.785538E-02,  1.627734E-01,  1.592683E-02,  7.994941E+01,  1.091323E-06,  9.675129E-09,  4.287170E-06,  2.491699E-09,  6.868493E-06, -6.968814E+01,  1.594877E-01,  4.442555E-01,  8.671671E-03,  1.253034E+02,  3.710753E-06,  2.018267E-08,  3.658831E-06,  1.519683E-09,  1.111361E-05, -7.003683E+01,  1.584326E-01,  4.413164E-01,  2.146478E-03,  1.263067E+02,  1.101323E-06,  4.423821E-09,  9.130093E-07,  2.814561E-10,  3.052412E-06
  4.344930E+00, -4.311494E+01,  2.777516E-01,  7.736813E-01,  1.635700E-02,  3.643933E+01,  6.445175E-06,  7.973722E-08,  2.006767E-06,  2.891218E-09,  1.716887E-05, -4.659214E+01,  4.786880E-02,  1.628190E-01,  1.591926E-02,  7.994091E+01,  1.090872E-06,  9.682553E-09,  4.284678E-06,  2.493495E-09,  6.865122E-06, -6.958187E+01,  1.598120E-01,  4.451587E-01,  8.696930E-03,  1.249960E+02,  3.720155E-06,  2.020805E-08,  3.660487E-06,  1.521219E-09,  1.113745E-05, -6.991549E+01,  1.587982E-01,  4.423349E-01,  2.164752E-03,  1.259584E+02,  1.109475E-06,  4.431397E-09,  9.182432E-07,  2.818419E-10,  3.074610E-06
  4.347458E+00, -4.310992E+01,  2.777774E-01,  7.737533E-01,  1.632487E-02,  3.642415E+01,  6.434159E-06,  7.978091E-08,  2.001992E-06,  2.892050E-09,  1.713774E-05, -4.658219E+01,  4.788174E-02,  1.628631E-01,  1.591149E-02,  7.993270E+01,  1.090409E-06,  9.689975E-09,  4.282148E-06,  2.495290E-09,  6.861675E-06, -6.947926E+01,  1.601263E-01,  4.460342E-01,  8.721831E-03,  1.246986E+02,  3.729420E-06,  2.023349E-08,  3.662230E-06,  1.522757E-09,  1.116103E-05, -6.979849E+01,  1.591523E-01,  4.433213E-01,  2.183230E-03,  1.256217E+02,  1.117710E-06,  4.439029E-09,  9.236054E-07,  2.822300E-10,  3.097091E-06
  4.349986E+00, -4.310510E+01,  2.778022E-01,  7.738223E-01,  1.629280E-02,  3.640962E+01,  6.423162E-06,  7.982452E-08,  1.997263E-06,  2.892881E-09,  1.710669E-05, -4.657261E+01,  4.789422E-02,  1.629055E-01,  1.590353E-02,  7.992479E+01,  1.089934E-06,  9.697393E-09,  4.279580E-06,  2.497083E-09,  6.858155E-06, -6.938018E+01,  1.604308E-01,  4.468825E-01,  8.746379E-03,  1.244108E+02,  3.738550E-06,  2.025899E-08,  3.664060E-06,  1.524295E-09,  1.118436E-05, -6.968569E+01,  1.594952E-01,  4.442763E-01,  2.201909E-03,  1.252963E+02,  1.126025E-06,  4.446718E-09,  9.290938E-07,  2.826204E-10,  3.119848E-06
  4.352514E+00, -4.310049E+01,  2.778260E-01,  7.738885E-01,  1.626079E-02,  3.639568E+01,  6.412184E-06,  7.986806E-08,  1.992578E-06,  2.893710E-09,  1.707571E-05, -4.656336E+01,  4.790626E-02,  1.629465E-01,  1.589536E-02,  7.991715E+01,  1.089447E-06,  9.704808E-09,  4.276975E-06,  2.498876E-09,  6.854562E-06, -6.928456E+01,  1.607258E-01,  4.477043E-01,  8.770577E-03,  1.241324E+02,  3.747547E-06,  2.028456E-08,  3.665974E-06,  1.525834E-09,  1.120742E-05, -6.957696E+01,  1.598270E-01,  4.452006E-01,  2.220784E-03,  1.249818E+02,  1.134418E-06,  4.454465E-09,  9.347058E-07,  2.830131E-10,  3.142875E-06
  4.355042E+00, -4.309606E+01,  2.778487E-01,  7.739519E-01,  1.622886E-02,  3.638232E+01,  6.401225E-06,  7.991152E-08,  1.987935E-06,  2.894536E-09,  1.704481E-05, -4.655446E+01,  4.791788E-02,  1.629860E-01,  1.588701E-02,  7.990979E+01,  1.088949E-06,  9.712219E-09,  4.274334E-06,  2.500667E-09,  6.850897E-06, -6.919227E+01,  1.610115E-01,  4.485000E-01,  8.794431E-03,  1.238632E+02,  3.756413E-06,  2.031019E-08,  3.667971E-06,  1.527373E-09,  1.123023E-05, -6.947215E+01,  1.601481E-01,  4.460950E-01,  2.239851E-03,  1.246780E+02,  1.142887E-06,  4.462269E-09,  9.404390E-07,  2.834083E-10,  3.166168E-06
  4.357570E+00, -4.309181E+01,  2.778706E-01,  7.740128E-01,  1.619698E-02,  3.636950E+01,  6.390287E-06,  7.995491E-08,  1.983334E-06,  2.895361E-09,  1.701398E-05, -4.654587E+01,  4.792908E-02,  1.630241E-01,  1.587846E-02,  7.990268E+01,  1.088439E-06,  9.719627E-09,  4.271656E-06,  2.502458E-09,  6.847161E-06, -6.910322E+01,  1.612880E-01,  4.492703E-01,  8.817946E-03,  1.236029E+02,  3.765150E-06,  2.033587E-08,  3.670049E-06,  1.528914E-09,  1.125279E-05, -6.937115E+01,  1.604587E-01,  4.469601E-01,  2.259107E-03,  1.243845E+02,  1.151430E-06,  4.470132E-09,  9.462911E-07,  2.838059E-10,  3.189719E-06
  4.360098E+00, -4.308774E+01,  2.778916E-01,  7.740712E-01,  1.616518E-02,  3.635721E+01,  6.379369E-06,  7.999822E-08,  1.978771E-06,  2.896184E-09,  1.698322E-05, -4.653760E+01,  4.793989E-02,  1.630608E-01,  1.586973E-02,  7.989583E+01,  1.087918E-06,  9.727031E-09,  4.268942E-06,  2.504247E-09,  6.843354E-06, -6.901732E+01,  1.615557E-01,  4.500158E-01,  8.841126E-03,  1.233513E+02,  3.773760E-06,  2.036162E-08,  3.672207E-06,  1.530455E-09,  1.127511E-05, -6.927383E+01,  1.607590E-01,  4.477967E-01,  2.278548E-03,  1.241011E+02,  1.160046E-06,  4.478054E-09,  9.522596E-07,  2.842061E-10,  3.213522E-06
  4.362626E+00, -4.308383E+01,  2.779117E-01,  7.741272E-01,  1.613345E-02,  3.634541E+01,  6.368472E-06,  8.004146E-08,  1.974247E-06,  2.897004E-09,  1.695255E-05, -4.652963E+01,  4.795031E-02,  1.630963E-01,  1.586082E-02,  7.988923E+01,  1.087387E-06,  9.734431E-09,  4.266192E-06,  2.506035E-09,  6.839479E-06, -6.893447E+01,  1.618146E-01,  4.507370E-01,  8.863977E-03,  1.231083E+02,  3.782244E-06,  2.038742E-08,  3.674441E-06,  1.531997E-09,  1.129717E-05, -6.918006E+01,  1.610494E-01,  4.486055E-01,  2.298169E-03,  1.238275E+02,  1.168732E-06,  4.486036E-09,  9.583420E-07,  2.846088E-10,  3.237571E-06
  4.365154E+00, -4.308008E+01,  2.779310E-01,  7.741810E-01,  1.610178E-02,  3.633409E+01,  6.357596E-06,  8.008462E-08,  1.969759E-06,  2.897823E-09,  1.692195E-05, -4.652195E+01,  4.796036E-02,  1.631305E-01,  1.585172E-02,  7.988287E+01,  1.086844E-06,  9.741828E-09,  4.263407E-06,  2.507822E-09,  6.835536E-06, -6.885456E+01,  1.620650E-01,  4.514345E-01,  8.886504E-03,  1.228734E+02,  3.790605E-06,  2.041328E-08,  3.676751E-06,  1.533541E-09,  1.131900E-05, -6.908973E+01,  1.613300E-01,  4.493872E-01,  2.317967E-03,  1.235634E+02,  1.177486E-06,  4.494077E-09,  9.645358E-07,  2.850141E-10,  3.261861E-06
  4.367682E+00, -4.307648E+01,  2.779495E-01,  7.742326E-01,  1.607019E-02,  3.632323E+01,  6.346742E-06,  8.012771E-08,  1.965307E-06,  2.898640E-09,  1.689142E-05, -4.651454E+01,  4.797005E-02,  1.631634E-01,  1.584245E-02,  7.987674E+01,  1.086291E-06,  9.749221E-09,  4.260587E-06,  2.509607E-09,  6.831526E-06, -6.877752E+01,  1.623071E-01,  4.521090E-01,  8.908712E-03,  1.226466E+02,  3.798845E-06,  2.043919E-08,  3.679135E-06,  1.535085E-09,  1.134059E-05, -6.900273E+01,  1.616012E-01,  4.501426E-01,  2.337936E-03,  1.233086E+02,  1.186307E-06,  4.502179E-09,  9.708386E-07,  2.854220E-10,  3.286384E-06
  4.370210E+00, -4.307302E+01,  2.779673E-01,  7.742821E-01,  1.603867E-02,  3.631280E+01,  6.335910E-06,  8.017072E-08,  1.960890E-06,  2.899456E-09,  1.686098E-05, -4.650741E+01,  4.797939E-02,  1.631952E-01,  1.583301E-02,  7.987082E+01,  1.085728E-06,  9.756610E-09,  4.257732E-06,  2.511392E-09,  6.827450E-06, -6.870325E+01,  1.625412E-01,  4.527610E-01,  8.930607E-03,  1.224276E+02,  3.806967E-06,  2.046517E-08,  3.681591E-06,  1.536630E-09,  1.136195E-05, -6.891894E+01,  1.618632E-01,  4.508724E-01,  2.358074E-03,  1.230627E+02,  1.195192E-06,  4.510341E-09,  9.772478E-07,  2.858327E-10,  3.311135E-06
  4.372738E+00, -4.306970E+01,  2.779844E-01,  7.743297E-01,  1.600722E-02,  3.630279E+01,  6.325100E-06,  8.021366E-08,  1.956507E-06,  2.900269E-09,  1.683061E-05, -4.650054E+01,  4.798840E-02,  1.632259E-01,  1.582339E-02,  7.986512E+01,  1.085154E-06,  9.763995E-09,  4.254843E-06,  2.513175E-09,  6.823310E-06, -6.863166E+01,  1.627674E-01,  4.533911E-01,  8.952195E-03,  1.222162E+02,  3.814971E-06,  2.049119E-08,  3.684115E-06,  1.538177E-09,  1.138308E-05, -6.883824E+01,  1.621162E-01,  4.515772E-01,  2.378376E-03,  1.228254E+02,  1.204139E-06,  4.518565E-09,  9.837610E-07,  2.862461E-10,  3.336107E-06
  4.375266E+00, -4.306651E+01,  2.780008E-01,  7.743754E-01,  1.597584E-02,  3.629318E+01,  6.314312E-06,  8.025652E-08,  1.952156E-06,  2.901080E-09,  1.680032E-05, -4.649391E+01,  4.799709E-02,  1.632554E-01,  1.581361E-02,  7.985963E+01,  1.084570E-06,  9.771376E-09,  4.251920E-06,  2.514957E-09,  6.819105E-06, -6.856266E+01,  1.629860E-01,  4.539999E-01,  8.973479E-03,  1.220122E+02,  3.822862E-06,  2.051727E-08,  3.686707E-06,  1.539724E-09,  1.140398E-05, -6.876055E+01,  1.623606E-01,  4.522578E-01,  2.398837E-03,  1.225966E+02,  1.213147E-06,  4.526850E-09,  9.903756E-07,  2.866623E-10,  3.361294E-06
  4.377794E+00, -4.306345E+01,  2.780165E-01,  7.744193E-01,  1.594454E-02,  3.628394E+01,  6.303548E-06,  8.029932E-08,  1.947836E-06,  2.901890E-09,  1.677010E-05, -4.648753E+01,  4.800547E-02,  1.632839E-01,  1.580366E-02,  7.985433E+01,  1.083976E-06,  9.778753E-09,  4.248963E-06,  2.516737E-09,  6.814838E-06, -6.849618E+01,  1.631971E-01,  4.545880E-01,  8.994468E-03,  1.218152E+02,  3.830640E-06,  2.054340E-08,  3.689365E-06,  1.541273E-09,  1.142465E-05, -6.868574E+01,  1.625965E-01,  4.529149E-01,  2.419454E-03,  1.223760E+02,  1.222213E-06,  4.535198E-09,  9.970893E-07,  2.870813E-10,  3.386690E-06
  4.380322E+00, -4.306050E+01,  2.780317E-01,  7.744615E-01,  1.591331E-02,  3.627507E+01,  6.292806E-06,  8.034203E-08,  1.943547E-06,  2.902698E-09,  1.673997E-05, -4.648138E+01,  4.801355E-02,  1.633114E-01,  1.579354E-02,  7.984922E+01,  1.083373E-06,  9.786126E-09,  4.245974E-06,  2.518517E-09,  6.810509E-06, -6.843212E+01,  1.634010E-01,  4.551559E-01,  9.015165E-03,  1.216252E+02,  3.838307E-06,  2.056959E-08,  3.692086E-06,  1.542823E-09,  1.144511E-05, -6.861373E+01,  1.628242E-01,  4.535492E-01,  2.440222E-03,  1.221632E+02,  1.231335E-06,  4.543607E-09,  1.003899E-06,  2.875032E-10,  3.412289E-06
  4.382850E+00, -4.305768E+01,  2.780462E-01,  7.745020E-01,  1.588216E-02,  3.626654E+01,  6.282088E-06,  8.038468E-08,  1.939287E-06,  2.903504E-09,  1.670991E-05, -4.647545E+01,  4.802133E-02,  1.633379E-01,  1.578327E-02,  7.984429E+01,  1.082760E-06,  9.793495E-09,  4.242951E-06,  2.520295E-09,  6.806119E-06, -6.837041E+01,  1.635978E-01,  4.557042E-01,  9.035578E-03,  1.214420E+02,  3.845867E-06,  2.059583E-08,  3.694868E-06,  1.544374E-09,  1.146535E-05, -6.854441E+01,  1.630439E-01,  4.541612E-01,  2.461138E-03,  1.219581E+02,  1.240512E-06,  4.552080E-09,  1.010804E-06,  2.879280E-10,  3.438084E-06
  4.385378E+00, -4.305496E+01,  2.780602E-01,  7.745409E-01,  1.585109E-02,  3.625835E+01,  6.271392E-06,  8.042725E-08,  1.935057E-06,  2.904308E-09,  1.667993E-05, -4.646974E+01,  4.802884E-02,  1.633634E-01,  1.577285E-02,  7.983955E+01,  1.082138E-06,  9.800859E-09,  4.239897E-06,  2.522072E-09,  6.801669E-06, -6.831096E+01,  1.637879E-01,  4.562336E-01,  9.055710E-03,  1.212652E+02,  3.853321E-06,  2.062212E-08,  3.697709E-06,  1.545926E-09,  1.148538E-05, -6.847769E+01,  1.632559E-01,  4.547518E-01,  2.482196E-03,  1.217604E+02,  1.249741E-06,  4.560616E-09,  1.017800E-06,  2.883557E-10,  3.464070E-06
  4.387906E+00, -4.305235E+01,  2.780736E-01,  7.745783E-01,  1.582009E-02,  3.625047E+01,  6.260720E-06,  8.046975E-08,  1.930854E-06,  2.905111E-09,  1.665002E-05, -4.646424E+01,  4.803607E-02,  1.633880E-01,  1.576227E-02,  7.983497E+01,  1.081506E-06,  9.808219E-09,  4.236811E-06,  2.523847E-09,  6.797160E-06, -6.825371E+01,  1.639713E-01,  4.567445E-01,  9.075568E-03,  1.210947E+02,  3.860671E-06,  2.064845E-08,  3.700608E-06,  1.547479E-09,  1.150520E-05, -6.841347E+01,  1.634604E-01,  4.553214E-01,  2.503394E-03,  1.215699E+02,  1.259021E-06,  4.569215E-09,  1.024885E-06,  2.887864E-10,  3.490241E-06
  4.390434E+00, -4.304984E+01,  2.780865E-01,  7.746143E-01,  1.578916E-02,  3.624291E+01,  6.250072E-06,  8.051217E-08,  1.926678E-06,  2.905912E-09,  1.662020E-05, -4.645894E+01,  4.804304E-02,  1.634117E-01,  1.575153E-02,  7.983056E+01,  1.080865E-06,  9.815574E-09,  4.233693E-06,  2.525622E-09,  6.792594E-06, -6.819858E+01,  1.641482E-01,  4.572374E-01,  9.095158E-03,  1.209304E+02,  3.867920E-06,  2.067484E-08,  3.703561E-06,  1.549034E-09,  1.152481E-05, -6.835168E+01,  1.636576E-01,  4.558709E-01,  2.524726E-03,  1.213863E+02,  1.268350E-06,  4.577878E-09,  1.032057E-06,  2.892202E-10,  3.516590E-06
  4.392962E+00, -4.304742E+01,  2.780989E-01,  7.746489E-01,  1.575831E-02,  3.623564E+01,  6.239447E-06,  8.055452E-08,  1.922529E-06,  2.906711E-09,  1.659045E-05, -4.645384E+01,  4.804976E-02,  1.634346E-01,  1.574066E-02,  7.982631E+01,  1.080216E-06,  9.822925E-09,  4.230545E-06,  2.527394E-09,  6.787971E-06, -6.814549E+01,  1.643190E-01,  4.577130E-01,  9.114484E-03,  1.207719E+02,  3.875070E-06,  2.070128E-08,  3.706567E-06,  1.550589E-09,  1.154422E-05, -6.829222E+01,  1.638479E-01,  4.564007E-01,  2.546189E-03,  1.212094E+02,  1.277725E-06,  4.586605E-09,  1.039314E-06,  2.896570E-10,  3.543112E-06
  4.395490E+00, -4.304510E+01,  2.781109E-01,  7.746821E-01,  1.572754E-02,  3.622865E+01,  6.228846E-06,  8.059680E-08,  1.918406E-06,  2.907508E-09,  1.656078E-05, -4.644892E+01,  4.805624E-02,  1.634566E-01,  1.572963E-02,  7.982221E+01,  1.079558E-06,  9.830272E-09,  4.227366E-06,  2.529166E-09,  6.783292E-06, -6.809438E+01,  1.644837E-01,  4.581718E-01,  9.133553E-03,  1.206192E+02,  3.882122E-06,  2.072776E-08,  3.709624E-06,  1.552146E-09,  1.156343E-05, -6.823501E+01,  1.640313E-01,  4.569116E-01,  2.567779E-03,  1.210390E+02,  1.287146E-06,  4.595397E-09,  1.046652E-06,  2.900969E-10,  3.569801E-06
  4.398018E+00, -4.304287E+01,  2.781223E-01,  7.747141E-01,  1.569685E-02,  3.622193E+01,  6.218269E-06,  8.063901E-08,  1.914308E-06,  2.908303E-09,  1.653119E-05, -4.644418E+01,  4.806248E-02,  1.634778E-01,  1.571847E-02,  7.981826E+01,  1.078891E-06,  9.837614E-09,  4.224157E-06,  2.530936E-09,  6.778558E-06, -6.804517E+01,  1.646425E-01,  4.586142E-01,  9.152369E-03,  1.204721E+02,  3.889079E-06,  2.075430E-08,  3.712730E-06,  1.553705E-09,  1.158245E-05, -6.817997E+01,  1.642081E-01,  4.574041E-01,  2.589491E-03,  1.208748E+02,  1.296609E-06,  4.604253E-09,  1.054071E-06,  2.905399E-10,  3.596651E-06
  4.400546E+00, -4.304073E+01,  2.781334E-01,  7.747448E-01,  1.566623E-02,  3.621547E+01,  6.207716E-06,  8.068114E-08,  1.910234E-06,  2.909097E-09,  1.650167E-05, -4.643962E+01,  4.806849E-02,  1.634983E-01,  1.570716E-02,  7.981446E+01,  1.078216E-06,  9.844951E-09,  4.220918E-06,  2.532705E-09,  6.773771E-06, -6.799781E+01,  1.647957E-01,  4.590408E-01,  9.170938E-03,  1.203303E+02,  3.895943E-06,  2.078088E-08,  3.715883E-06,  1.555265E-09,  1.160128E-05, -6.812702E+01,  1.643785E-01,  4.578788E-01,  2.611322E-03,  1.207168E+02,  1.306114E-06,  4.613175E-09,  1.061567E-06,  2.909860E-10,  3.623657E-06
  4.403074E+00, -4.303866E+01,  2.781440E-01,  7.747743E-01,  1.563570E-02,  3.620925E+01,  6.197187E-06,  8.072320E-08,  1.906184E-06,  2.909889E-09,  1.647223E-05, -4.643523E+01,  4.807429E-02,  1.635180E-01,  1.569572E-02,  7.981079E+01,  1.077533E-06,  9.852283E-09,  4.217651E-06,  2.534472E-09,  6.768931E-06, -6.795222E+01,  1.649433E-01,  4.594521E-01,  9.189265E-03,  1.201937E+02,  3.902715E-06,  2.080750E-08,  3.719080E-06,  1.556826E-09,  1.161992E-05, -6.807608E+01,  1.645427E-01,  4.583362E-01,  2.633268E-03,  1.205645E+02,  1.315659E-06,  4.622161E-09,  1.069138E-06,  2.914354E-10,  3.650812E-06
  4.405602E+00, -4.303668E+01,  2.781542E-01,  7.748027E-01,  1.560523E-02,  3.620328E+01,  6.186682E-06,  8.076519E-08,  1.902158E-06,  2.910680E-09,  1.644287E-05, -4.643099E+01,  4.807987E-02,  1.635370E-01,  1.568415E-02,  7.980726E+01,  1.076841E-06,  9.859611E-09,  4.214354E-06,  2.536238E-09,  6.764039E-06, -6.790834E+01,  1.650856E-01,  4.598486E-01,  9.207355E-03,  1.200621E+02,  3.909399E-06,  2.083417E-08,  3.722321E-06,  1.558388E-09,  1.163837E-05, -6.802709E+01,  1.647010E-01,  4.587770E-01,  2.655326E-03,  1.204180E+02,  1.325242E-06,  4.631214E-09,  1.076782E-06,  2.918880E-10,  3.678112E-06
  4.408130E+00, -4.303477E+01,  2.781640E-01,  7.748301E-01,  1.557485E-02,  3.619753E+01,  6.176201E-06,  8.080711E-08,  1.898154E-06,  2.911468E-09,  1.641358E-05, -4.642692E+01,  4.808525E-02,  1.635553E-01,  1.567244E-02,  7.980386E+01,  1.076142E-06,  9.866934E-09,  4.211030E-06,  2.538003E-09,  6.759096E-06, -6.786612E+01,  1.652228E-01,  4.602307E-01,  9.225214E-03,  1.199353E+02,  3.915995E-06,  2.086089E-08,  3.725602E-06,  1.559952E-09,  1.165664E-05, -6.797996E+01,  1.648534E-01,  4.592017E-01,  2.677490E-03,  1.202768E+02,  1.334860E-06,  4.640332E-09,  1.084498E-06,  2.923438E-10,  3.705551E-06
  4.410658E+00, -4.303294E+01,  2.781734E-01,  7.748564E-01,  1.554454E-02,  3.619200E+01,  6.165743E-06,  8.084896E-08,  1.894172E-06,  2.912255E-09,  1.638437E-05, -4.642299E+01,  4.809044E-02,  1.635729E-01,  1.566060E-02,  7.980059E+01,  1.075435E-06,  9.874252E-09,  4.207679E-06,  2.539766E-09,  6.754104E-06, -6.782549E+01,  1.653550E-01,  4.605989E-01,  9.242846E-03,  1.198132E+02,  3.922506E-06,  2.088765E-08,  3.728923E-06,  1.561517E-09,  1.167474E-05, -6.793464E+01,  1.650003E-01,  4.596109E-01,  2.699758E-03,  1.201410E+02,  1.344514E-06,  4.649516E-09,  1.092282E-06,  2.928029E-10,  3.733124E-06
  4.413186E+00, -4.303117E+01,  2.781825E-01,  7.748817E-01,  1.551431E-02,  3.618669E+01,  6.155311E-06,  8.089073E-08,  1.890211E-06,  2.913041E-09,  1.635523E-05, -4.641921E+01,  4.809543E-02,  1.635899E-01,  1.564864E-02,  7.979743E+01,  1.074720E-06,  9.881565E-09,  4.204300E-06,  2.541528E-09,  6.749063E-06, -6.778640E+01,  1.654824E-01,  4.609537E-01,  9.260257E-03,  1.196957E+02,  3.928933E-06,  2.091445E-08,  3.732280E-06,  1.563084E-09,  1.169265E-05, -6.789106E+01,  1.651418E-01,  4.600050E-01,  2.722126E-03,  1.200102E+02,  1.354200E-06,  4.658766E-09,  1.100132E-06,  2.932653E-10,  3.760825E-06
  4.415714E+00, -4.302947E+01,  2.781912E-01,  7.749060E-01,  1.548416E-02,  3.618157E+01,  6.144902E-06,  8.093243E-08,  1.886272E-06,  2.913824E-09,  1.632618E-05, -4.641557E+01,  4.810024E-02,  1.636063E-01,  1.563656E-02,  7.979440E+01,  1.073998E-06,  9.888873E-09,  4.200894E-06,  2.543288E-09,  6.743974E-06, -6.774879E+01,  1.656051E-01,  4.612956E-01,  9.277450E-03,  1.195825E+02,  3.935279E-06,  2.094130E-08,  3.735673E-06,  1.564652E-09,  1.171040E-05, -6.784915E+01,  1.652780E-01,  4.603845E-01,  2.744590E-03,  1.198843E+02,  1.363917E-06,  4.668083E-09,  1.108047E-06,  2.937310E-10,  3.788649E-06
  4.418242E+00, -4.302784E+01,  2.781996E-01,  7.749294E-01,  1.545409E-02,  3.617665E+01,  6.134517E-06,  8.097406E-08,  1.882353E-06,  2.914606E-09,  1.629719E-05, -4.641207E+01,  4.810487E-02,  1.636220E-01,  1.562436E-02,  7.979147E+01,  1.073269E-06,  9.896176E-09,  4.197463E-06,  2.545047E-09,  6.738838E-06, -6.771261E+01,  1.657233E-01,  4.616248E-01,  9.294432E-03,  1.194735E+02,  3.941545E-06,  2.096819E-08,  3.739099E-06,  1.566221E-09,  1.172798E-05, -6.780884E+01,  1.654092E-01,  4.607500E-01,  2.767146E-03,  1.197632E+02,  1.373664E-06,  4.677467E-09,  1.116024E-06,  2.942001E-10,  3.816592E-06
  4.420770E+00, -4.302627E+01,  2.782077E-01,  7.749519E-01,  1.542409E-02,  3.617191E+01,  6.124156E-06,  8.101562E-08,  1.878455E-06,  2.915387E-09,  1.626829E-05, -4.640869E+01,  4.810933E-02,  1.636372E-01,  1.561203E-02,  7.978866E+01,  1.072533E-06,  9.903475E-09,  4.194005E-06,  2.546805E-09,  6.733656E-06, -6.767780E+01,  1.658372E-01,  4.619420E-01,  9.311205E-03,  1.193686E+02,  3.947733E-06,  2.099512E-08,  3.742557E-06,  1.567792E-09,  1.174539E-05, -6.777009E+01,  1.655356E-01,  4.611019E-01,  2.789792E-03,  1.196466E+02,  1.383439E-06,  4.686917E-09,  1.124062E-06,  2.946726E-10,  3.844648E-06
  4.423298E+00, -4.302475E+01,  2.782155E-01,  7.749735E-01,  1.539417E-02,  3.616736E+01,  6.113820E-06,  8.105711E-08,  1.874576E-06,  2.916166E-09,  1.623945E-05, -4.640544E+01,  4.811363E-02,  1.636518E-01,  1.559960E-02,  7.978595E+01,  1.071789E-06,  9.910767E-09,  4.190522E-06,  2.548560E-09,  6.728429E-06, -6.764433E+01,  1.659468E-01,  4.622474E-01,  9.327776E-03,  1.192676E+02,  3.953845E-06,  2.102210E-08,  3.746045E-06,  1.569364E-09,  1.176264E-05, -6.773283E+01,  1.656572E-01,  4.614407E-01,  2.812523E-03,  1.195344E+02,  1.393241E-06,  4.696435E-09,  1.132158E-06,  2.951485E-10,  3.872812E-06
  4.425826E+00, -4.302330E+01,  2.782230E-01,  7.749944E-01,  1.536433E-02,  3.616298E+01,  6.103507E-06,  8.109853E-08,  1.870716E-06,  2.916943E-09,  1.621070E-05, -4.640231E+01,  4.811777E-02,  1.636659E-01,  1.558705E-02,  7.978333E+01,  1.071039E-06,  9.918055E-09,  4.187015E-06,  2.550315E-09,  6.723158E-06, -6.761213E+01,  1.660524E-01,  4.625415E-01,  9.344148E-03,  1.191705E+02,  3.959881E-06,  2.104912E-08,  3.749561E-06,  1.570938E-09,  1.177972E-05, -6.769701E+01,  1.657743E-01,  4.617669E-01,  2.835337E-03,  1.194265E+02,  1.403068E-06,  4.706020E-09,  1.140310E-06,  2.956279E-10,  3.901080E-06
  4.428354E+00, -4.302190E+01,  2.782302E-01,  7.750144E-01,  1.533456E-02,  3.615876E+01,  6.093218E-06,  8.113988E-08,  1.866875E-06,  2.917718E-09,  1.618201E-05, -4.639930E+01,  4.812175E-02,  1.636794E-01,  1.557439E-02,  7.978082E+01,  1.070282E-06,  9.925338E-09,  4.183483E-06,  2.552068E-09,  6.717845E-06, -6.758116E+01,  1.661540E-01,  4.628246E-01,  9.360326E-03,  1.190769E+02,  3.965845E-06,  2.107617E-08,  3.753104E-06,  1.572514E-09,  1.179665E-05, -6.766257E+01,  1.658870E-01,  4.620809E-01,  2.858229E-03,  1.193227E+02,  1.412918E-06,  4.715672E-09,  1.148517E-06,  2.961106E-10,  3.929447E-06
  4.430882E+00, -4.302055E+01,  2.782371E-01,  7.750337E-01,  1.530487E-02,  3.615471E+01,  6.082954E-06,  8.118116E-08,  1.863052E-06,  2.918492E-09,  1.615340E-05, -4.639640E+01,  4.812559E-02,  1.636925E-01,  1.556162E-02,  7.977839E+01,  1.069519E-06,  9.932615E-09,  4.179928E-06,  2.553819E-09,  6.712488E-06, -6.755137E+01,  1.662519E-01,  4.630972E-01,  9.376313E-03,  1.189869E+02,  3.971738E-06,  2.110327E-08,  3.756672E-06,  1.574090E-09,  1.181343E-05, -6.762946E+01,  1.659955E-01,  4.623831E-01,  2.881197E-03,  1.192228E+02,  1.422791E-06,  4.725392E-09,  1.156777E-06,  2.965969E-10,  3.957909E-06
  4.433410E+00, -4.301925E+01,  2.782438E-01,  7.750523E-01,  1.527526E-02,  3.615081E+01,  6.072713E-06,  8.122236E-08,  1.859248E-06,  2.919264E-09,  1.612487E-05, -4.639361E+01,  4.812929E-02,  1.637051E-01,  1.554875E-02,  7.977606E+01,  1.068749E-06,  9.939887E-09,  4.176349E-06,  2.555569E-09,  6.707091E-06, -6.752273E+01,  1.663461E-01,  4.633597E-01,  9.392115E-03,  1.189003E+02,  3.977560E-06,  2.113040E-08,  3.760263E-06,  1.575669E-09,  1.183005E-05, -6.759764E+01,  1.660999E-01,  4.626739E-01,  2.904238E-03,  1.191267E+02,  1.432685E-06,  4.735179E-09,  1.165087E-06,  2.970867E-10,  3.986460E-06
  4.435938E+00, -4.301801E+01,  2.782502E-01,  7.750702E-01,  1.524573E-02,  3.614705E+01,  6.062497E-06,  8.126350E-08,  1.855461E-06,  2.920035E-09,  1.609641E-05, -4.639092E+01,  4.813284E-02,  1.637172E-01,  1.553577E-02,  7.977382E+01,  1.067973E-06,  9.947154E-09,  4.172747E-06,  2.557318E-09,  6.701653E-06, -6.749519E+01,  1.664368E-01,  4.636123E-01,  9.407734E-03,  1.188170E+02,  3.983315E-06,  2.115758E-08,  3.763876E-06,  1.577249E-09,  1.184652E-05, -6.756704E+01,  1.662004E-01,  4.629538E-01,  2.927347E-03,  1.190343E+02,  1.442598E-06,  4.745035E-09,  1.173447E-06,  2.975799E-10,  4.015097E-06
  4.438466E+00, -4.301681E+01,  2.782564E-01,  7.750873E-01,  1.521627E-02,  3.614344E+01,  6.052304E-06,  8.130457E-08,  1.851692E-06,  2.920804E-09,  1.606802E-05, -4.638834E+01,  4.813627E-02,  1.637288E-01,  1.552269E-02,  7.977165E+01,  1.067191E-06,  9.954415E-09,  4.169122E-06,  2.559065E-09,  6.696175E-06, -6.746871E+01,  1.665241E-01,  4.638554E-01,  9.423176E-03,  1.187368E+02,  3.989002E-06,  2.118480E-08,  3.767509E-06,  1.578830E-09,  1.186285E-05, -6.753764E+01,  1.662971E-01,  4.632231E-01,  2.950523E-03,  1.189454E+02,  1.452529E-06,  4.754958E-09,  1.181853E-06,  2.980768E-10,  4.043816E-06
  4.440994E+00, -4.301565E+01,  2.782623E-01,  7.751039E-01,  1.518689E-02,  3.613996E+01,  6.042135E-06,  8.134556E-08,  1.847939E-06,  2.921572E-09,  1.603970E-05, -4.638585E+01,  4.813957E-02,  1.637400E-01,  1.550952E-02,  7.976957E+01,  1.066403E-06,  9.961671E-09,  4.165476E-06,  2.560810E-09,  6.690659E-06, -6.744325E+01,  1.666081E-01,  4.640893E-01,  9.438442E-03,  1.186597E+02,  3.994624E-06,  2.121205E-08,  3.771161E-06,  1.580413E-09,  1.187903E-05, -6.750937E+01,  1.663901E-01,  4.634822E-01,  2.973763E-03,  1.188599E+02,  1.462477E-06,  4.764949E-09,  1.190305E-06,  2.985771E-10,  4.072611E-06
  4.443521E+00, -4.301454E+01,  2.782680E-01,  7.751198E-01,  1.515758E-02,  3.613662E+01,  6.031989E-06,  8.138649E-08,  1.844203E-06,  2.922338E-09,  1.601146E-05, -4.638345E+01,  4.814274E-02,  1.637508E-01,  1.549625E-02,  7.976757E+01,  1.065609E-06,  9.968921E-09,  4.161807E-06,  2.562554E-09,  6.685105E-06, -6.741877E+01,  1.666889E-01,  4.643145E-01,  9.453539E-03,  1.185855E+02,  4.000182E-06,  2.123934E-08,  3.774831E-06,  1.581997E-09,  1.189507E-05, -6.748220E+01,  1.664796E-01,  4.637315E-01,  2.997062E-03,  1.187777E+02,  1.472441E-06,  4.775009E-09,  1.198801E-06,  2.990811E-10,  4.101480E-06
  4.446049E+00, -4.301347E+01,  2.782735E-01,  7.751351E-01,  1.512835E-02,  3.613340E+01,  6.021868E-06,  8.142735E-08,  1.840484E-06,  2.923102E-09,  1.598329E-05, -4.638114E+01,  4.814580E-02,  1.637612E-01,  1.548288E-02,  7.976564E+01,  1.064809E-06,  9.976166E-09,  4.158118E-06,  2.564296E-09,  6.679514E-06, -6.739523E+01,  1.667667E-01,  4.645311E-01,  9.468468E-03,  1.185142E+02,  4.005677E-06,  2.126667E-08,  3.778516E-06,  1.583583E-09,  1.191096E-05, -6.745609E+01,  1.665657E-01,  4.639713E-01,  3.020419E-03,  1.186986E+02,  1.482419E-06,  4.785136E-09,  1.207339E-06,  2.995887E-10,  4.130418E-06
  4.448577E+00, -4.301244E+01,  2.782788E-01,  7.751499E-01,  1.509919E-02,  3.613030E+01,  6.011770E-06,  8.146814E-08,  1.836780E-06,  2.923865E-09,  1.595519E-05, -4.637893E+01,  4.814874E-02,  1.637712E-01,  1.546942E-02,  7.976378E+01,  1.064004E-06,  9.983405E-09,  4.154408E-06,  2.566037E-09,  6.673887E-06, -6.737261E+01,  1.668415E-01,  4.647396E-01,  9.483234E-03,  1.184455E+02,  4.011111E-06,  2.129403E-08,  3.782216E-06,  1.585171E-09,  1.192672E-05, -6.743100E+01,  1.666485E-01,  4.642020E-01,  3.043830E-03,  1.186226E+02,  1.492411E-06,  4.795332E-09,  1.215917E-06,  3.000998E-10,  4.159421E-06
  4.451105E+00, -4.301145E+01,  2.782839E-01,  7.751640E-01,  1.507011E-02,  3.612732E+01,  6.001696E-06,  8.150886E-08,  1.833092E-06,  2.924626E-09,  1.592716E-05, -4.637679E+01,  4.815157E-02,  1.637809E-01,  1.545588E-02,  7.976199E+01,  1.063193E-06,  9.990639E-09,  4.150678E-06,  2.567776E-09,  6.668224E-06, -6.735086E+01,  1.669135E-01,  4.649401E-01,  9.497839E-03,  1.183795E+02,  4.016485E-06,  2.132143E-08,  3.785929E-06,  1.586760E-09,  1.194235E-05, -6.740688E+01,  1.667282E-01,  4.644239E-01,  3.067293E-03,  1.185495E+02,  1.502414E-06,  4.805597E-09,  1.224534E-06,  3.006146E-10,  4.188486E-06
  4.453633E+00, -4.301050E+01,  2.782888E-01,  7.751777E-01,  1.504111E-02,  3.612445E+01,  5.991645E-06,  8.154951E-08,  1.829420E-06,  2.925386E-09,  1.589920E-05, -4.637473E+01,  4.815430E-02,  1.637901E-01,  1.544224E-02,  7.976027E+01,  1.062377E-06,  9.997867E-09,  4.146928E-06,  2.569513E-09,  6.662527E-06, -6.732995E+01,  1.669827E-01,  4.651330E-01,  9.512288E-03,  1.183161E+02,  4.021801E-06,  2.134887E-08,  3.789655E-06,  1.588351E-09,  1.195784E-05, -6.738370E+01,  1.668048E-01,  4.646374E-01,  3.090805E-03,  1.184792E+02,  1.512429E-06,  4.815930E-09,  1.233189E-06,  3.011331E-10,  4.217608E-06
  4.456161E+00, -4.300958E+01,  2.782935E-01,  7.751908E-01,  1.501218E-02,  3.612169E+01,  5.981617E-06,  8.159009E-08,  1.825763E-06,  2.926144E-09,  1.587132E-05, -4.637276E+01,  4.815692E-02,  1.637991E-01,  1.542852E-02,  7.975862E+01,  1.061556E-06,  1.000509E-08,  4.143158E-06,  2.571249E-09,  6.656796E-06, -6.730985E+01,  1.670494E-01,  4.653186E-01,  9.526583E-03,  1.182550E+02,  4.027058E-06,  2.137635E-08,  3.793391E-06,  1.589943E-09,  1.197319E-05, -6.736143E+01,  1.668785E-01,  4.648426E-01,  3.114363E-03,  1.184116E+02,  1.522453E-06,  4.826332E-09,  1.241879E-06,  3.016552E-10,  4.246784E-06
  4.458689E+00, -4.300870E+01,  2.782980E-01,  7.752035E-01,  1.498332E-02,  3.611904E+01,  5.971613E-06,  8.163060E-08,  1.822120E-06,  2.926901E-09,  1.584350E-05, -4.637085E+01,  4.815945E-02,  1.638076E-01,  1.541472E-02,  7.975702E+01,  1.060730E-06,  1.001231E-08,  4.139370E-06,  2.572983E-09,  6.651032E-06, -6.729053E+01,  1.671134E-01,  4.654971E-01,  9.540727E-03,  1.181963E+02,  4.032260E-06,  2.140386E-08,  3.797136E-06,  1.591537E-09,  1.198842E-05, -6.734002E+01,  1.669494E-01,  4.650400E-01,  3.137965E-03,  1.183466E+02,  1.532486E-06,  4.836802E-09,  1.250603E-06,  3.021809E-10,  4.276011E-06
  4.461217E+00, -4.300785E+01,  2.783024E-01,  7.752156E-01,  1.495454E-02,  3.611648E+01,  5.961633E-06,  8.167105E-08,  1.818492E-06,  2.927656E-09,  1.581576E-05, -4.636902E+01,  4.816188E-02,  1.638159E-01,  1.540084E-02,  7.975549E+01,  1.059898E-06,  1.001952E-08,  4.135563E-06,  2.574716E-09,  6.645236E-06, -6.727197E+01,  1.671751E-01,  4.656687E-01,  9.554724E-03,  1.181399E+02,  4.037406E-06,  2.143140E-08,  3.800890E-06,  1.593132E-09,  1.200352E-05, -6.731946E+01,  1.670175E-01,  4.652299E-01,  3.161609E-03,  1.182842E+02,  1.542527E-06,  4.847341E-09,  1.259361E-06,  3.027104E-10,  4.305285E-06
  4.463745E+00, -4.300703E+01,  2.783066E-01,  7.752273E-01,  1.492583E-02,  3.611402E+01,  5.951675E-06,  8.171142E-08,  1.814879E-06,  2.928409E-09,  1.578809E-05, -4.636726E+01,  4.816421E-02,  1.638239E-01,  1.538687E-02,  7.975401E+01,  1.059062E-06,  1.002672E-08,  4.131738E-06,  2.576447E-09,  6.639408E-06, -6.725412E+01,  1.672343E-01,  4.658338E-01,  9.568576E-03,  1.180856E+02,  4.042498E-06,  2.145898E-08,  3.804651E-06,  1.594729E-09,  1.201850E-05, -6.729969E+01,  1.670831E-01,  4.654124E-01,  3.185291E-03,  1.182242E+02,  1.552574E-06,  4.857949E-09,  1.268150E-06,  3.032435E-10,  4.334604E-06
  4.466273E+00, -4.300624E+01,  2.783107E-01,  7.752386E-01,  1.489720E-02,  3.611165E+01,  5.941741E-06,  8.175173E-08,  1.811279E-06,  2.929161E-09,  1.576048E-05, -4.636556E+01,  4.816646E-02,  1.638315E-01,  1.537283E-02,  7.975259E+01,  1.058222E-06,  1.003392E-08,  4.127895E-06,  2.578176E-09,  6.633550E-06, -6.723697E+01,  1.672913E-01,  4.659926E-01,  9.582287E-03,  1.180334E+02,  4.047537E-06,  2.148660E-08,  3.808419E-06,  1.596328E-09,  1.203335E-05, -6.728070E+01,  1.671461E-01,  4.655880E-01,  3.209010E-03,  1.181664E+02,  1.562628E-06,  4.868625E-09,  1.276969E-06,  3.037804E-10,  4.363962E-06
  4.468801E+00, -4.300549E+01,  2.783145E-01,  7.752494E-01,  1.486864E-02,  3.610938E+01,  5.931830E-06,  8.179197E-08,  1.807693E-06,  2.929912E-09,  1.573295E-05, -4.636393E+01,  4.816863E-02,  1.638389E-01,  1.535872E-02,  7.975123E+01,  1.057376E-06,  1.004112E-08,  4.124035E-06,  2.579904E-09,  6.627662E-06, -6.722048E+01,  1.673462E-01,  4.661453E-01,  9.595858E-03,  1.179833E+02,  4.052523E-06,  2.151424E-08,  3.812191E-06,  1.597928E-09,  1.204808E-05, -6.726245E+01,  1.672067E-01,  4.657567E-01,  3.232763E-03,  1.181110E+02,  1.572686E-06,  4.879371E-09,  1.285816E-06,  3.043210E-10,  4.393358E-06
  4.471329E+00, -4.300476E+01,  2.783183E-01,  7.752599E-01,  1.484016E-02,  3.610718E+01,  5.921941E-06,  8.183214E-08,  1.804122E-06,  2.930661E-09,  1.570548E-05, -4.636236E+01,  4.817071E-02,  1.638460E-01,  1.534453E-02,  7.974991E+01,  1.056526E-06,  1.004830E-08,  4.120158E-06,  2.581630E-09,  6.621744E-06, -6.720464E+01,  1.673989E-01,  4.662921E-01,  9.609293E-03,  1.179351E+02,  4.057459E-06,  2.154192E-08,  3.815967E-06,  1.599530E-09,  1.206269E-05, -6.724492E+01,  1.672649E-01,  4.659190E-01,  3.256548E-03,  1.180576E+02,  1.582747E-06,  4.890185E-09,  1.294691E-06,  3.048654E-10,  4.422789E-06
  4.473857E+00, -4.300406E+01,  2.783219E-01,  7.752699E-01,  1.481174E-02,  3.610507E+01,  5.912076E-06,  8.187224E-08,  1.800563E-06,  2.931408E-09,  1.567808E-05, -4.636085E+01,  4.817272E-02,  1.638528E-01,  1.533027E-02,  7.974865E+01,  1.055672E-06,  1.005548E-08,  4.116264E-06,  2.583355E-09,  6.615798E-06, -6.718942E+01,  1.674496E-01,  4.664333E-01,  9.622594E-03,  1.178887E+02,  4.062345E-06,  2.156964E-08,  3.819747E-06,  1.601133E-09,  1.207718E-05, -6.722807E+01,  1.673209E-01,  4.660750E-01,  3.280362E-03,  1.180064E+02,  1.592812E-06,  4.901068E-09,  1.303592E-06,  3.054134E-10,  4.452250E-06
  4.476385E+00, -4.300338E+01,  2.783254E-01,  7.752796E-01,  1.478340E-02,  3.610304E+01,  5.902233E-06,  8.191228E-08,  1.797018E-06,  2.932154E-09,  1.565075E-05, -4.635940E+01,  4.817465E-02,  1.638593E-01,  1.531594E-02,  7.974743E+01,  1.054813E-06,  1.006266E-08,  4.112355E-06,  2.585078E-09,  6.609825E-06, -6.717478E+01,  1.674983E-01,  4.665691E-01,  9.635765E-03,  1.178441E+02,  4.067182E-06,  2.159739E-08,  3.823528E-06,  1.602738E-09,  1.209155E-05, -6.721188E+01,  1.673748E-01,  4.662250E-01,  3.304204E-03,  1.179571E+02,  1.602879E-06,  4.912020E-09,  1.312518E-06,  3.059653E-10,  4.481740E-06
  4.478913E+00, -4.300273E+01,  2.783287E-01,  7.752889E-01,  1.475514E-02,  3.610109E+01,  5.892414E-06,  8.195225E-08,  1.793485E-06,  2.932899E-09,  1.562349E-05, -4.635801E+01,  4.817650E-02,  1.638657E-01,  1.530154E-02,  7.974626E+01,  1.053951E-06,  1.006983E-08,  4.108429E-06,  2.586799E-09,  6.603824E-06, -6.716072E+01,  1.675452E-01,  4.666996E-01,  9.648806E-03,  1.178013E+02,  4.071971E-06,  2.162517E-08,  3.827310E-06,  1.604344E-09,  1.210581E-05, -6.719633E+01,  1.674265E-01,  4.663692E-01,  3.328071E-03,  1.179098E+02,  1.612947E-06,  4.923040E-09,  1.321467E-06,  3.065209E-10,  4.511256E-06
  4.481441E+00, -4.300211E+01,  2.783319E-01,  7.752978E-01,  1.472694E-02,  3.609921E+01,  5.882616E-06,  8.199215E-08,  1.789966E-06,  2.933642E-09,  1.559630E-05, -4.635666E+01,  4.817829E-02,  1.638717E-01,  1.528707E-02,  7.974513E+01,  1.053084E-06,  1.007700E-08,  4.104489E-06,  2.588519E-09,  6.597797E-06, -6.714721E+01,  1.675902E-01,  4.668251E-01,  9.661721E-03,  1.177601E+02,  4.076712E-06,  2.165298E-08,  3.831093E-06,  1.605952E-09,  1.211995E-05, -6.718139E+01,  1.674763E-01,  4.665078E-01,  3.351961E-03,  1.178643E+02,  1.623016E-06,  4.934130E-09,  1.330439E-06,  3.070803E-10,  4.540794E-06
  4.485233E+00, -4.300122E+01,  2.783365E-01,  7.753105E-01,  1.468481E-02,  3.609655E+01,  5.867972E-06,  8.205185E-08,  1.784714E-06,  2.934753E-09,  1.555566E-05, -4.635476E+01,  4.818082E-02,  1.638803E-01,  1.526523E-02,  7.974353E+01,  1.051775E-06,  1.008773E-08,  4.098544E-06,  2.591094E-09,  6.588699E-06, -6.712811E+01,  1.676539E-01,  4.670026E-01,  9.680815E-03,  1.177019E+02,  4.083720E-06,  2.169477E-08,  3.836764E-06,  1.608368E-09,  1.214091E-05, -6.716026E+01,  1.675467E-01,  4.667039E-01,  3.387836E-03,  1.177999E+02,  1.638118E-06,  4.950920E-09,  1.343944E-06,  3.079279E-10,  4.585144E-06
  4.489025E+00, -4.300039E+01,  2.783408E-01,  7.753224E-01,  1.464284E-02,  3.609404E+01,  5.853378E-06,  8.211141E-08,  1.779491E-06,  2.935861E-09,  1.551517E-05, -4.635296E+01,  4.818320E-02,  1.638884E-01,  1.524325E-02,  7.974203E+01,  1.050457E-06,  1.009845E-08,  4.092567E-06,  2.593666E-09,  6.579547E-06, -6.711011E+01,  1.677140E-01,  4.671700E-01,  9.699639E-03,  1.176470E+02,  4.090628E-06,  2.173663E-08,  3.842431E-06,  1.610787E-09,  1.216162E-05, -6.714036E+01,  1.676131E-01,  4.668887E-01,  3.423750E-03,  1.177392E+02,  1.653215E-06,  4.967864E-09,  1.357490E-06,  3.087841E-10,  4.629528E-06
  4.492817E+00, -4.299960E+01,  2.783448E-01,  7.753337E-01,  1.460102E-02,  3.609166E+01,  5.838833E-06,  8.217081E-08,  1.774294E-06,  2.936966E-09,  1.547482E-05, -4.635127E+01,  4.818545E-02,  1.638961E-01,  1.522114E-02,  7.974061E+01,  1.049131E-06,  1.010915E-08,  4.086560E-06,  2.596234E-09,  6.570341E-06, -6.709314E+01,  1.677707E-01,  4.673279E-01,  9.718201E-03,  1.175952E+02,  4.097437E-06,  2.177857E-08,  3.848089E-06,  1.613210E-09,  1.218210E-05, -6.712161E+01,  1.676756E-01,  4.670630E-01,  3.459697E-03,  1.176821E+02,  1.668306E-06,  4.984963E-09,  1.371076E-06,  3.096488E-10,  4.673937E-06
  4.496609E+00, -4.299885E+01,  2.783486E-01,  7.753444E-01,  1.455937E-02,  3.608942E+01,  5.824339E-06,  8.223006E-08,  1.769123E-06,  2.938067E-09,  1.543463E-05, -4.634967E+01,  4.818758E-02,  1.639033E-01,  1.519891E-02,  7.973926E+01,  1.047798E-06,  1.011984E-08,  4.080523E-06,  2.598798E-09,  6.561084E-06, -6.707715E+01,  1.678241E-01,  4.674767E-01,  9.736506E-03,  1.175464E+02,  4.104151E-06,  2.182057E-08,  3.853736E-06,  1.615636E-09,  1.220233E-05, -6.710394E+01,  1.677346E-01,  4.672274E-01,  3.495671E-03,  1.176282E+02,  1.683388E-06,  5.002217E-09,  1.384698E-06,  3.105222E-10,  4.718364E-06
  4.500000E+00, -4.299822E+01,  2.783519E-01,  7.753535E-01,  1.452225E-02,  3.608752E+01,  5.811418E-06,  8.228292E-08,  1.764521E-06,  2.939049E-09,  1.539881E-05, -4.634831E+01,  4.818939E-02,  1.639095E-01,  1.517893E-02,  7.973812E+01,  1.046599E-06,  1.012939E-08,  4.075101E-06,  2.601088E-09,  6.552768E-06, -6.706359E+01,  1.678695E-01,  4.676030E-01,  9.752674E-03,  1.175051E+02,  4.110080E-06,  2.185818E-08,  3.858775E-06,  1.617809E-09,  1.222023E-05, -6.708896E+01,  1.677847E-01,  4.673667E-01,  3.527858E-03,  1.175825E+02,  1.696865E-06,  5.017770E-09,  1.396904E-06,  3.113100E-10,  4.758099E-06
  4.503792E+00, -4.299755E+01,  2.783553E-01,  7.753630E-01,  1.448089E-02,  3.608551E+01,  5.797017E-06,  8.234190E-08,  1.759399E-06,  2.940145E-09,  1.535889E-05, -4.634688E+01,  4.819129E-02,  1.639160E-01,  1.515646E-02,  7.973692E+01,  1.045252E-06,  1.014006E-08,  4.069011E-06,  2.603644E-09,  6.543420E-06, -6.704931E+01,  1.679173E-01,  4.677361E-01,  9.770510E-03,  1.174614E+02,  4.116618E-06,  2.190030E-08,  3.864396E-06,  1.620242E-09,  1.224002E-05, -6.707318E+01,  1.678374E-01,  4.675136E-01,  3.563868E-03,  1.175343E+02,  1.711924E-06,  5.035316E-09,  1.410584E-06,  3.121998E-10,  4.802538E-06
  4.507584E+00, -4.299692E+01,  2.783586E-01,  7.753721E-01,  1.443969E-02,  3.608361E+01,  5.782665E-06,  8.240072E-08,  1.754302E-06,  2.941237E-09,  1.531912E-05, -4.634553E+01,  4.819309E-02,  1.639221E-01,  1.513389E-02,  7.973579E+01,  1.043897E-06,  1.015071E-08,  4.062894E-06,  2.606197E-09,  6.534028E-06, -6.703584E+01,  1.679623E-01,  4.678616E-01,  9.788107E-03,  1.174203E+02,  4.123068E-06,  2.194250E-08,  3.870000E-06,  1.622679E-09,  1.225959E-05, -6.705832E+01,  1.678871E-01,  4.676521E-01,  3.599888E-03,  1.174889E+02,  1.726967E-06,  5.053018E-09,  1.424290E-06,  3.130981E-10,  4.846975E-06
  4.511376E+00, -4.299633E+01,  2.783616E-01,  7.753806E-01,  1.439865E-02,  3.608181E+01,  5.768362E-06,  8.245940E-08,  1.749230E-06,  2.942325E-09,  1.527949E-05, -4.634425E+01,  4.819478E-02,  1.639278E-01,  1.511121E-02,  7.973472E+01,  1.042536E-06,  1.016135E-08,  4.056751E-06,  2.608746E-09,  6.524591E-06, -6.702316E+01,  1.680048E-01,  4.679799E-01,  9.805470E-03,  1.173816E+02,  4.129430E-06,  2.198476E-08,  3.875584E-06,  1.625119E-09,  1.227893E-05, -6.704431E+01,  1.679340E-01,  4.677827E-01,  3.635915E-03,  1.174462E+02,  1.741994E-06,  5.070873E-09,  1.438019E-06,  3.140052E-10,  4.891400E-06
  4.515168E+00, -4.299576E+01,  2.783645E-01,  7.753886E-01,  1.435776E-02,  3.608012E+01,  5.754107E-06,  8.251793E-08,  1.744182E-06,  2.943411E-09,  1.524000E-05, -4.634305E+01,  4.819639E-02,  1.639333E-01,  1.508842E-02,  7.973371E+01,  1.041168E-06,  1.017197E-08,  4.050584E-06,  2.611291E-09,  6.515114E-06, -6.701121E+01,  1.680448E-01,  4.680915E-01,  9.822604E-03,  1.173450E+02,  4.135707E-06,  2.202708E-08,  3.881147E-06,  1.627562E-09,  1.229805E-05, -6.703112E+01,  1.679782E-01,  4.679057E-01,  3.671942E-03,  1.174059E+02,  1.757001E-06,  5.088883E-09,  1.451769E-06,  3.149209E-10,  4.935809E-06
  4.518960E+00, -4.299523E+01,  2.783672E-01,  7.753962E-01,  1.431702E-02,  3.607853E+01,  5.739901E-06,  8.257631E-08,  1.739157E-06,  2.944493E-09,  1.520066E-05, -4.634191E+01,  4.819790E-02,  1.639384E-01,  1.506554E-02,  7.973275E+01,  1.039794E-06,  1.018258E-08,  4.044394E-06,  2.613833E-09,  6.505596E-06, -6.699995E+01,  1.680826E-01,  4.681966E-01,  9.839514E-03,  1.173106E+02,  4.141901E-06,  2.206946E-08,  3.886688E-06,  1.630009E-09,  1.231695E-05, -6.701869E+01,  1.680198E-01,  4.680217E-01,  3.707965E-03,  1.173679E+02,  1.771987E-06,  5.107046E-09,  1.465536E-06,  3.158453E-10,  4.980196E-06
  4.522752E+00, -4.299473E+01,  2.783698E-01,  7.754034E-01,  1.427643E-02,  3.607702E+01,  5.725742E-06,  8.263455E-08,  1.734155E-06,  2.945573E-09,  1.516146E-05, -4.634084E+01,  4.819932E-02,  1.639433E-01,  1.504256E-02,  7.973185E+01,  1.038414E-06,  1.019317E-08,  4.038181E-06,  2.616370E-09,  6.496040E-06, -6.698934E+01,  1.681181E-01,  4.682957E-01,  9.856205E-03,  1.172782E+02,  4.148013E-06,  2.211191E-08,  3.892203E-06,  1.632460E-09,  1.233564E-05, -6.700698E+01,  1.680590E-01,  4.681310E-01,  3.743979E-03,  1.173321E+02,  1.786951E-06,  5.125363E-09,  1.479318E-06,  3.167784E-10,  5.024553E-06
  4.526544E+00, -4.299426E+01,  2.783723E-01,  7.754102E-01,  1.423600E-02,  3.607560E+01,  5.711630E-06,  8.269264E-08,  1.729177E-06,  2.946649E-09,  1.512239E-05, -4.633983E+01,  4.820066E-02,  1.639478E-01,  1.501949E-02,  7.973100E+01,  1.037028E-06,  1.020375E-08,  4.031947E-06,  2.618903E-09,  6.486448E-06, -6.697934E+01,  1.681517E-01,  4.683890E-01,  9.872681E-03,  1.172476E+02,  4.154045E-06,  2.215442E-08,  3.897692E-06,  1.634914E-09,  1.235411E-05, -6.699595E+01,  1.680960E-01,  4.682340E-01,  3.779980E-03,  1.172984E+02,  1.801891E-06,  5.143833E-09,  1.493113E-06,  3.177203E-10,  5.068876E-06
  4.530336E+00, -4.299381E+01,  2.783745E-01,  7.754166E-01,  1.419571E-02,  3.607425E+01,  5.697566E-06,  8.275059E-08,  1.724220E-06,  2.947722E-09,  1.508347E-05, -4.633888E+01,  4.820193E-02,  1.639522E-01,  1.499633E-02,  7.973020E+01,  1.035637E-06,  1.021432E-08,  4.025692E-06,  2.621432E-09,  6.476821E-06, -6.696993E+01,  1.681833E-01,  4.684771E-01,  9.888946E-03,  1.172188E+02,  4.159998E-06,  2.219699E-08,  3.903154E-06,  1.637371E-09,  1.237238E-05, -6.698555E+01,  1.681308E-01,  4.683310E-01,  3.815964E-03,  1.172666E+02,  1.816805E-06,  5.162456E-09,  1.506917E-06,  3.186708E-10,  5.113158E-06
  4.534128E+00, -4.299339E+01,  2.783767E-01,  7.754226E-01,  1.415558E-02,  3.607299E+01,  5.683549E-06,  8.280839E-08,  1.719286E-06,  2.948791E-09,  1.504468E-05, -4.633798E+01,  4.820313E-02,  1.639562E-01,  1.497310E-02,  7.972945E+01,  1.034241E-06,  1.022487E-08,  4.019417E-06,  2.623958E-09,  6.467160E-06, -6.696105E+01,  1.682130E-01,  4.685600E-01,  9.905005E-03,  1.171917E+02,  4.165875E-06,  2.223962E-08,  3.908586E-06,  1.639832E-09,  1.239044E-05, -6.697576E+01,  1.681637E-01,  4.684225E-01,  3.851926E-03,  1.172367E+02,  1.831692E-06,  5.181232E-09,  1.520730E-06,  3.196301E-10,  5.157396E-06
  4.537920E+00, -4.299299E+01,  2.783788E-01,  7.754283E-01,  1.411559E-02,  3.607179E+01,  5.669579E-06,  8.286605E-08,  1.714374E-06,  2.949858E-09,  1.500603E-05, -4.633713E+01,  4.820426E-02,  1.639601E-01,  1.494978E-02,  7.972874E+01,  1.032840E-06,  1.023541E-08,  4.013124E-06,  2.626479E-09,  6.457468E-06, -6.695269E+01,  1.682411E-01,  4.686382E-01,  9.920861E-03,  1.171661E+02,  4.171676E-06,  2.228232E-08,  3.913987E-06,  1.642297E-09,  1.240830E-05, -6.696654E+01,  1.681946E-01,  4.685087E-01,  3.887863E-03,  1.172085E+02,  1.846550E-06,  5.200160E-09,  1.534547E-06,  3.205981E-10,  5.201584E-06
  4.541712E+00, -4.299262E+01,  2.783807E-01,  7.754337E-01,  1.407575E-02,  3.607066E+01,  5.655654E-06,  8.292356E-08,  1.709483E-06,  2.950922E-09,  1.496752E-05, -4.633633E+01,  4.820532E-02,  1.639637E-01,  1.492639E-02,  7.972806E+01,  1.031434E-06,  1.024593E-08,  4.006813E-06,  2.628996E-09,  6.447745E-06, -6.694482E+01,  1.682676E-01,  4.687118E-01,  9.936517E-03,  1.171420E+02,  4.177403E-06,  2.232506E-08,  3.919357E-06,  1.644764E-09,  1.242595E-05, -6.695786E+01,  1.682238E-01,  4.685899E-01,  3.923771E-03,  1.171819E+02,  1.861379E-06,  5.219241E-09,  1.548368E-06,  3.215748E-10,  5.245717E-06
  4.545504E+00, -4.299226E+01,  2.783825E-01,  7.754387E-01,  1.403606E-02,  3.606960E+01,  5.641776E-06,  8.298094E-08,  1.704613E-06,  2.951982E-09,  1.492914E-05, -4.633558E+01,  4.820633E-02,  1.639671E-01,  1.490293E-02,  7.972743E+01,  1.030023E-06,  1.025644E-08,  4.000484E-06,  2.631510E-09,  6.437992E-06, -6.693740E+01,  1.682925E-01,  4.687813E-01,  9.951978E-03,  1.171193E+02,  4.183057E-06,  2.236787E-08,  3.924693E-06,  1.647235E-09,  1.244341E-05, -6.694967E+01,  1.682512E-01,  4.686664E-01,  3.959646E-03,  1.171569E+02,  1.876176E-06,  5.238473E-09,  1.562190E-06,  3.225603E-10,  5.289790E-06
  4.549296E+00, -4.299193E+01,  2.783842E-01,  7.754435E-01,  1.399651E-02,  3.606859E+01,  5.627944E-06,  8.303817E-08,  1.699764E-06,  2.953040E-09,  1.489089E-05, -4.633487E+01,  4.820727E-02,  1.639703E-01,  1.487940E-02,  7.972683E+01,  1.028608E-06,  1.026693E-08,  3.994140E-06,  2.634019E-09,  6.428213E-06, -6.693041E+01,  1.683160E-01,  4.688467E-01,  9.967246E-03,  1.170979E+02,  4.188640E-06,  2.241073E-08,  3.929995E-06,  1.649710E-09,  1.246067E-05, -6.694197E+01,  1.682771E-01,  4.687385E-01,  3.995485E-03,  1.171333E+02,  1.890941E-06,  5.257857E-09,  1.576011E-06,  3.235545E-10,  5.333800E-06
  4.553088E+00, -4.299161E+01,  2.783858E-01,  7.754480E-01,  1.395711E-02,  3.606765E+01,  5.614157E-06,  8.309525E-08,  1.694935E-06,  2.954094E-09,  1.485278E-05, -4.633419E+01,  4.820816E-02,  1.639734E-01,  1.485580E-02,  7.972627E+01,  1.027189E-06,  1.027741E-08,  3.987779E-06,  2.636524E-09,  6.418406E-06, -6.692382E+01,  1.683381E-01,  4.689083E-01,  9.982325E-03,  1.170777E+02,  4.194152E-06,  2.245365E-08,  3.935262E-06,  1.652187E-09,  1.247774E-05, -6.693471E+01,  1.683015E-01,  4.688065E-01,  4.031284E-03,  1.171111E+02,  1.905673E-06,  5.277392E-09,  1.589829E-06,  3.245574E-10,  5.377741E-06
  4.556880E+00, -4.299132E+01,  2.783874E-01,  7.754523E-01,  1.391785E-02,  3.606675E+01,  5.600416E-06,  8.315220E-08,  1.690126E-06,  2.955145E-09,  1.481480E-05, -4.633356E+01,  4.820901E-02,  1.639762E-01,  1.483215E-02,  7.972574E+01,  1.025766E-06,  1.028788E-08,  3.981404E-06,  2.639026E-09,  6.408575E-06, -6.691762E+01,  1.683589E-01,  4.689664E-01,  9.997217E-03,  1.170587E+02,  4.199595E-06,  2.249663E-08,  3.940493E-06,  1.654668E-09,  1.249461E-05, -6.692787E+01,  1.683245E-01,  4.688705E-01,  4.067040E-03,  1.170901E+02,  1.920370E-06,  5.297078E-09,  1.603643E-06,  3.255691E-10,  5.421611E-06
  4.560672E+00, -4.299104E+01,  2.783888E-01,  7.754563E-01,  1.387873E-02,  3.606591E+01,  5.586719E-06,  8.320901E-08,  1.685338E-06,  2.956194E-09,  1.477695E-05, -4.633297E+01,  4.820980E-02,  1.639789E-01,  1.480843E-02,  7.972524E+01,  1.024339E-06,  1.029832E-08,  3.975015E-06,  2.641523E-09,  6.398719E-06, -6.691178E+01,  1.683786E-01,  4.690211E-01,  1.001193E-02,  1.170409E+02,  4.204970E-06,  2.253966E-08,  3.945686E-06,  1.657153E-09,  1.251130E-05, -6.692142E+01,  1.683462E-01,  4.689308E-01,  4.102750E-03,  1.170704E+02,  1.935031E-06,  5.316914E-09,  1.617450E-06,  3.265894E-10,  5.465405E-06
  4.564464E+00, -4.299077E+01,  2.783902E-01,  7.754601E-01,  1.383975E-02,  3.606511E+01,  5.573068E-06,  8.326567E-08,  1.680569E-06,  2.957239E-09,  1.473923E-05, -4.633240E+01,  4.821055E-02,  1.639815E-01,  1.478466E-02,  7.972476E+01,  1.022908E-06,  1.030876E-08,  3.968613E-06,  2.644016E-09,  6.388841E-06, -6.690627E+01,  1.683971E-01,  4.690727E-01,  1.002645E-02,  1.170240E+02,  4.210278E-06,  2.258275E-08,  3.950841E-06,  1.659640E-09,  1.252779E-05, -6.691536E+01,  1.683666E-01,  4.689876E-01,  4.138411E-03,  1.170518E+02,  1.949656E-06,  5.336901E-09,  1.631249E-06,  3.276185E-10,  5.509120E-06
  4.568256E+00, -4.299052E+01,  2.783915E-01,  7.754637E-01,  1.380092E-02,  3.606436E+01,  5.559461E-06,  8.332220E-08,  1.675820E-06,  2.958281E-09,  1.470164E-05, -4.633187E+01,  4.821126E-02,  1.639839E-01,  1.476084E-02,  7.972432E+01,  1.021474E-06,  1.031918E-08,  3.962198E-06,  2.646505E-09,  6.378942E-06, -6.690109E+01,  1.684145E-01,  4.691213E-01,  1.004080E-02,  1.170081E+02,  4.215520E-06,  2.262588E-08,  3.955958E-06,  1.662131E-09,  1.254410E-05, -6.690964E+01,  1.683858E-01,  4.690412E-01,  4.174021E-03,  1.170343E+02,  1.964243E-06,  5.357037E-09,  1.645038E-06,  3.286563E-10,  5.552752E-06
  4.572048E+00, -4.299029E+01,  2.783927E-01,  7.754671E-01,  1.376223E-02,  3.606365E+01,  5.545898E-06,  8.337858E-08,  1.671089E-06,  2.959321E-09,  1.466418E-05, -4.633137E+01,  4.821192E-02,  1.639861E-01,  1.473697E-02,  7.972390E+01,  1.020037E-06,  1.032958E-08,  3.955770E-06,  2.648990E-09,  6.369021E-06, -6.689620E+01,  1.684310E-01,  4.691671E-01,  1.005498E-02,  1.169931E+02,  4.220697E-06,  2.266907E-08,  3.961035E-06,  1.664625E-09,  1.256023E-05, -6.690425E+01,  1.684039E-01,  4.690916E-01,  4.209576E-03,  1.170178E+02,  1.978791E-06,  5.377322E-09,  1.658816E-06,  3.297028E-10,  5.596297E-06
  4.575840E+00, -4.299006E+01,  2.783938E-01,  7.754702E-01,  1.372368E-02,  3.606298E+01,  5.532379E-06,  8.343483E-08,  1.666378E-06,  2.960357E-09,  1.462685E-05, -4.633090E+01,  4.821255E-02,  1.639883E-01,  1.471305E-02,  7.972350E+01,  1.018596E-06,  1.033997E-08,  3.949332E-06,  2.651471E-09,  6.359082E-06, -6.689160E+01,  1.684465E-01,  4.692102E-01,  1.006898E-02,  1.169790E+02,  4.225809E-06,  2.271232E-08,  3.966071E-06,  1.667122E-09,  1.257617E-05, -6.689918E+01,  1.684209E-01,  4.691391E-01,  4.245073E-03,  1.170023E+02,  1.993300E-06,  5.397756E-09,  1.672581E-06,  3.307580E-10,  5.639753E-06
  4.579632E+00, -4.298985E+01,  2.783949E-01,  7.754733E-01,  1.368526E-02,  3.606235E+01,  5.518903E-06,  8.349093E-08,  1.661686E-06,  2.961390E-09,  1.458965E-05, -4.633046E+01,  4.821314E-02,  1.639903E-01,  1.468909E-02,  7.972313E+01,  1.017153E-06,  1.035035E-08,  3.942883E-06,  2.653947E-09,  6.349124E-06, -6.688726E+01,  1.684610E-01,  4.692508E-01,  1.008281E-02,  1.169658E+02,  4.230859E-06,  2.275561E-08,  3.971067E-06,  1.669622E-09,  1.259193E-05, -6.689440E+01,  1.684370E-01,  4.691839E-01,  4.280511E-03,  1.169876E+02,  2.007769E-06,  5.418339E-09,  1.686332E-06,  3.318218E-10,  5.683116E-06
  4.583424E+00, -4.298966E+01,  2.783959E-01,  7.754761E-01,  1.364698E-02,  3.606175E+01,  5.505472E-06,  8.354690E-08,  1.657012E-06,  2.962421E-09,  1.455257E-05, -4.633004E+01,  4.821370E-02,  1.639922E-01,  1.466508E-02,  7.972278E+01,  1.015707E-06,  1.036071E-08,  3.936424E-06,  2.656420E-09,  6.339149E-06, -6.688318E+01,  1.684748E-01,  4.692891E-01,  1.009647E-02,  1.169533E+02,  4.235845E-06,  2.279896E-08,  3.976021E-06,  1.672125E-09,  1.260751E-05, -6.688990E+01,  1.684522E-01,  4.692261E-01,  4.315886E-03,  1.169739E+02,  2.022197E-06,  5.439069E-09,  1.700067E-06,  3.328944E-10,  5.726384E-06
  4.587216E+00, -4.298947E+01,  2.783969E-01,  7.754788E-01,  1.360884E-02,  3.606119E+01,  5.492083E-06,  8.360273E-08,  1.652356E-06,  2.963448E-09,  1.451562E-05, -4.632964E+01,  4.821422E-02,  1.639940E-01,  1.464104E-02,  7.972244E+01,  1.014258E-06,  1.037106E-08,  3.929955E-06,  2.658889E-09,  6.329158E-06, -6.687933E+01,  1.684877E-01,  4.693252E-01,  1.010996E-02,  1.169415E+02,  4.240770E-06,  2.284236E-08,  3.980933E-06,  1.674632E-09,  1.262291E-05, -6.688567E+01,  1.684664E-01,  4.692658E-01,  4.351197E-03,  1.169609E+02,  2.036583E-06,  5.459948E-09,  1.713785E-06,  3.339756E-10,  5.769554E-06
  4.591008E+00, -4.298929E+01,  2.783978E-01,  7.754813E-01,  1.357084E-02,  3.606066E+01,  5.478738E-06,  8.365843E-08,  1.647719E-06,  2.964472E-09,  1.447879E-05, -4.632927E+01,  4.821472E-02,  1.639956E-01,  1.461696E-02,  7.972213E+01,  1.012806E-06,  1.038139E-08,  3.923478E-06,  2.661353E-09,  6.319151E-06, -6.687571E+01,  1.684999E-01,  4.693592E-01,  1.012329E-02,  1.169304E+02,  4.245634E-06,  2.288580E-08,  3.985802E-06,  1.677141E-09,  1.263813E-05, -6.688167E+01,  1.684799E-01,  4.693032E-01,  4.386440E-03,  1.169486E+02,  2.050927E-06,  5.480973E-09,  1.727485E-06,  3.350654E-10,  5.812623E-06
  4.594800E+00, -4.298913E+01,  2.783986E-01,  7.754837E-01,  1.353297E-02,  3.606016E+01,  5.465435E-06,  8.371398E-08,  1.643099E-06,  2.965494E-09,  1.444209E-05, -4.632892E+01,  4.821519E-02,  1.639972E-01,  1.459284E-02,  7.972184E+01,  1.011352E-06,  1.039170E-08,  3.916992E-06,  2.663814E-09,  6.309130E-06, -6.687230E+01,  1.685114E-01,  4.693912E-01,  1.013646E-02,  1.169199E+02,  4.250437E-06,  2.292930E-08,  3.990628E-06,  1.679654E-09,  1.265318E-05, -6.687791E+01,  1.684925E-01,  4.693385E-01,  4.421615E-03,  1.169371E+02,  2.065228E-06,  5.502145E-09,  1.741164E-06,  3.361639E-10,  5.855588E-06
  4.598592E+00, -4.298897E+01,  2.783994E-01,  7.754859E-01,  1.349524E-02,  3.605969E+01,  5.452175E-06,  8.376940E-08,  1.638497E-06,  2.966513E-09,  1.440551E-05, -4.632859E+01,  4.821563E-02,  1.639987E-01,  1.456870E-02,  7.972156E+01,  1.009896E-06,  1.040200E-08,  3.910498E-06,  2.666270E-09,  6.299096E-06, -6.686908E+01,  1.685223E-01,  4.694213E-01,  1.014946E-02,  1.169100E+02,  4.255181E-06,  2.297284E-08,  3.995410E-06,  1.682169E-09,  1.266806E-05, -6.687437E+01,  1.685045E-01,  4.693717E-01,  4.456718E-03,  1.169263E+02,  2.079485E-06,  5.523463E-09,  1.754824E-06,  3.372711E-10,  5.898447E-06
  4.602384E+00, -4.298882E+01,  2.784002E-01,  7.754880E-01,  1.345764E-02,  3.605925E+01,  5.438957E-06,  8.382469E-08,  1.633913E-06,  2.967528E-09,  1.436906E-05, -4.632828E+01,  4.821604E-02,  1.640001E-01,  1.454452E-02,  7.972130E+01,  1.008438E-06,  1.041229E-08,  3.903998E-06,  2.668722E-09,  6.289049E-06, -6.686605E+01,  1.685325E-01,  4.694498E-01,  1.016231E-02,  1.169008E+02,  4.259867E-06,  2.301643E-08,  4.000148E-06,  1.684688E-09,  1.268276E-05, -6.687103E+01,  1.685157E-01,  4.694030E-01,  4.491748E-03,  1.169160E+02,  2.093698E-06,  5.544928E-09,  1.768461E-06,  3.383868E-10,  5.941197E-06
  4.606176E+00, -4.298868E+01,  2.784009E-01,  7.754900E-01,  1.342018E-02,  3.605883E+01,  5.425781E-06,  8.387984E-08,  1.629346E-06,  2.968541E-09,  1.433272E-05, -4.632798E+01,  4.821644E-02,  1.640015E-01,  1.452032E-02,  7.972105E+01,  1.006978E-06,  1.042256E-08,  3.897490E-06,  2.671170E-09,  6.278990E-06, -6.686320E+01,  1.685421E-01,  4.694765E-01,  1.017500E-02,  1.168920E+02,  4.264493E-06,  2.306007E-08,  4.004842E-06,  1.687209E-09,  1.269729E-05, -6.686789E+01,  1.685263E-01,  4.694325E-01,  4.526702E-03,  1.169064E+02,  2.107866E-06,  5.566537E-09,  1.782075E-06,  3.395111E-10,  5.983837E-06
  4.611863E+00, -4.298849E+01,  2.784019E-01,  7.754927E-01,  1.336427E-02,  3.605825E+01,  5.406112E-06,  8.396226E-08,  1.622535E-06,  2.970054E-09,  1.427849E-05, -4.632758E+01,  4.821697E-02,  1.640033E-01,  1.448395E-02,  7.972071E+01,  1.004783E-06,  1.043793E-08,  3.887715E-06,  2.674833E-09,  6.263877E-06, -6.685928E+01,  1.685553E-01,  4.695133E-01,  1.019368E-02,  1.168800E+02,  4.271305E-06,  2.312563E-08,  4.011782E-06,  1.690998E-09,  1.271871E-05, -6.686357E+01,  1.685408E-01,  4.694730E-01,  4.578951E-03,  1.168932E+02,  2.129017E-06,  5.599277E-09,  1.802439E-06,  3.412169E-10,  6.047540E-06
  4.617551E+00, -4.298832E+01,  2.784028E-01,  7.754953E-01,  1.330866E-02,  3.605773E+01,  5.386535E-06,  8.404437E-08,  1.615761E-06,  2.971560E-09,  1.422453E-05, -4.632721E+01,  4.821747E-02,  1.640050E-01,  1.444754E-02,  7.972040E+01,  1.002585E-06,  1.045327E-08,  3.877928E-06,  2.678486E-09,  6.248744E-06, -6.685569E+01,  1.685674E-01,  4.695469E-01,  1.021202E-02,  1.168690E+02,  4.277990E-06,  2.319129E-08,  4.018621E-06,  1.694793E-09,  1.273975E-05, -6.685962E+01,  1.685541E-01,  4.695101E-01,  4.631019E-03,  1.168810E+02,  2.150063E-06,  5.632341E-09,  1.822744E-06,  3.429420E-10,  6.110981E-06
  4.623239E+00, -4.298815E+01,  2.784036E-01,  7.754976E-01,  1.325334E-02,  3.605724E+01,  5.367052E-06,  8.412619E-08,  1.609025E-06,  2.973060E-09,  1.417084E-05, -4.632687E+01,  4.821792E-02,  1.640065E-01,  1.441108E-02,  7.972011E+01,  1.000384E-06,  1.046857E-08,  3.868131E-06,  2.682130E-09,  6.233592E-06, -6.685241E+01,  1.685784E-01,  4.695778E-01,  1.023002E-02,  1.168589E+02,  4.284550E-06,  2.325706E-08,  4.025356E-06,  1.698595E-09,  1.276042E-05, -6.685600E+01,  1.685663E-01,  4.695440E-01,  4.682900E-03,  1.168700E+02,  2.171004E-06,  5.665727E-09,  1.842988E-06,  3.446862E-10,  6.174152E-06
  4.628927E+00, -4.298801E+01,  2.784044E-01,  7.754997E-01,  1.319832E-02,  3.605680E+01,  5.347660E-06,  8.420770E-08,  1.602326E-06,  2.974554E-09,  1.411742E-05, -4.632656E+01,  4.821833E-02,  1.640079E-01,  1.437458E-02,  7.971985E+01,  9.981795E-07,  1.048384E-08,  3.858324E-06,  2.685765E-09,  6.218423E-06, -6.684940E+01,  1.685885E-01,  4.696060E-01,  1.024769E-02,  1.168497E+02,  4.290986E-06,  2.332292E-08,  4.031989E-06,  1.702402E-09,  1.278071E-05, -6.685269E+01,  1.685775E-01,  4.695751E-01,  4.734588E-03,  1.168598E+02,  2.191836E-06,  5.699433E-09,  1.863167E-06,  3.464495E-10,  6.237049E-06
  4.634615E+00, -4.298787E+01,  2.784051E-01,  7.755016E-01,  1.314358E-02,  3.605639E+01,  5.328359E-06,  8.428892E-08,  1.595664E-06,  2.976041E-09,  1.406426E-05, -4.632628E+01,  4.821871E-02,  1.640092E-01,  1.433806E-02,  7.971962E+01,  9.959724E-07,  1.049907E-08,  3.848511E-06,  2.689390E-09,  6.203240E-06, -6.684665E+01,  1.685978E-01,  4.696318E-01,  1.026502E-02,  1.168413E+02,  4.297301E-06,  2.338888E-08,  4.038517E-06,  1.706216E-09,  1.280065E-05, -6.684966E+01,  1.685877E-01,  4.696036E-01,  4.786079E-03,  1.168505E+02,  2.212560E-06,  5.733459E-09,  1.883278E-06,  3.482319E-10,  6.299664E-06
  4.640303E+00, -4.298775E+01,  2.784057E-01,  7.755034E-01,  1.308913E-02,  3.605602E+01,  5.309149E-06,  8.436984E-08,  1.589038E-06,  2.977522E-09,  1.401136E-05, -4.632601E+01,  4.821906E-02,  1.640104E-01,  1.430150E-02,  7.971940E+01,  9.937629E-07,  1.051427E-08,  3.838691E-06,  2.693007E-09,  6.188046E-06, -6.684413E+01,  1.686063E-01,  4.696555E-01,  1.028203E-02,  1.168336E+02,  4.303496E-06,  2.345493E-08,  4.044941E-06,  1.710036E-09,  1.282022E-05, -6.684689E+01,  1.685970E-01,  4.696296E-01,  4.837367E-03,  1.168420E+02,  2.233174E-06,  5.767801E-09,  1.903320E-06,  3.500332E-10,  6.361993E-06
  4.645991E+00, -4.298763E+01,  2.784063E-01,  7.755050E-01,  1.303496E-02,  3.605568E+01,  5.290028E-06,  8.445047E-08,  1.582448E-06,  2.978997E-09,  1.395872E-05, -4.632578E+01,  4.821938E-02,  1.640115E-01,  1.426492E-02,  7.971920E+01,  9.915513E-07,  1.052944E-08,  3.828865E-06,  2.696613E-09,  6.172841E-06, -6.684182E+01,  1.686141E-01,  4.696771E-01,  1.029872E-02,  1.168265E+02,  4.309573E-06,  2.352108E-08,  4.051261E-06,  1.713862E-09,  1.283943E-05, -6.684435E+01,  1.686056E-01,  4.696534E-01,  4.888449E-03,  1.168342E+02,  2.253676E-06,  5.802460E-09,  1.923288E-06,  3.518535E-10,  6.424031E-06
  4.651679E+00, -4.298753E+01,  2.784068E-01,  7.755065E-01,  1.298107E-02,  3.605536E+01,  5.270996E-06,  8.453080E-08,  1.575894E-06,  2.980466E-09,  1.390633E-05, -4.632556E+01,  4.821967E-02,  1.640125E-01,  1.422833E-02,  7.971901E+01,  9.893380E-07,  1.054457E-08,  3.819037E-06,  2.700211E-09,  6.157628E-06, -6.683971E+01,  1.686212E-01,  4.696969E-01,  1.031510E-02,  1.168200E+02,  4.315533E-06,  2.358732E-08,  4.057475E-06,  1.717694E-09,  1.285829E-05, -6.684202E+01,  1.686134E-01,  4.696753E-01,  4.939319E-03,  1.168271E+02,  2.274066E-06,  5.837431E-09,  1.943182E-06,  3.536926E-10,  6.485774E-06
  4.657367E+00, -4.298743E+01,  2.784073E-01,  7.755079E-01,  1.292746E-02,  3.605508E+01,  5.252052E-06,  8.461083E-08,  1.569375E-06,  2.981928E-09,  1.385421E-05, -4.632536E+01,  4.821994E-02,  1.640134E-01,  1.419172E-02,  7.971884E+01,  9.871231E-07,  1.055967E-08,  3.809205E-06,  2.703799E-09,  6.142410E-06, -6.683778E+01,  1.686277E-01,  4.697151E-01,  1.033116E-02,  1.168141E+02,  4.321377E-06,  2.365365E-08,  4.063585E-06,  1.721532E-09,  1.287679E-05, -6.683989E+01,  1.686206E-01,  4.696953E-01,  4.989974E-03,  1.168206E+02,  2.294342E-06,  5.872715E-09,  1.962999E-06,  3.555505E-10,  6.547216E-06
  4.663055E+00, -4.298735E+01,  2.784078E-01,  7.755091E-01,  1.287413E-02,  3.605481E+01,  5.233196E-06,  8.469058E-08,  1.562890E-06,  2.983384E-09,  1.380233E-05, -4.632517E+01,  4.822018E-02,  1.640142E-01,  1.415511E-02,  7.971869E+01,  9.849070E-07,  1.057474E-08,  3.799372E-06,  2.707377E-09,  6.127186E-06, -6.683601E+01,  1.686337E-01,  4.697317E-01,  1.034690E-02,  1.168087E+02,  4.327108E-06,  2.372006E-08,  4.069589E-06,  1.725375E-09,  1.289495E-05, -6.683794E+01,  1.686272E-01,  4.697135E-01,  5.040409E-03,  1.168146E+02,  2.314504E-06,  5.908309E-09,  1.982737E-06,  3.574270E-10,  6.608355E-06
  4.668743E+00, -4.298727E+01,  2.784082E-01,  7.755103E-01,  1.282107E-02,  3.605457E+01,  5.214428E-06,  8.477004E-08,  1.556440E-06,  2.984834E-09,  1.375071E-05, -4.632500E+01,  4.822040E-02,  1.640150E-01,  1.411849E-02,  7.971855E+01,  9.826900E-07,  1.058977E-08,  3.789539E-06,  2.710947E-09,  6.111961E-06, -6.683439E+01,  1.686391E-01,  4.697469E-01,  1.036235E-02,  1.168037E+02,  4.332726E-06,  2.378656E-08,  4.075489E-06,  1.729224E-09,  1.291276E-05, -6.683616E+01,  1.686332E-01,  4.697303E-01,  5.090622E-03,  1.168091E+02,  2.334550E-06,  5.944212E-09,  2.002393E-06,  3.593222E-10,  6.669185E-06
  4.674431E+00, -4.298719E+01,  2.784086E-01,  7.755113E-01,  1.276828E-02,  3.605435E+01,  5.195746E-06,  8.484921E-08,  1.550024E-06,  2.986278E-09,  1.369934E-05, -4.632485E+01,  4.822061E-02,  1.640157E-01,  1.408187E-02,  7.971842E+01,  9.804721E-07,  1.060476E-08,  3.779706E-06,  2.714507E-09,  6.096734E-06, -6.683291E+01,  1.686441E-01,  4.697608E-01,  1.037749E-02,  1.167991E+02,  4.338232E-06,  2.385315E-08,  4.081283E-06,  1.733078E-09,  1.293023E-05, -6.683453E+01,  1.686387E-01,  4.697456E-01,  5.140607E-03,  1.168041E+02,  2.354481E-06,  5.980421E-09,  2.021967E-06,  3.612360E-10,  6.729704E-06
  4.680119E+00, -4.298712E+01,  2.784089E-01,  7.755123E-01,  1.271577E-02,  3.605415E+01,  5.177149E-06,  8.492809E-08,  1.543641E-06,  2.987716E-09,  1.364821E-05, -4.632471E+01,  4.822080E-02,  1.640163E-01,  1.404526E-02,  7.971830E+01,  9.782538E-07,  1.061972E-08,  3.769875E-06,  2.718057E-09,  6.081508E-06, -6.683155E+01,  1.686487E-01,  4.697736E-01,  1.039233E-02,  1.167950E+02,  4.343629E-06,  2.391982E-08,  4.086973E-06,  1.736937E-09,  1.294736E-05, -6.683303E+01,  1.686437E-01,  4.697597E-01,  5.190362E-03,  1.167995E+02,  2.374295E-06,  6.016935E-09,  2.041456E-06,  3.631682E-10,  6.789908E-06
  4.685807E+00, -4.298706E+01,  2.784092E-01,  7.755132E-01,  1.266352E-02,  3.605396E+01,  5.158639E-06,  8.500669E-08,  1.537292E-06,  2.989148E-09,  1.359733E-05, -4.632458E+01,  4.822097E-02,  1.640169E-01,  1.400865E-02,  7.971819E+01,  9.760352E-07,  1.063465E-08,  3.760046E-06,  2.721599E-09,  6.066284E-06, -6.683031E+01,  1.686529E-01,  4.697853E-01,  1.040687E-02,  1.167912E+02,  4.348917E-06,  2.398657E-08,  4.092557E-06,  1.740802E-09,  1.296416E-05, -6.683167E+01,  1.686483E-01,  4.697725E-01,  5.239884E-03,  1.167953E+02,  2.393991E-06,  6.053752E-09,  2.060858E-06,  3.651187E-10,  6.849793E-06
  4.691495E+00, -4.298701E+01,  2.784095E-01,  7.755140E-01,  1.261155E-02,  3.605379E+01,  5.140212E-06,  8.508500E-08,  1.530977E-06,  2.990574E-09,  1.354670E-05, -4.632446E+01,  4.822113E-02,  1.640174E-01,  1.397205E-02,  7.971809E+01,  9.738164E-07,  1.064954E-08,  3.750221E-06,  2.725131E-09,  6.051063E-06, -6.682917E+01,  1.686567E-01,  4.697959E-01,  1.042112E-02,  1.167877E+02,  4.354097E-06,  2.405339E-08,  4.098037E-06,  1.744672E-09,  1.298062E-05, -6.683041E+01,  1.686526E-01,  4.697843E-01,  5.289170E-03,  1.167915E+02,  2.413569E-06,  6.090871E-09,  2.080172E-06,  3.670876E-10,  6.909358E-06
  4.697183E+00, -4.298695E+01,  2.784098E-01,  7.755147E-01,  1.255983E-02,  3.605364E+01,  5.121870E-06,  8.516302E-08,  1.524694E-06,  2.991994E-09,  1.349631E-05, -4.632435E+01,  4.822127E-02,  1.640179E-01,  1.393547E-02,  7.971800E+01,  9.715978E-07,  1.066440E-08,  3.740400E-06,  2.728653E-09,  6.035847E-06, -6.682813E+01,  1.686603E-01,  4.698057E-01,  1.043508E-02,  1.167845E+02,  4.359170E-06,  2.412030E-08,  4.103413E-06,  1.748547E-09,  1.299676E-05, -6.682927E+01,  1.686564E-01,  4.697950E-01,  5.338216E-03,  1.167880E+02,  2.433029E-06,  6.128288E-09,  2.099396E-06,  3.690747E-10,  6.968598E-06
  4.702871E+00, -4.298691E+01,  2.784100E-01,  7.755154E-01,  1.250838E-02,  3.605349E+01,  5.103612E-06,  8.524077E-08,  1.518443E-06,  2.993407E-09,  1.344616E-05, -4.632425E+01,  4.822141E-02,  1.640184E-01,  1.389890E-02,  7.971792E+01,  9.693795E-07,  1.067922E-08,  3.730584E-06,  2.732166E-09,  6.020637E-06, -6.682718E+01,  1.686635E-01,  4.698147E-01,  1.044875E-02,  1.167816E+02,  4.364138E-06,  2.418728E-08,  4.108685E-06,  1.752428E-09,  1.301257E-05, -6.682822E+01,  1.686600E-01,  4.698049E-01,  5.387020E-03,  1.167848E+02,  2.452369E-06,  6.166004E-09,  2.118530E-06,  3.710799E-10,  7.027512E-06
  4.708559E+00, -4.298686E+01,  2.784103E-01,  7.755160E-01,  1.245720E-02,  3.605336E+01,  5.085437E-06,  8.531823E-08,  1.512225E-06,  2.994815E-09,  1.339625E-05, -4.632416E+01,  4.822153E-02,  1.640188E-01,  1.386236E-02,  7.971784E+01,  9.671617E-07,  1.069401E-08,  3.720773E-06,  2.735670E-09,  6.005435E-06, -6.682630E+01,  1.686664E-01,  4.698229E-01,  1.046213E-02,  1.167789E+02,  4.369002E-06,  2.425433E-08,  4.113854E-06,  1.756312E-09,  1.302805E-05, -6.682726E+01,  1.686632E-01,  4.698139E-01,  5.435579E-03,  1.167818E+02,  2.471590E-06,  6.204015E-09,  2.137571E-06,  3.731031E-10,  7.086097E-06
  4.714247E+00, -4.298682E+01,  2.784105E-01,  7.755166E-01,  1.240627E-02,  3.605324E+01,  5.067344E-06,  8.539542E-08,  1.506039E-06,  2.996218E-09,  1.334658E-05, -4.632408E+01,  4.822164E-02,  1.640192E-01,  1.382584E-02,  7.971777E+01,  9.649445E-07,  1.070877E-08,  3.710970E-06,  2.739165E-09,  5.990241E-06, -6.682550E+01,  1.686691E-01,  4.698304E-01,  1.047524E-02,  1.167764E+02,  4.373763E-06,  2.432146E-08,  4.118919E-06,  1.760202E-09,  1.304321E-05, -6.682638E+01,  1.686662E-01,  4.698222E-01,  5.483891E-03,  1.167791E+02,  2.490691E-06,  6.242319E-09,  2.156518E-06,  3.751442E-10,  7.144351E-06
  4.719935E+00, -4.298679E+01,  2.784106E-01,  7.755171E-01,  1.235560E-02,  3.605313E+01,  5.049334E-06,  8.547233E-08,  1.499884E-06,  2.997614E-09,  1.329714E-05, -4.632400E+01,  4.822174E-02,  1.640195E-01,  1.378934E-02,  7.971771E+01,  9.627282E-07,  1.072349E-08,  3.701174E-06,  2.742650E-09,  5.975058E-06, -6.682477E+01,  1.686716E-01,  4.698373E-01,  1.048806E-02,  1.167742E+02,  4.378421E-06,  2.438866E-08,  4.123882E-06,  1.764097E-09,  1.305806E-05, -6.682557E+01,  1.686689E-01,  4.698298E-01,  5.531953E-03,  1.167766E+02,  2.509672E-06,  6.280916E-09,  2.175370E-06,  3.772033E-10,  7.202271E-06
  4.725623E+00, -4.298675E+01,  2.784108E-01,  7.755176E-01,  1.230518E-02,  3.605303E+01,  5.031404E-06,  8.554896E-08,  1.493762E-06,  2.999004E-09,  1.324794E-05, -4.632393E+01,  4.822183E-02,  1.640198E-01,  1.375288E-02,  7.971765E+01,  9.605128E-07,  1.073817E-08,  3.691385E-06,  2.746126E-09,  5.959884E-06, -6.682410E+01,  1.686738E-01,  4.698435E-01,  1.050061E-02,  1.167721E+02,  4.382978E-06,  2.445593E-08,  4.128743E-06,  1.767995E-09,  1.307259E-05, -6.682483E+01,  1.686714E-01,  4.698367E-01,  5.579763E-03,  1.167744E+02,  2.528531E-06,  6.319803E-09,  2.194127E-06,  3.792801E-10,  7.259855E-06
  4.731311E+00, -4.298672E+01,  2.784110E-01,  7.755180E-01,  1.225502E-02,  3.605294E+01,  5.013556E-06,  8.562531E-08,  1.487670E-06,  3.000389E-09,  1.319897E-05, -4.632387E+01,  4.822192E-02,  1.640201E-01,  1.371644E-02,  7.971760E+01,  9.582986E-07,  1.075282E-08,  3.681606E-06,  2.749593E-09,  5.944723E-06, -6.682349E+01,  1.686759E-01,  4.698493E-01,  1.051289E-02,  1.167702E+02,  4.387436E-06,  2.452326E-08,  4.133502E-06,  1.771899E-09,  1.308680E-05, -6.682416E+01,  1.686736E-01,  4.698430E-01,  5.627319E-03,  1.167723E+02,  2.547270E-06,  6.358978E-09,  2.212786E-06,  3.813745E-10,  7.317102E-06
  4.736999E+00, -4.298670E+01,  2.784111E-01,  7.755184E-01,  1.220512E-02,  3.605286E+01,  4.995789E-06,  8.570139E-08,  1.481609E-06,  3.001768E-09,  1.315024E-05, -4.632381E+01,  4.822200E-02,  1.640204E-01,  1.368004E-02,  7.971755E+01,  9.560857E-07,  1.076744E-08,  3.671835E-06,  2.753050E-09,  5.929575E-06, -6.682293E+01,  1.686778E-01,  4.698546E-01,  1.052489E-02,  1.167685E+02,  4.391794E-06,  2.459067E-08,  4.138160E-06,  1.775807E-09,  1.310071E-05, -6.682354E+01,  1.686757E-01,  4.698488E-01,  5.674619E-03,  1.167704E+02,  2.565887E-06,  6.398440E-09,  2.231348E-06,  3.834865E-10,  7.374010E-06
  4.745531E+00, -4.298666E+01,  2.784113E-01,  7.755190E-01,  1.213081E-02,  3.605275E+01,  4.969318E-06,  8.581489E-08,  1.472587E-06,  3.003824E-09,  1.307765E-05, -4.632373E+01,  4.822210E-02,  1.640207E-01,  1.362552E-02,  7.971748E+01,  9.527699E-07,  1.078929E-08,  3.657202E-06,  2.758216E-09,  5.906885E-06, -6.682219E+01,  1.686803E-01,  4.698615E-01,  1.054229E-02,  1.167663E+02,  4.398111E-06,  2.469192E-08,  4.144921E-06,  1.781678E-09,  1.312088E-05, -6.682273E+01,  1.686785E-01,  4.698565E-01,  5.744975E-03,  1.167679E+02,  2.593542E-06,  6.458271E-09,  2.258962E-06,  3.866938E-10,  7.458603E-06
  4.754063E+00, -4.298663E+01,  2.784115E-01,  7.755194E-01,  1.205707E-02,  3.605265E+01,  4.943025E-06,  8.592779E-08,  1.463632E-06,  3.005866E-09,  1.300557E-05, -4.632367E+01,  4.822219E-02,  1.640210E-01,  1.357110E-02,  7.971743E+01,  9.494580E-07,  1.081107E-08,  3.642594E-06,  2.763360E-09,  5.884229E-06, -6.682154E+01,  1.686825E-01,  4.698676E-01,  1.055910E-02,  1.167643E+02,  4.404212E-06,  2.479330E-08,  4.151458E-06,  1.787558E-09,  1.314037E-05, -6.682201E+01,  1.686809E-01,  4.698632E-01,  5.814743E-03,  1.167657E+02,  2.620923E-06,  6.518733E-09,  2.286350E-06,  3.899400E-10,  7.542423E-06
  4.762595E+00, -4.298660E+01,  2.784116E-01,  7.755199E-01,  1.198387E-02,  3.605256E+01,  4.916909E-06,  8.604008E-08,  1.454745E-06,  3.007897E-09,  1.293400E-05, -4.632361E+01,  4.822227E-02,  1.640213E-01,  1.351677E-02,  7.971738E+01,  9.461503E-07,  1.083276E-08,  3.628013E-06,  2.768484E-09,  5.861612E-06, -6.682097E+01,  1.686844E-01,  4.698730E-01,  1.057533E-02,  1.167625E+02,  4.410099E-06,  2.489483E-08,  4.157774E-06,  1.793448E-09,  1.315920E-05, -6.682138E+01,  1.686830E-01,  4.698691E-01,  5.883917E-03,  1.167638E+02,  2.648028E-06,  6.579820E-09,  2.313508E-06,  3.932248E-10,  7.625465E-06
  4.771127E+00, -4.298657E+01,  2.784118E-01,  7.755202E-01,  1.191123E-02,  3.605249E+01,  4.890967E-06,  8.615177E-08,  1.445925E-06,  3.009914E-09,  1.286293E-05, -4.632355E+01,  4.822234E-02,  1.640216E-01,  1.346254E-02,  7.971733E+01,  9.428472E-07,  1.085438E-08,  3.613459E-06,  2.773586E-09,  5.839036E-06, -6.682047E+01,  1.686861E-01,  4.698777E-01,  1.059098E-02,  1.167610E+02,  4.415776E-06,  2.499648E-08,  4.163871E-06,  1.799346E-09,  1.317736E-05, -6.682083E+01,  1.686849E-01,  4.698743E-01,  5.952492E-03,  1.167621E+02,  2.674857E-06,  6.641527E-09,  2.340435E-06,  3.965478E-10,  7.707725E-06
  4.779659E+00, -4.298655E+01,  2.784119E-01,  7.755205E-01,  1.183912E-02,  3.605242E+01,  4.865198E-06,  8.626287E-08,  1.437171E-06,  3.011919E-09,  1.279236E-05, -4.632351E+01,  4.822240E-02,  1.640218E-01,  1.340843E-02,  7.971729E+01,  9.395491E-07,  1.087592E-08,  3.598936E-06,  2.778668E-09,  5.816502E-06, -6.682003E+01,  1.686876E-01,  4.698818E-01,  1.060606E-02,  1.167596E+02,  4.421245E-06,  2.509826E-08,  4.169750E-06,  1.805252E-09,  1.319487E-05, -6.682035E+01,  1.686865E-01,  4.698788E-01,  6.020463E-03,  1.167606E+02,  2.701411E-06,  6.703846E-09,  2.367127E-06,  3.999087E-10,  7.789200E-06
  4.788191E+00, -4.298653E+01,  2.784120E-01,  7.755208E-01,  1.176755E-02,  3.605236E+01,  4.839601E-06,  8.637337E-08,  1.428483E-06,  3.013912E-09,  1.272229E-05, -4.632347E+01,  4.822245E-02,  1.640219E-01,  1.335443E-02,  7.971726E+01,  9.362564E-07,  1.089739E-08,  3.584444E-06,  2.783730E-09,  5.794015E-06, -6.681964E+01,  1.686889E-01,  4.698855E-01,  1.062058E-02,  1.167584E+02,  4.426510E-06,  2.520015E-08,  4.175414E-06,  1.811166E-09,  1.321173E-05, -6.681992E+01,  1.686879E-01,  4.698828E-01,  6.087824E-03,  1.167593E+02,  2.727688E-06,  6.766772E-09,  2.393583E-06,  4.033072E-10,  7.869887E-06
  4.796723E+00, -4.298651E+01,  2.784121E-01,  7.755210E-01,  1.169652E-02,  3.605231E+01,  4.814175E-06,  8.648328E-08,  1.419859E-06,  3.015892E-09,  1.265270E-05, -4.632343E+01,  4.822250E-02,  1.640221E-01,  1.330055E-02,  7.971723E+01,  9.329693E-07,  1.091878E-08,  3.569984E-06,  2.788771E-09,  5.771574E-06, -6.681930E+01,  1.686900E-01,  4.698887E-01,  1.063454E-02,  1.167574E+02,  4.431573E-06,  2.530216E-08,  4.180866E-06,  1.817088E-09,  1.322796E-05, -6.681955E+01,  1.686892E-01,  4.698863E-01,  6.154574E-03,  1.167582E+02,  2.753689E-06,  6.830297E-09,  2.419801E-06,  4.067429E-10,  7.949782E-06
  4.805255E+00, -4.298650E+01,  2.784121E-01,  7.755213E-01,  1.162601E-02,  3.605227E+01,  4.788916E-06,  8.659260E-08,  1.411300E-06,  3.017861E-09,  1.258359E-05, -4.632340E+01,  4.822254E-02,  1.640223E-01,  1.324680E-02,  7.971720E+01,  9.296882E-07,  1.094009E-08,  3.555559E-06,  2.793791E-09,  5.749184E-06, -6.681900E+01,  1.686910E-01,  4.698915E-01,  1.064796E-02,  1.167565E+02,  4.436437E-06,  2.540429E-08,  4.186108E-06,  1.823017E-09,  1.324356E-05, -6.681922E+01,  1.686903E-01,  4.698894E-01,  6.220706E-03,  1.167571E+02,  2.779413E-06,  6.894416E-09,  2.445778E-06,  4.102156E-10,  8.028884E-06
  4.813787E+00, -4.298649E+01,  2.784122E-01,  7.755215E-01,  1.155602E-02,  3.605223E+01,  4.763826E-06,  8.670135E-08,  1.402804E-06,  3.019817E-09,  1.251497E-05, -4.632337E+01,  4.822258E-02,  1.640224E-01,  1.319318E-02,  7.971718E+01,  9.264134E-07,  1.096133E-08,  3.541169E-06,  2.798791E-09,  5.726845E-06, -6.681874E+01,  1.686919E-01,  4.698939E-01,  1.066084E-02,  1.167557E+02,  4.441106E-06,  2.550652E-08,  4.191141E-06,  1.828954E-09,  1.325855E-05, -6.681893E+01,  1.686913E-01,  4.698921E-01,  6.286218E-03,  1.167563E+02,  2.804862E-06,  6.959122E-09,  2.471514E-06,  4.137247E-10,  8.107190E-06
  4.822318E+00, -4.298647E+01,  2.784123E-01,  7.755216E-01,  1.148655E-02,  3.605219E+01,  4.738901E-06,  8.680951E-08,  1.394371E-06,  3.021761E-09,  1.244682E-05, -4.632335E+01,  4.822261E-02,  1.640225E-01,  1.313970E-02,  7.971716E+01,  9.231451E-07,  1.098250E-08,  3.526815E-06,  2.803770E-09,  5.704560E-06, -6.681851E+01,  1.686927E-01,  4.698961E-01,  1.067319E-02,  1.167550E+02,  4.445581E-06,  2.560885E-08,  4.195970E-06,  1.834897E-09,  1.327292E-05, -6.681868E+01,  1.686921E-01,  4.698945E-01,  6.351107E-03,  1.167555E+02,  2.830034E-06,  7.024408E-09,  2.497007E-06,  4.172701E-10,  8.184700E-06
  4.830850E+00, -4.298646E+01,  2.784123E-01,  7.755218E-01,  1.141759E-02,  3.605216E+01,  4.714140E-06,  8.691711E-08,  1.386001E-06,  3.023693E-09,  1.237914E-05, -4.632333E+01,  4.822264E-02,  1.640226E-01,  1.308635E-02,  7.971714E+01,  9.198837E-07,  1.100358E-08,  3.512499E-06,  2.808729E-09,  5.682330E-06, -6.681831E+01,  1.686934E-01,  4.698980E-01,  1.068501E-02,  1.167544E+02,  4.449866E-06,  2.571128E-08,  4.200595E-06,  1.840847E-09,  1.328669E-05, -6.681846E+01,  1.686929E-01,  4.698966E-01,  6.415369E-03,  1.167548E+02,  2.854930E-06,  7.090269E-09,  2.522255E-06,  4.208514E-10,  8.261410E-06
  4.839382E+00, -4.298646E+01,  2.784124E-01,  7.755219E-01,  1.134914E-02,  3.605213E+01,  4.689543E-06,  8.702413E-08,  1.377692E-06,  3.025613E-09,  1.231193E-05, -4.632331E+01,  4.822266E-02,  1.640227E-01,  1.303315E-02,  7.971713E+01,  9.166293E-07,  1.102459E-08,  3.498222E-06,  2.813667E-09,  5.660158E-06, -6.681813E+01,  1.686940E-01,  4.698997E-01,  1.069632E-02,  1.167538E+02,  4.453962E-06,  2.581380E-08,  4.205020E-06,  1.846803E-09,  1.329987E-05, -6.681826E+01,  1.686935E-01,  4.698984E-01,  6.479003E-03,  1.167542E+02,  2.879551E-06,  7.156698E-09,  2.547258E-06,  4.244681E-10,  8.337321E-06
  4.847914E+00, -4.298645E+01,  2.784124E-01,  7.755220E-01,  1.128120E-02,  3.605211E+01,  4.665108E-06,  8.713058E-08,  1.369445E-06,  3.027522E-09,  1.224519E-05, -4.632329E+01,  4.822269E-02,  1.640227E-01,  1.298010E-02,  7.971711E+01,  9.133821E-07,  1.104553E-08,  3.483984E-06,  2.818585E-09,  5.638043E-06, -6.681798E+01,  1.686945E-01,  4.699011E-01,  1.070712E-02,  1.167533E+02,  4.457874E-06,  2.591641E-08,  4.209247E-06,  1.852764E-09,  1.331246E-05, -6.681809E+01,  1.686941E-01,  4.699001E-01,  6.542005E-03,  1.167537E+02,  2.903896E-06,  7.223688E-09,  2.572013E-06,  4.281200E-10,  8.412431E-06
  4.856446E+00, -4.298644E+01,  2.784124E-01,  7.755221E-01,  1.121375E-02,  3.605209E+01,  4.640833E-06,  8.723648E-08,  1.361258E-06,  3.029419E-09,  1.217890E-05, -4.632328E+01,  4.822270E-02,  1.640228E-01,  1.292719E-02,  7.971710E+01,  9.101425E-07,  1.106639E-08,  3.469787E-06,  2.823483E-09,  5.615989E-06, -6.681784E+01,  1.686950E-01,  4.699024E-01,  1.071741E-02,  1.167529E+02,  4.461603E-06,  2.601911E-08,  4.213279E-06,  1.858732E-09,  1.332447E-05, -6.681794E+01,  1.686946E-01,  4.699015E-01,  6.604374E-03,  1.167532E+02,  2.927967E-06,  7.291234E-09,  2.596521E-06,  4.318067E-10,  8.486740E-06
  4.864978E+00, -4.298643E+01,  2.784125E-01,  7.755222E-01,  1.114680E-02,  3.605207E+01,  4.616717E-06,  8.734181E-08,  1.353131E-06,  3.031304E-09,  1.211307E-05, -4.632327E+01,  4.822272E-02,  1.640229E-01,  1.287444E-02,  7.971709E+01,  9.069106E-07,  1.108717E-08,  3.455631E-06,  2.828361E-09,  5.593996E-06, -6.681772E+01,  1.686954E-01,  4.699035E-01,  1.072721E-02,  1.167525E+02,  4.465151E-06,  2.612188E-08,  4.217117E-06,  1.864705E-09,  1.333591E-05, -6.681781E+01,  1.686951E-01,  4.699027E-01,  6.666108E-03,  1.167528E+02,  2.951763E-06,  7.359328E-09,  2.620780E-06,  4.355279E-10,  8.560248E-06
  4.877776E+00, -4.298643E+01,  2.784125E-01,  7.755223E-01,  1.104746E-02,  3.605205E+01,  4.580900E-06,  8.749857E-08,  1.341073E-06,  3.034107E-09,  1.201534E-05, -4.632325E+01,  4.822274E-02,  1.640229E-01,  1.279567E-02,  7.971708E+01,  9.020812E-07,  1.111819E-08,  3.434492E-06,  2.835632E-09,  5.561149E-06, -6.681757E+01,  1.686959E-01,  4.699049E-01,  1.074082E-02,  1.167521E+02,  4.470078E-06,  2.627621E-08,  4.222448E-06,  1.873675E-09,  1.335182E-05, -6.681764E+01,  1.686956E-01,  4.699043E-01,  6.757260E-03,  1.167523E+02,  2.986848E-06,  7.462683E-09,  2.656601E-06,  4.411859E-10,  8.668705E-06
  4.890574E+00, -4.298642E+01,  2.784125E-01,  7.755224E-01,  1.094920E-02,  3.605203E+01,  4.545433E-06,  8.765409E-08,  1.329147E-06,  3.036883E-09,  1.191861E-05, -4.632324E+01,  4.822276E-02,  1.640230E-01,  1.271727E-02,  7.971707E+01,  8.972705E-07,  1.114903E-08,  3.413451E-06,  2.842858E-09,  5.528448E-06, -6.681745E+01,  1.686963E-01,  4.699061E-01,  1.075335E-02,  1.167517E+02,  4.474616E-06,  2.643070E-08,  4.227361E-06,  1.882656E-09,  1.336650E-05, -6.681751E+01,  1.686961E-01,  4.699055E-01,  6.846976E-03,  1.167519E+02,  3.021319E-06,  7.567230E-09,  2.691859E-06,  4.469191E-10,  8.775361E-06
  4.903372E+00, -4.298642E+01,  2.784126E-01,  7.755225E-01,  1.085201E-02,  3.605202E+01,  4.510312E-06,  8.780840E-08,  1.317351E-06,  3.039635E-09,  1.182287E-05, -4.632323E+01,  4.822277E-02,  1.640230E-01,  1.263924E-02,  7.971706E+01,  8.924788E-07,  1.117970E-08,  3.392511E-06,  2.850040E-09,  5.495896E-06, -6.681734E+01,  1.686966E-01,  4.699071E-01,  1.076484E-02,  1.167514E+02,  4.478774E-06,  2.658532E-08,  4.231864E-06,  1.891646E-09,  1.337997E-05, -6.681739E+01,  1.686965E-01,  4.699066E-01,  6.935250E-03,  1.167515E+02,  3.055179E-06,  7.672949E-09,  2.726551E-06,  4.527261E-10,  8.880217E-06
  4.916170E+00, -4.298641E+01,  2.784126E-01,  7.755225E-01,  1.075588E-02,  3.605200E+01,  4.475532E-06,  8.796149E-08,  1.305683E-06,  3.042361E-09,  1.172810E-05, -4.632322E+01,  4.822279E-02,  1.640231E-01,  1.256159E-02,  7.971705E+01,  8.877067E-07,  1.121021E-08,  3.371673E-06,  2.857177E-09,  5.463498E-06, -6.681726E+01,  1.686969E-01,  4.699079E-01,  1.077530E-02,  1.167511E+02,  4.482559E-06,  2.674007E-08,  4.235965E-06,  1.900645E-09,  1.339225E-05, -6.681730E+01,  1.686968E-01,  4.699075E-01,  7.022082E-03,  1.167513E+02,  3.088431E-06,  7.779817E-09,  2.760678E-06,  4.586058E-10,  8.983275E-06
  4.928968E+00, -4.298641E+01,  2.784126E-01,  7.755226E-01,  1.066079E-02,  3.605199E+01,  4.441089E-06,  8.811339E-08,  1.294141E-06,  3.045063E-09,  1.163430E-05, -4.632321E+01,  4.822280E-02,  1.640231E-01,  1.248433E-02,  7.971704E+01,  8.829548E-07,  1.124056E-08,  3.350939E-06,  2.864269E-09,  5.431255E-06, -6.681719E+01,  1.686972E-01,  4.699085E-01,  1.078475E-02,  1.167509E+02,  4.485980E-06,  2.689494E-08,  4.239673E-06,  1.909651E-09,  1.340339E-05, -6.681722E+01,  1.686970E-01,  4.699082E-01,  7.107469E-03,  1.167510E+02,  3.121078E-06,  7.887815E-09,  2.794238E-06,  4.645569E-10,  9.084539E-06
  4.941766E+00, -4.298640E+01,  2.784126E-01,  7.755226E-01,  1.056673E-02,  3.605198E+01,  4.406980E-06,  8.826410E-08,  1.282725E-06,  3.047741E-09,  1.154145E-05, -4.632320E+01,  4.822280E-02,  1.640231E-01,  1.240746E-02,  7.971704E+01,  8.782233E-07,  1.127074E-08,  3.330312E-06,  2.871318E-09,  5.399171E-06, -6.681713E+01,  1.686974E-01,  4.699091E-01,  1.079322E-02,  1.167507E+02,  4.489044E-06,  2.704991E-08,  4.242994E-06,  1.918665E-09,  1.341339E-05, -6.681716E+01,  1.686973E-01,  4.699088E-01,  7.191411E-03,  1.167508E+02,  3.153123E-06,  7.996921E-09,  2.827230E-06,  4.705784E-10,  9.184014E-06
  4.954564E+00, -4.298640E+01,  2.784126E-01,  7.755226E-01,  1.047369E-02,  3.605198E+01,  4.373201E-06,  8.841364E-08,  1.271432E-06,  3.050394E-09,  1.144954E-05, -4.632320E+01,  4.822281E-02,  1.640232E-01,  1.233100E-02,  7.971703E+01,  8.735128E-07,  1.130075E-08,  3.309792E-06,  2.878322E-09,  5.367248E-06, -6.681708E+01,  1.686975E-01,  4.699095E-01,  1.080072E-02,  1.167506E+02,  4.491759E-06,  2.720497E-08,  4.245938E-06,  1.927684E-09,  1.342227E-05, -6.681710E+01,  1.686974E-01,  4.699093E-01,  7.273908E-03,  1.167507E+02,  3.184569E-06,  8.107114E-09,  2.859656E-06,  4.766688E-10,  9.281705E-06
  4.967362E+00, -4.298640E+01,  2.784126E-01,  7.755227E-01,  1.038165E-02,  3.605197E+01,  4.339748E-06,  8.856201E-08,  1.260261E-06,  3.053024E-09,  1.135856E-05, -4.632319E+01,  4.822282E-02,  1.640232E-01,  1.225494E-02,  7.971703E+01,  8.688235E-07,  1.133061E-08,  3.289381E-06,  2.885283E-09,  5.335488E-06, -6.681704E+01,  1.686977E-01,  4.699099E-01,  1.080728E-02,  1.167505E+02,  4.494132E-06,  2.736011E-08,  4.248512E-06,  1.936709E-09,  1.343008E-05, -6.681706E+01,  1.686976E-01,  4.699097E-01,  7.354961E-03,  1.167505E+02,  3.215419E-06,  8.218374E-09,  2.891514E-06,  4.828271E-10,  9.377619E-06
  4.980160E+00, -4.298640E+01,  2.784126E-01,  7.755227E-01,  1.029061E-02,  3.605196E+01,  4.306617E-06,  8.870923E-08,  1.249210E-06,  3.055630E-09,  1.126850E-05, -4.632319E+01,  4.822282E-02,  1.640232E-01,  1.217930E-02,  7.971703E+01,  8.641558E-07,  1.136030E-08,  3.269080E-06,  2.892200E-09,  5.303894E-06, -6.681701E+01,  1.686978E-01,  4.699102E-01,  1.081291E-02,  1.167504E+02,  4.496170E-06,  2.751532E-08,  4.250722E-06,  1.945739E-09,  1.343682E-05, -6.681702E+01,  1.686977E-01,  4.699101E-01,  7.434573E-03,  1.167504E+02,  3.245678E-06,  8.330681E-09,  2.922806E-06,  4.890521E-10,  9.471761E-06
  4.992958E+00, -4.298640E+01,  2.784127E-01,  7.755227E-01,  1.020054E-02,  3.605196E+01,  4.273804E-06,  8.885532E-08,  1.238278E-06,  3.058212E-09,  1.117934E-05, -4.632319E+01,  4.822282E-02,  1.640232E-01,  1.210407E-02,  7.971702E+01,  8.595100E-07,  1.138982E-08,  3.248891E-06,  2.899075E-09,  5.272467E-06, -6.681698E+01,  1.686979E-01,  4.699105E-01,  1.081764E-02,  1.167503E+02,  4.497881E-06,  2.767058E-08,  4.252578E-06,  1.954772E-09,  1.344252E-05, -6.681699E+01,  1.686978E-01,  4.699103E-01,  7.512745E-03,  1.167503E+02,  3.275348E-06,  8.444013E-09,  2.953532E-06,  4.953424E-10,  9.564141E-06
  5.000000E+00, -4.298640E+01,  2.784127E-01,  7.755227E-01,  1.015127E-02,  3.605196E+01,  4.255842E-06,  8.893536E-08,  1.232298E-06,  3.059626E-09,  1.113055E-05, -4.632319E+01,  4.822283E-02,  1.640232E-01,  1.206280E-02,  7.971702E+01,  8.569599E-07,  1.140602E-08,  3.237816E-06,  2.902844E-09,  5.255225E-06, -6.681697E+01,  1.686979E-01,  4.699106E-01,  1.081997E-02,  1.167502E+02,  4.498724E-06,  2.775603E-08,  4.253493E-06,  1.959743E-09,  1.344534E-05, -6.681698E+01,  1.686979E-01,  4.699105E-01,  7.555332E-03,  1.167503E+02,  3.291495E-06,  8.506683E-09,  2.970271E-06,  4.988234E-10,  9.614441E-06
