time(d),htop(cm),hbot(cm),ctop(mg/L),cbot(mg/L), water_input(cm),ET(cm),water_drainage(cm),water_tot(cm),water_MB_error(%),pfas_in(mg),pfas_decay(mg),pfas_discharge(mg),pfas_tot(mg),pfas_MB_error(%)
 1.0000000E-08,-2.9999850E+02,-3.0000000E+02, 3.4642290E-09, 4.1407000E-28, 1.0000000E-08, 2.0998493E-18, 2.2749603E-14, 5.8944146E-01, 0.0000000E+00, 1.0000000E-11, 0.0000000E+00, 9.4199280E-45, 1.0000000E-11, 1.2145750E-10
 2.0000000E-08,-2.9999701E+02,-3.0000000E+02, 7.5182726E-09, 4.1407000E-28, 2.0000000E-08,-1.9962333E-18, 4.5499206E-14, 5.8944147E-01,-1.8835170E-14, 2.0000000E-11, 0.0000000E+00, 1.8839856E-44, 2.0000000E-11, 3.7803010E-09
 3.5000000E-08,-2.9999476E+02,-3.0000000E+02, 1.4035835E-08, 4.1407000E-28, 3.5000000E-08, 4.6488708E-19, 7.9623610E-14, 5.8944148E-01, 0.0000000E+00, 3.5000000E-11, 0.0000000E+00, 3.2969748E-44, 3.5000000E-11, 2.8602241E-09
 5.7500000E-08,-2.9999139E+02,-3.0000000E+02, 2.4395456E-08, 4.1407000E-28, 5.7500000E-08, 8.1697320E-20, 1.3081022E-13, 5.8944151E-01,-1.8835169E-14, 5.7500000E-11, 0.0000000E+00, 5.4164586E-44, 5.7500000E-11, 1.9981775E-09
 9.1250000E-08,-2.9998634E+02,-3.0000000E+02, 4.0761719E-08, 4.1407000E-28, 9.1250000E-08, 5.0233669E-18, 2.0759013E-13, 5.8944154E-01, 0.0000000E+00, 9.1250000E-11, 0.0000000E+00, 8.5956843E-44, 9.1250000E-11, 1.3924584E-09
 1.4187500E-07,-2.9997877E+02,-3.0000000E+02, 6.6520137E-08, 4.1407000E-28, 1.4187500E-07, 4.6944468E-18, 3.2275999E-13, 5.8944159E-01,-1.8835166E-14, 1.4187500E-10, 0.0000000E+00, 1.3364523E-43, 1.4187500E-10, 9.7965598E-10
 2.1781250E-07,-2.9996740E+02,-3.0000000E+02, 1.0695707E-07, 4.1407000E-28, 2.1781250E-07, 6.0437968E-18, 4.9551479E-13, 5.8944167E-01, 0.0000000E+00, 2.1781250E-10, 0.0000000E+00, 2.0517781E-43, 2.1781250E-10, 6.9781759E-10
 3.3171875E-07,-2.9995036E+02,-3.0000000E+02, 1.7031796E-07, 4.1407000E-28, 3.3171875E-07, 8.1548147E-18, 7.5464698E-13, 5.8944178E-01, 0.0000000E+00, 3.3171875E-10, 0.0000000E+00, 3.1247667E-43, 3.3171875E-10, 5.0374721E-10
 5.0257813E-07,-2.9992481E+02,-3.0000000E+02, 2.6945180E-07, 4.1407000E-28, 5.0257813E-07, 6.2689223E-18, 1.1433522E-12, 5.8944195E-01, 0.0000000E+00, 5.0257813E-10, 0.0000000E+00, 4.7342785E-43, 5.0257812E-10, 3.6883177E-10
 7.5886719E-07,-2.9988650E+02,-3.0000000E+02, 4.2436385E-07, 4.1407000E-28, 7.5886719E-07, 6.3161444E-18, 1.7263996E-12, 5.8944221E-01, 0.0000000E+00, 7.5886719E-10, 0.0000000E+00, 7.1485030E-43, 7.5886719E-10, 2.7414677E-10
 1.1433008E-06,-2.9982906E+02,-3.0000000E+02, 6.6617456E-07, 4.1407000E-28, 1.1433008E-06, 3.8727719E-18, 2.6009708E-12, 5.8944259E-01, 0.0000000E+00, 1.1433008E-09, 0.0000000E+00, 1.0769840E-42, 1.1433008E-09, 1.8229476E-10
 1.7199512E-06,-2.9974299E+02,-3.0000000E+02, 1.0432538E-06, 4.1407000E-28, 1.7199512E-06, 3.5325823E-18, 3.9128275E-12, 5.8944317E-01,-1.8835116E-14, 1.7199512E-09, 0.0000000E+00, 1.6201845E-42, 1.7199512E-09, 1.2117655E-10
 2.5849268E-06,-2.9961408E+02,-3.0000000E+02, 1.6307174E-06, 4.1407000E-28, 2.5849268E-06, 4.3147114E-18, 5.8806126E-12, 5.8944403E-01, 0.0000000E+00, 2.5849268E-09, 0.0000000E+00, 2.4349853E-42, 2.5849268E-09, 8.0628105E-11
 3.8823901E-06,-2.9942111E+02,-3.0000000E+02, 2.5451166E-06, 4.1407000E-28, 3.8823901E-06, 6.5542665E-18, 8.8322903E-12, 5.8944533E-01, 0.0000000E+00, 3.8823901E-09, 0.0000000E+00, 3.6571864E-42, 3.8823901E-09, 5.3691667E-11
 5.8285852E-06,-2.9913260E+02,-3.0000000E+02, 3.9671416E-06, 4.1407000E-28, 5.8285852E-06, 9.3880152E-18, 1.3259807E-11, 5.8944728E-01,-1.8834984E-14, 5.8285852E-09, 0.0000000E+00, 5.4904882E-42, 5.8285852E-09, 3.5751986E-11
 8.7478778E-06,-2.9870190E+02,-3.0000000E+02, 6.1766822E-06, 4.1407000E-28, 8.7478778E-06, 1.5737128E-18, 1.9901081E-11, 5.8945020E-01,-1.8834891E-14, 8.7478778E-09, 0.0000000E+00, 8.2404408E-42, 8.7478778E-09, 2.3852357E-11
 1.3126817E-05,-2.9806047E+02,-3.0000000E+02, 9.6069371E-06, 4.1407000E-28, 1.3126817E-05, 4.4731065E-18, 2.9862994E-11, 5.8945457E-01,-1.8834751E-14, 1.3126817E-08, 0.0000000E+00, 1.2365370E-41, 1.3126817E-08, 1.5885077E-11
 1.9695225E-05,-2.9710856E+02,-3.0000000E+02, 1.4927867E-05, 4.1407000E-28, 1.9695225E-05, 9.1029886E-18, 4.4805862E-11, 5.8946114E-01, 0.0000000E+00, 1.9695225E-08, 0.0000000E+00, 1.8552763E-41, 1.9695225E-08, 1.0573451E-11
 2.9547838E-05,-2.9570317E+02,-3.0000000E+02, 2.3174850E-05, 4.1407000E-28, 2.9547838E-05, 7.4851557E-18, 6.7220157E-11, 5.8947100E-01,-1.8834227E-14, 2.9547838E-08, 0.0000000E+00, 2.7833850E-41, 2.9547838E-08, 7.0477743E-12
 4.4326756E-05,-2.9364394E+02,-3.0000000E+02, 3.5946984E-05, 4.1407000E-28, 4.4326756E-05, 7.2124111E-18, 1.0084161E-10, 5.8948577E-01, 0.0000000E+00, 4.4326756E-08, 0.0000000E+00, 4.1755485E-41, 4.4326756E-08, 4.6979862E-12
 6.6495135E-05,-2.9065952E+02,-3.0000000E+02, 5.5712801E-05, 4.1407000E-28, 6.6495135E-05, 1.4317323E-17, 1.5127379E-10, 5.8950794E-01,-1.8833046E-14, 6.6495135E-08, 0.0000000E+00, 6.2637938E-41, 6.6495135E-08, 3.1152724E-12
 9.9747702E-05,-2.8640096E+02,-3.0000000E+02, 8.6281913E-05, 4.1407000E-28, 9.9747702E-05, 1.4662913E-17, 2.2692206E-10, 5.8954120E-01,-1.8831984E-14, 9.9747702E-08, 0.0000000E+00, 9.3961617E-41, 9.9747702E-08, 2.0657561E-12
 1.4962655E-04,-2.8045387E+02,-3.0000000E+02, 1.3353386E-04, 4.1407000E-28, 1.4962655E-04, 1.3680355E-17, 3.4039446E-10, 5.8959107E-01,-5.6491172E-14, 1.4962655E-07, 0.0000000E+00, 1.4094714E-40, 1.4962655E-07, 1.3917750E-12
 2.2444483E-04,-2.7238537E+02,-3.0000000E+02, 2.0654769E-04, 4.1407000E-28, 2.2444483E-04, 1.3260226E-17, 5.1060308E-10, 5.8966589E-01,-5.6484004E-14, 2.2444483E-07, 0.0000000E+00, 2.1142542E-40, 2.2444483E-07, 8.7899619E-13
 3.3667224E-04,-2.6183752E+02,-3.0000000E+02, 3.1936119E-04, 4.1407000E-28, 3.3667224E-04, 9.6959117E-18, 7.6591599E-10, 5.8977812E-01,-5.6473256E-14, 3.3667224E-07, 0.0000000E+00, 3.1714283E-40, 3.3667224E-07, 5.9901073E-13
 5.0501337E-04,-2.4865681E+02,-3.0000000E+02, 4.9373217E-04, 4.1407000E-28, 5.0501337E-04, 1.0671694E-17, 1.1488854E-09, 5.8994646E-01,-3.7638094E-14, 5.0501337E-07, 0.0000000E+00, 4.7571896E-40, 5.0501337E-07, 3.8197407E-13
 7.5752505E-04,-2.3301257E+02,-3.0000000E+02, 7.6352390E-04, 4.1407000E-28, 7.5752505E-04, 8.7743399E-18, 1.7233394E-09, 5.9019897E-01,-3.7621991E-14, 7.5752505E-07, 0.0000000E+00, 7.1358315E-40, 7.5752505E-07, 2.6622260E-13
 1.1362926E-03,-2.1543870E+02,-3.0000000E+02, 1.1817882E-03, 4.1407000E-28, 1.1362926E-03, 4.1122705E-18, 2.5850205E-09, 5.9057774E-01,-3.7597862E-14, 1.1362926E-06, 0.0000000E+00, 1.0703794E-39, 1.1362926E-06, 1.6976439E-13
 1.7044439E-03,-1.9677549E+02,-3.0000000E+02, 1.8324363E-03, 4.1407000E-28, 1.7044439E-03, 3.4617492E-18, 3.8775421E-09, 5.9114589E-01,-3.7561727E-14, 1.7044439E-06, 0.0000000E+00, 1.6055738E-39, 1.7044439E-06, 1.4404209E-13
 2.5566708E-03,-1.7808031E+02,-3.0000000E+02, 2.8447628E-03, 4.1407000E-28, 2.5566708E-03, 1.4017651E-18, 5.8163245E-09, 5.9199811E-01,-1.8753827E-14, 2.5566708E-06, 0.0000000E+00, 2.4083655E-39, 2.5566708E-06, 6.8591336E-14
 3.8350112E-03,-1.6056031E+02,-3.0000000E+02, 4.4100849E-03, 4.1407000E-28, 3.8350112E-03,-1.2003201E-18, 8.7244981E-09, 5.9327645E-01,-5.6140253E-14, 3.8350112E-06, 0.0000000E+00, 3.6125529E-39, 3.8350112E-06, 5.4872998E-14
 5.7525218E-03,-1.4522628E+02,-3.0000000E+02, 6.8426987E-03, 4.1407000E-28, 5.7525218E-03, 3.1756291E-19, 1.3086759E-08, 5.9519396E-01,-5.5959389E-14, 5.7525218E-06, 0.0000000E+00, 5.4188341E-39, 5.7525218E-06, 1.2193989E-13
 7.6700324E-03,-1.3569511E+02,-3.0000000E+02, 9.3295856E-03, 4.1407000E-28, 7.6700324E-03,-2.9350436E-18, 1.7449019E-08, 5.9711146E-01,-3.7186457E-14, 7.6700324E-06, 0.0000000E+00, 7.2251153E-39, 7.6700324E-06, 2.7436463E-13
 9.5875430E-03,-1.2909698E+02,-3.0000000E+02, 1.1858458E-02, 4.1407000E-28, 9.5875430E-03,-2.2845223E-18, 2.1811279E-08, 5.9902897E-01,-3.7067422E-14, 9.5875430E-06, 0.0000000E+00, 9.0313965E-39, 9.5875430E-06, 3.8045219E-13
 1.1505054E-02,-1.2420474E+02,-3.0000000E+02, 1.4407462E-02, 4.1407000E-28, 1.1505054E-02, 1.6186055E-18, 2.6173540E-08, 6.0094648E-01,-3.6949147E-14, 1.1505054E-05, 0.0000000E+00, 1.0837678E-38, 1.1505054E-05, 4.6337117E-13
 1.3422564E-02,-1.2040942E+02,-3.0000000E+02, 1.6965748E-02, 4.1407000E-28, 1.3422564E-02, 5.7385738E-18, 3.0535800E-08, 6.0286398E-01, 0.0000000E+00, 1.3422564E-05, 0.0000000E+00, 1.2643959E-38, 1.3422564E-05, 5.6440692E-13
 1.5340075E-02,-1.1737047E+02,-3.0000000E+02, 1.9529589E-02, 4.1407000E-28, 1.5340075E-02,-7.6663926E-19, 3.4898061E-08, 6.0478149E-01,-3.6714846E-14, 1.5340075E-05, 0.0000000E+00, 1.4450240E-38, 1.5340075E-05, 6.7676565E-13
 1.7257585E-02,-1.1487727E+02,-3.0000000E+02, 2.2092138E-02, 4.1407000E-28, 1.7257585E-02,-1.4171606E-18, 3.9260321E-08, 6.0669899E-01,-3.6598806E-14, 1.7257585E-05, 0.0000000E+00, 1.6256521E-38, 1.7257585E-05, 8.6170755E-13
 1.9175096E-02,-1.1278970E+02,-3.0000000E+02, 2.4640077E-02, 4.1407000E-28, 1.9175096E-02,-7.0550119E-18, 4.3622582E-08, 6.0861650E-01,-3.6483498E-14, 1.9175096E-05, 0.0000000E+00, 1.8062802E-38, 1.9175096E-05, 9.6576274E-13
 2.1092607E-02,-1.1101032E+02,-3.0000000E+02, 2.7178139E-02, 4.1407000E-28, 2.1092607E-02,-4.8866075E-18, 4.7984842E-08, 6.1053401E-01,-1.8184457E-14, 2.1092607E-05, 0.0000000E+00, 1.9869084E-38, 2.1092607E-05, 1.1573189E-12
 2.3010117E-02,-1.0946971E+02,-3.0000000E+02, 2.9703994E-02, 4.1407000E-28, 2.3010117E-02,-8.5728949E-18, 5.2347102E-08, 6.1245151E-01,-3.6255047E-14, 2.3010117E-05, 0.0000000E+00, 2.1675365E-38, 2.3010117E-05, 1.3779189E-12
 2.4927628E-02,-1.0811775E+02,-3.0000000E+02, 3.2215903E-02, 4.1407000E-28, 2.4927628E-02,-1.1608661E-17, 5.6709363E-08, 6.1436902E-01,-3.6141892E-14, 2.4927628E-05, 0.0000000E+00, 2.3481646E-38, 2.4927628E-05, 1.6096044E-12
 2.6845138E-02,-1.0691782E+02,-3.0000000E+02, 3.4712500E-02, 4.1407000E-28, 2.6845138E-02,-1.5728629E-17, 6.1071623E-08, 6.1628652E-01,-3.6029440E-14, 2.6845138E-05, 0.0000000E+00, 2.5287927E-38, 2.6845138E-05, 1.8395478E-12
 2.8762649E-02,-1.0584269E+02,-3.0000000E+02, 3.7188442E-02, 4.1407000E-28, 2.8762649E-02,-3.4593747E-17, 6.5433884E-08, 6.1820403E-01,-3.5917686E-14, 2.8762649E-05, 0.0000000E+00, 2.7094208E-38, 2.8762649E-05, 2.0876080E-12
 3.0680159E-02,-1.0487162E+02,-3.0000000E+02, 3.9643571E-02, 4.1407000E-28, 3.0680159E-02,-6.0831440E-17, 6.9796144E-08, 6.2012154E-01,-1.7903311E-14, 3.0680159E-05, 0.0000000E+00, 2.8900489E-38, 3.0680159E-05, 2.3778245E-12
 3.2597670E-02,-1.0398842E+02,-3.0000000E+02, 4.2080224E-02, 4.1407000E-28, 3.2597670E-02,-6.6902972E-17, 7.4158405E-08, 6.2203904E-01,-1.7848122E-14, 3.2597670E-05, 0.0000000E+00, 3.0706771E-38, 3.2597670E-05, 2.6683279E-12
 3.4515181E-02,-1.0318013E+02,-3.0000000E+02, 4.4497899E-02, 4.1407000E-28, 3.4515181E-02,-7.2974504E-17, 7.8520665E-08, 6.2395655E-01,-1.7793272E-14, 3.4515181E-05, 0.0000000E+00, 3.2513052E-38, 3.4515181E-05, 3.0078462E-12
 3.6432691E-02,-1.0243620E+02,-3.0000000E+02, 4.6896248E-02, 4.1407000E-28, 3.6432691E-02,-7.1890302E-17, 8.2882925E-08, 6.2587406E-01,-1.7738759E-14, 3.6432691E-05, 0.0000000E+00, 3.4319333E-38, 3.6432691E-05, 3.3116258E-12
 3.8350202E-02,-1.0174797E+02,-3.0000000E+02, 4.9275046E-02, 4.1407000E-28, 3.8350202E-02,-6.8637695E-17, 8.7245186E-08, 6.2779156E-01,-1.7684578E-14, 3.8350202E-05, 0.0000000E+00, 3.6125614E-38, 3.8350202E-05, 3.6874568E-12
 4.0267712E-02,-1.0110829E+02,-3.0000000E+02, 5.1634160E-02, 4.1407000E-28, 4.0267712E-02,-6.7553493E-17, 9.1607446E-08, 6.2970907E-01,-3.5261454E-14, 4.0267712E-05, 0.0000000E+00, 3.7931895E-38, 4.0267712E-05, 4.0832382E-12
 4.2185223E-02,-1.0051129E+02,-3.0000000E+02, 5.3973511E-02, 4.1407000E-28, 4.2185223E-02,-8.2732324E-17, 9.5969707E-08, 6.3162657E-01,-1.7577203E-14, 4.2185223E-05, 0.0000000E+00, 3.9738176E-38, 4.2185223E-05, 4.4829470E-12
 4.4102734E-02,-9.9952057E+01,-3.0000000E+02, 5.6293061E-02, 4.1407000E-28, 4.4102734E-02,-8.5117568E-17, 1.0033197E-07, 6.3354408E-01,-1.7524003E-14, 4.4102734E-05, 0.0000000E+00, 4.1544458E-38, 4.4102734E-05, 4.8987951E-12
 4.6020244E-02,-9.9426523E+01,-3.0000000E+02, 5.8588220E-02, 4.1407000E-28, 4.6020244E-02,-1.0940370E-16, 1.0469423E-07, 6.3546159E-01,-1.7471124E-14, 4.6020244E-05, 0.0000000E+00, 4.3350739E-38, 4.6020244E-05, 5.3409590E-12
 4.7937755E-02,-9.8931232E+01,-3.0000000E+02, 6.0862154E-02, 4.1407000E-28, 4.7937755E-02,-1.1265630E-16, 1.0905649E-07, 6.3737909E-01,-3.4837127E-14, 4.7937755E-05, 0.0000000E+00, 4.5157020E-38, 4.7937755E-05, 5.8062809E-12
 4.9855265E-02,-9.8463224E+01,-3.0000000E+02, 6.3116178E-02, 4.1407000E-28, 4.9855265E-02,-1.2501621E-16, 1.1341875E-07, 6.3929660E-01,-1.7366318E-14, 4.9855265E-05, 0.0000000E+00, 4.6963301E-38, 4.9855265E-05, 6.2920886E-12
 5.1772776E-02,-9.8019921E+01,-3.0000000E+02, 6.5350398E-02, 4.1407000E-28, 5.1772776E-02,-1.2978670E-16, 1.1778101E-07, 6.4121411E-01,-1.7314385E-14, 5.1772776E-05, 0.0000000E+00, 4.8769582E-38, 5.1772776E-05, 6.8286232E-12
 5.3690287E-02,-9.7599064E+01,-3.0000000E+02, 6.7564948E-02, 4.1407000E-28, 5.3690287E-02,-1.3867716E-16, 1.2214327E-07, 6.4313161E-01,-1.7262762E-14, 5.3690287E-05, 0.0000000E+00, 5.0575863E-38, 5.3690287E-05, 7.3581899E-12
 5.5607797E-02,-9.7198657E+01,-3.0000000E+02, 6.9759993E-02, 4.1407000E-28, 5.5607797E-02,-1.5927700E-16, 1.2650553E-07, 6.4504912E-01,-3.4422892E-14, 5.5607797E-05, 0.0000000E+00, 5.2382145E-38, 5.5607797E-05, 7.8916009E-12
 5.7525308E-02,-9.6816940E+01,-3.0000000E+02, 7.1935719E-02, 4.1407000E-28, 5.7525308E-02,-1.6838430E-16, 1.3086779E-07, 6.4696662E-01,-3.4320868E-14, 5.7525308E-05, 0.0000000E+00, 5.4188426E-38, 5.7525308E-05, 8.4870030E-12
 5.9442818E-02,-9.6452362E+01,-3.0000000E+02, 7.4092325E-02, 4.1407000E-28, 5.9442818E-02,-1.9505567E-16, 1.3523005E-07, 6.4888413E-01,-1.7109723E-14, 5.9442818E-05, 0.0000000E+00, 5.5994707E-38, 5.9442818E-05, 9.0817540E-12
 6.1360329E-02,-9.6103558E+01,-3.0000000E+02, 7.6230015E-02, 4.1407000E-28, 6.1360329E-02,-1.8573153E-16, 1.3959231E-07, 6.5080164E-01,-1.7059312E-14, 6.1360329E-05, 0.0000000E+00, 5.7800988E-38, 6.1360329E-05, 9.7307878E-12
 6.3277840E-02,-9.5769324E+01,-3.0000000E+02, 7.8349001E-02, 4.1407000E-28, 6.3277840E-02,-1.8312944E-16, 1.4395457E-07, 6.5271914E-01,-1.7009196E-14, 6.3277840E-05, 0.0000000E+00, 5.9607269E-38, 6.3277840E-05, 1.0375960E-11
 6.5195350E-02,-9.5448591E+01,-3.0000000E+02, 8.0449494E-02, 4.1407000E-28, 6.5195350E-02,-2.0633137E-16, 1.4831683E-07, 6.5463665E-01,-1.6959374E-14, 6.5195350E-05, 0.0000000E+00, 6.1413551E-38, 6.5195350E-05, 1.1017610E-11
 6.7112861E-02,-9.5140403E+01,-3.0000000E+02, 8.2531712E-02, 4.1407000E-28, 6.7112861E-02,-2.0763241E-16, 1.5267909E-07, 6.5655416E-01,-1.6909843E-14, 6.7112861E-05, 0.0000000E+00, 6.3219832E-38, 6.7112861E-05, 1.1756380E-11
 6.9030371E-02,-9.4843893E+01,-3.0000000E+02, 8.4595873E-02, 4.1407000E-28, 6.9030371E-02,-1.9527251E-16, 1.5704135E-07, 6.5847166E-01,-1.6860600E-14, 6.9030371E-05, 0.0000000E+00, 6.5026113E-38, 6.9030371E-05, 1.2454107E-11
 7.1906637E-02,-9.4422127E+01,-3.0000000E+02, 8.7648863E-02, 4.1407000E-28, 7.1906637E-02,-1.9657355E-16, 1.6358474E-07, 6.6134792E-01,-1.6787272E-14, 7.1906637E-05, 0.0000000E+00, 6.7735535E-38, 7.1906637E-05, 1.3032914E-11
 7.4782903E-02,-9.4021944E+01,-3.0000000E+02, 9.0657281E-02, 4.1407000E-28, 7.4782903E-02,-2.1825760E-16, 1.7012813E-07, 6.6422418E-01,-3.3429158E-14, 7.4782903E-05, 0.0000000E+00, 7.0444956E-38, 7.4782903E-05, 1.4542715E-11
 7.7659169E-02,-9.3640943E+01,-3.0000000E+02, 9.3627990E-02, 4.1407000E-28, 7.7659169E-02,-2.1522183E-16, 1.7667152E-07, 6.6710044E-01,-6.6570049E-14, 7.7659169E-05, 0.0000000E+00, 7.3154378E-38, 7.7659169E-05, 1.6114105E-11
 8.0535435E-02,-9.3276862E+01,-3.0000000E+02, 9.6562204E-02, 4.1407000E-28, 8.0535435E-02,-2.1739023E-16, 1.8321492E-07, 6.6997670E-01,-1.6571065E-14, 8.0535435E-05, 0.0000000E+00, 7.5863800E-38, 8.0535435E-05, 1.7740483E-11
 8.3411701E-02,-9.2927521E+01,-3.0000000E+02, 9.9461283E-02, 4.1407000E-28, 8.3411701E-02,-2.0568085E-16, 1.8975831E-07, 6.7285296E-01, 0.0000000E+00, 8.3411701E-05, 0.0000000E+00, 7.8573222E-38, 8.3411701E-05, 1.9375796E-11
 8.6287967E-02,-9.2590758E+01,-3.0000000E+02, 1.0232676E-01, 4.1407000E-28, 8.6287967E-02,-2.1392079E-16, 1.9630170E-07, 6.7572922E-01,-3.2859988E-14, 8.6287967E-05, 0.0000000E+00, 8.1282643E-38, 8.6287967E-05, 2.1071179E-11
 9.0602365E-02,-9.2106132E+01,-3.0000000E+02, 1.0655131E-01, 4.1407000E-28, 9.0602365E-02,-2.0871662E-16, 2.0611678E-07, 6.8004361E-01,-3.2651515E-14, 9.0602365E-05, 0.0000000E+00, 8.5346776E-38, 9.0602365E-05, 2.2483356E-11
 9.4916764E-02,-9.1635818E+01,-3.0000000E+02, 1.1071307E-01, 4.1407000E-28, 9.4916764E-02,-2.2606385E-16, 2.1593187E-07, 6.8435800E-01,-1.6222835E-14, 9.4916764E-05, 0.0000000E+00, 8.9410909E-38, 9.4916764E-05, 2.5954678E-11
 9.9231163E-02,-9.1171990E+01,-3.0000000E+02, 1.1482003E-01, 4.1407000E-28, 9.9231163E-02,-2.0784925E-16, 2.2574695E-07, 6.8867239E-01,-1.6121202E-14, 9.9231163E-05, 0.0000000E+00, 9.3475041E-38, 9.9231163E-05, 2.9508698E-11
 1.0000000E-01,-9.1089981E+01,-3.0000000E+02, 1.1433061E-01, 4.1407000E-28, 1.0000000E-01,-2.0383771E-16, 2.2749603E-07, 6.8944122E-01,-3.2206449E-14, 9.9231163E-05, 0.0000000E+00, 9.4199280E-38, 9.9231163E-05, 3.4598354E-11
 1.0115326E-01,-9.0966887E+01,-3.0000000E+02, 1.1360657E-01, 4.1407000E-28, 1.0115326E-01,-1.9299568E-16, 2.3011964E-07, 6.9059447E-01, 0.0000000E+00, 9.9231163E-05, 0.0000000E+00, 9.5285638E-38, 9.9231163E-05, 3.4292975E-11
 1.0288314E-01,-9.0781629E+01,-3.0000000E+02, 1.1254307E-01, 4.1407000E-28, 1.0288314E-01,-1.9429673E-16, 2.3405505E-07, 6.9232435E-01, 0.0000000E+00, 9.9231163E-05, 0.0000000E+00, 9.6915176E-38, 9.9231163E-05, 3.3863182E-11
 1.0547796E-01,-9.0500979E+01,-3.0000000E+02, 1.1099793E-01, 4.1407000E-28, 1.0547796E-01,-1.8605679E-16, 2.3995817E-07, 6.9491917E-01,-1.5976285E-14, 9.9231163E-05, 0.0000000E+00, 9.9359481E-38, 9.9231163E-05, 3.3365526E-11
 1.0937020E-01,-9.0070095E+01,-3.0000000E+02, 1.0879023E-01, 4.1407000E-28, 1.0937020E-01,-1.9733249E-16, 2.4881286E-07, 6.9881140E-01,-1.5887300E-14, 9.9231163E-05, 0.0000000E+00, 1.0302594E-37, 9.9231163E-05, 3.2720837E-11
 1.1520855E-01,-8.9394148E+01,-3.0000000E+02, 1.0570061E-01, 4.1407000E-28, 1.1520855E-01,-1.9733249E-16, 2.6209488E-07, 7.0464974E-01,-1.5755666E-14, 9.9231163E-05, 0.0000000E+00, 1.0852563E-37, 9.9231163E-05, 3.2155319E-11
 1.2396609E-01,-8.8308957E+01,-3.0000000E+02, 1.0154203E-01, 4.1407000E-28, 1.2396609E-01,-2.6672143E-16, 2.8201792E-07, 7.1340725E-01,-4.6686766E-14, 9.9231163E-05, 0.0000000E+00, 1.1677516E-37, 9.9231163E-05, 3.1906492E-11
 1.3272362E-01,-8.7162297E+01,-3.0000000E+02, 9.7806031E-02, 4.1407000E-28, 1.3272362E-01,-2.4763947E-16, 3.0194096E-07, 7.2216476E-01,-6.1494142E-14, 9.9231163E-05, 0.0000000E+00, 1.2502469E-37, 9.9231163E-05, 3.2200561E-11
 1.4585992E-01,-8.5354298E+01,-3.0000000E+02, 9.2966411E-02, 4.1407000E-28, 1.4585992E-01,-3.3264092E-16, 3.3182552E-07, 7.3530103E-01,-7.5494422E-14, 9.9231163E-05, 0.0000000E+00, 1.3739899E-37, 9.9231163E-05, 3.2415457E-11
 1.6556436E-01,-8.2611972E+01,-3.0000000E+02, 8.6988699E-02, 4.1407000E-28, 1.6556436E-01,-4.2978544E-16, 3.7665235E-07, 7.5500544E-01, 4.4114483E-14, 9.9231163E-05, 0.0000000E+00, 1.5596044E-37, 9.9231163E-05, 3.3263733E-11
 1.9512104E-01,-7.8701890E+01,-3.0000000E+02, 7.9977733E-02, 4.1407000E-28, 1.9512104E-01,-3.3264092E-16, 4.4389260E-07, 7.8456204E-01,-8.4905132E-14, 9.9231163E-05, 0.0000000E+00, 1.8380261E-37, 9.9231163E-05, 3.4779320E-11
 2.2467771E-01,-7.5156264E+01,-3.0000000E+02, 7.4335649E-02, 4.1407000E-28, 2.2467771E-01,-1.6610747E-16, 5.1113286E-07, 8.1411864E-01,-1.5000818E-13, 9.9231163E-05, 0.0000000E+00, 2.1164478E-37, 9.9231163E-05, 3.6622907E-11
 2.5423438E-01,-7.1970629E+01,-3.0000000E+02, 6.9684415E-02, 4.1407000E-28, 2.5423438E-01,-6.8652451E-16, 5.7837311E-07, 8.4367525E-01,-9.2115490E-14, 9.9231163E-05, 0.0000000E+00, 2.3948695E-37, 9.9231163E-05, 3.7595597E-11
 2.8379105E-01,-6.9105423E+01,-3.0000000E+02, 6.5783717E-02, 4.1407000E-28, 2.8379105E-01,-5.8591055E-16, 6.4561336E-07, 8.7323185E-01,-2.0342313E-13, 9.9231163E-05, 0.0000000E+00, 2.6732913E-37, 9.9231163E-05, 3.8172424E-11
 2.9856938E-01,-6.7774469E+01,-3.0000000E+02, 6.3978404E-02, 4.1407000E-28, 2.9856938E-01, 3.6855176E-17, 6.7923349E-07, 8.8801015E-01,-7.5014154E-14, 9.9231163E-05, 0.0000000E+00, 2.8125021E-37, 9.9231163E-05, 3.8432562E-11
 3.1334772E-01,-6.6506856E+01,-3.0000000E+02, 6.2318557E-02, 4.1407000E-28, 3.1334772E-01, 1.6038494E-17, 7.1285362E-07, 9.0278846E-01,-4.9190800E-14, 9.9231163E-05, 0.0000000E+00, 2.9517130E-37, 9.9231163E-05, 3.8477804E-11
 3.2812606E-01,-6.5298159E+01,-3.0000000E+02, 6.0785116E-02, 4.1407000E-28, 3.2812606E-01, 7.5329597E-16, 7.4647374E-07, 9.1756676E-01,-2.2989303E-13, 9.9231163E-05, 0.0000000E+00, 3.0909238E-37, 9.9231163E-05, 3.8477804E-11
 3.4290439E-01,-6.4144110E+01,-3.0000000E+02, 5.9358480E-02, 4.1407000E-28, 3.4290439E-01, 1.0429948E-15, 7.8009387E-07, 9.3234506E-01,-9.5262764E-14, 9.9231163E-05, 0.0000000E+00, 3.2301347E-37, 9.9231163E-05, 3.8489114E-11
 3.5768273E-01,-6.3040914E+01,-3.0000000E+02, 5.8029881E-02, 4.1407000E-28, 3.5768273E-01, 5.0176107E-16, 8.1371400E-07, 9.4712336E-01,-1.2894247E-13, 9.9231163E-05, 0.0000000E+00, 3.3693455E-37, 9.9231163E-05, 3.8523045E-11
 3.7246106E-01,-6.1985317E+01,-3.0000000E+02, 5.6787448E-02, 4.1407000E-28, 3.7246106E-01,-5.1478689E-16, 8.4733412E-07, 9.6190166E-01,-2.3083899E-13, 9.9231163E-05, 0.0000000E+00, 3.5085564E-37, 9.9231163E-05, 3.8500424E-11
 3.8723940E-01,-6.0974664E+01,-3.0000000E+02, 5.5618765E-02, 4.1407000E-28, 3.8723940E-01,-1.0178567E-15, 8.8095425E-07, 9.7667996E-01,-1.4777498E-13, 9.9231163E-05, 0.0000000E+00, 3.6477673E-37, 9.9231163E-05, 3.8534356E-11
 4.0201773E-01,-6.0006954E+01,-3.0000000E+02, 5.4515207E-02, 4.1407000E-28, 4.0201773E-01,-2.4763947E-16, 9.1457437E-07, 9.9145827E-01,-1.7916591E-13, 9.9231163E-05, 0.0000000E+00, 3.7869781E-37, 9.9231163E-05, 3.8534356E-11
 4.0940690E-01,-5.9536614E+01,-3.0000000E+02, 5.3977662E-02, 4.1407000E-28, 4.0940690E-01, 1.4440803E-16, 9.3138444E-07, 9.9884742E-01,-2.0007056E-13, 9.9231163E-05, 0.0000000E+00, 3.8565835E-37, 9.9231163E-05, 3.8556976E-11
 4.1679607E-01,-5.9076471E+01,-3.0000000E+02, 5.3453254E-02, 4.1407000E-28, 4.1679607E-01,-4.7402089E-16, 9.4819450E-07, 1.0062366E+00,-3.3100228E-13, 9.9231163E-05, 0.0000000E+00, 3.9261890E-37, 9.9231163E-05, 3.8568287E-11
 4.2418524E-01,-5.8626454E+01,-3.0000000E+02, 5.2942281E-02, 4.1407000E-28, 4.2418524E-01,-4.4886740E-16, 9.6500456E-07, 1.0136257E+00,-6.5717865E-14, 9.9231163E-05, 0.0000000E+00, 3.9957944E-37, 9.9231163E-05, 3.8556976E-11
 4.3157440E-01,-5.8186526E+01,-3.0000000E+02, 5.2445129E-02, 4.1407000E-28, 4.3157440E-01, 3.3262553E-16, 9.8181463E-07, 1.0210149E+00,-1.5223194E-13, 9.9231163E-05, 0.0000000E+00, 4.0653998E-37, 9.9231163E-05, 3.8556976E-11
 4.3526899E-01,-5.7969671E+01,-3.0000000E+02, 5.2198822E-02, 4.1407000E-28, 4.3526899E-01, 2.1032752E-16, 9.9021966E-07, 1.0247094E+00,-3.0336614E-13, 9.9231163E-05, 0.0000000E+00, 4.1002025E-37, 9.9231163E-05, 3.8545666E-11
 4.3896357E-01,-5.7755328E+01,-3.0000000E+02, 5.1954467E-02, 4.1407000E-28, 4.3896357E-01, 2.4632304E-16, 9.9862469E-07, 1.0284040E+00,-3.8864094E-13, 9.9231163E-05, 0.0000000E+00, 4.1350053E-37, 9.9231163E-05, 3.8579597E-11
 4.4265816E-01,-5.7543505E+01,-3.0000000E+02, 5.1713240E-02, 4.1407000E-28, 4.4265816E-01, 2.4458831E-16, 1.0070297E-06, 1.0320986E+00,-3.2270810E-13, 9.9231163E-05, 0.0000000E+00, 4.1698080E-37, 9.9231163E-05, 3.8534356E-11
 4.4635274E-01,-5.7334211E+01,-3.0000000E+02, 5.1475013E-02, 4.1407000E-28, 4.4635274E-01,-9.5851170E-17, 1.0154348E-06, 1.0357932E+00,-4.7161698E-13, 9.9231163E-05, 0.0000000E+00, 4.2046107E-37, 9.9231163E-05, 3.8523045E-11
 4.5004732E-01,-5.7127459E+01,-3.0000000E+02, 5.1239648E-02, 4.1407000E-28, 4.5004732E-01,-3.5432497E-16, 1.0238398E-06, 1.0394877E+00,-4.2721886E-13, 9.9231163E-05, 0.0000000E+00, 4.2394134E-37, 9.9231163E-05, 3.7358079E-11
 4.5374191E-01,-5.6923264E+01,-3.0000000E+02, 5.1006990E-02, 4.1407000E-28, 4.5374191E-01,-3.4304927E-16, 1.0322448E-06, 1.0431823E+00,-4.2570580E-13, 9.9231163E-05, 0.0000000E+00, 4.2742161E-37, 9.9231163E-05, 3.6193113E-11
 4.5743649E-01,-5.6721645E+01,-3.0000000E+02, 5.0776585E-02, 4.1407000E-28, 4.5743649E-01,-3.0748743E-16, 1.0406498E-06, 1.0468769E+00,-4.6662377E-13, 9.9231163E-05, 0.0000000E+00, 4.3090188E-37, 9.9231163E-05, 3.5129941E-11
 4.6113108E-01,-5.6522626E+01,-3.0000000E+02, 5.0547292E-02, 4.1407000E-28, 4.6113108E-01,-4.1850974E-16, 1.0490549E-06, 1.0505715E+00,-6.3406742E-13, 9.9231163E-05, 0.0000000E+00, 4.3438215E-37, 9.9231163E-05, 3.4055458E-11
 4.6482566E-01,-5.6326233E+01,-3.0000000E+02, 5.0320422E-02, 4.1407000E-28, 4.6482566E-01,-3.7557533E-16, 1.0574599E-06, 1.0542661E+00,-5.4759934E-13, 9.9231163E-05, 0.0000000E+00, 4.3786243E-37, 9.9231163E-05, 3.3037526E-11
 4.6852024E-01,-5.6132497E+01,-3.0000000E+02, 5.0095853E-02, 4.1407000E-28, 4.6852024E-01,-9.1149960E-18, 1.0658649E-06, 1.0579606E+00,-5.2469907E-13, 9.9231163E-05, 0.0000000E+00, 4.4134270E-37, 9.9231163E-05, 3.2053526E-11
 4.7221483E-01,-5.5941450E+01,-3.0000000E+02, 4.9873464E-02, 4.1407000E-28, 4.7221483E-01, 1.1621878E-16, 1.0742700E-06, 1.0616552E+00,-6.2744772E-13, 9.9231163E-05, 0.0000000E+00, 4.4482297E-37, 9.9231163E-05, 3.1058216E-11
 4.7590941E-01,-5.5753129E+01,-3.0000000E+02, 4.9653102E-02, 4.1407000E-28, 4.7590941E-01,-3.7817742E-16, 1.0826750E-06, 1.0653498E+00,-5.2105981E-13, 9.9231163E-05, 0.0000000E+00, 4.4830324E-37, 9.9231163E-05, 3.0153388E-11
 4.7960400E-01,-5.5567574E+01,-3.0000000E+02, 4.9434653E-02, 4.1407000E-28, 4.7960400E-01,-4.9440389E-16, 1.0910800E-06, 1.0690444E+00,-4.1540723E-13, 9.9231163E-05, 0.0000000E+00, 4.5178351E-37, 9.9231163E-05, 2.9237249E-11
 4.8329858E-01,-5.5384822E+01,-3.0000000E+02, 4.9216938E-02, 4.1407000E-28, 4.8329858E-01,-4.9787334E-16, 1.0994851E-06, 1.0727389E+00,-4.7607303E-13, 9.9231163E-05, 0.0000000E+00, 4.5526378E-37, 9.9231163E-05, 2.8366353E-11
 4.8699316E-01,-5.5204911E+01,-3.0000000E+02, 4.9000557E-02, 4.1407000E-28, 4.8699316E-01,-7.2729052E-16, 1.1078901E-06, 1.0764335E+00,-4.3318346E-13, 9.9231163E-05, 0.0000000E+00, 4.5874405E-37, 9.9231163E-05, 2.7495456E-11
 4.9068775E-01,-5.5027874E+01,-3.0000000E+02, 4.8785841E-02, 4.1407000E-28, 4.9068775E-01,-7.9928154E-16, 1.1162951E-06, 1.0801281E+00,-4.7281621E-13, 9.9231163E-05, 0.0000000E+00, 4.6222433E-37, 9.9231163E-05, 2.6647180E-11
 4.9438233E-01,-5.4853737E+01,-3.0000000E+02, 4.8572691E-02, 4.1407000E-28, 4.9438233E-01,-1.1232411E-15, 1.1247002E-06, 1.0838227E+00,-5.5315305E-13, 9.9231163E-05, 0.0000000E+00, 4.6570460E-37, 9.9231163E-05, 2.5821524E-11
 4.9807692E-01,-5.4682518E+01,-3.0000000E+02, 4.8361007E-02, 4.1407000E-28, 4.9807692E-01,-8.1489405E-16, 1.1331052E-06, 1.0875172E+00,-5.5127385E-13, 9.9231163E-05, 0.0000000E+00, 4.6918487E-37, 9.9231163E-05, 2.5018490E-11
 5.0000000E-01,-5.4594260E+01,-3.0000000E+02, 4.8251136E-02, 4.1407000E-28, 5.0000000E-01,-7.6285235E-16, 1.1374801E-06, 1.0894403E+00,-6.1144527E-13, 9.9231163E-05, 0.0000000E+00, 4.7099640E-37, 9.9231163E-05, 2.4260696E-11
 5.0288463E-01,-5.4463605E+01,-3.0000000E+02, 4.8087200E-02, 4.1407000E-28, 5.0288463E-01,-7.0994328E-16, 1.1440426E-06, 1.0923249E+00,-6.7081361E-13, 9.9231163E-05, 0.0000000E+00, 4.7371370E-37, 9.9231163E-05, 2.3344558E-11
 5.0576925E-01,-5.4334737E+01,-3.0000000E+02, 4.7924051E-02, 4.1407000E-28, 5.0576925E-01,-1.0855109E-15, 1.1506050E-06, 1.0952096E+00,-6.6904678E-13, 9.9231163E-05, 0.0000000E+00, 4.7643100E-37, 9.9231163E-05, 2.2428420E-11
 5.0865388E-01,-5.4207650E+01,-3.0000000E+02, 4.7760902E-02, 4.1407000E-28, 5.0865388E-01,-1.3795465E-15, 1.1571674E-06, 1.0980942E+00,-7.8861455E-13, 9.9231163E-05, 0.0000000E+00, 4.7914830E-37, 9.9231163E-05, 2.1512282E-11
 5.1153851E-01,-5.4082339E+01,-3.0000000E+02, 4.7598282E-02, 4.1407000E-28, 5.1153851E-01,-1.1921964E-15, 1.1637298E-06, 1.1009788E+00,-9.4789159E-13, 9.9231163E-05, 0.0000000E+00, 4.8186559E-37, 9.9231163E-05, 2.0584833E-11
 5.1442314E-01,-5.3958796E+01,-3.0000000E+02, 4.7436407E-02, 4.1407000E-28, 5.1442314E-01,-1.2017374E-15, 1.1702922E-06, 1.1038634E+00,-9.8564496E-13, 9.9231163E-05, 0.0000000E+00, 4.8458289E-37, 9.9231163E-05, 1.9680005E-11
 5.1730776E-01,-5.3837012E+01,-3.0000000E+02, 4.7275252E-02, 4.1407000E-28, 5.1730776E-01,-1.0950519E-15, 1.1768546E-06, 1.1067480E+00,-9.8307598E-13, 9.9231163E-05, 0.0000000E+00, 4.8730019E-37, 9.9231163E-05, 1.8797798E-11
 5.2019239E-01,-5.3716978E+01,-3.0000000E+02, 4.7114791E-02, 4.1407000E-28, 5.2019239E-01,-9.6971812E-16, 1.1834170E-06, 1.1096327E+00,-8.6045664E-13, 9.9231163E-05, 0.0000000E+00, 4.9001749E-37, 9.9231163E-05, 1.7960833E-11
 5.2307702E-01,-5.3598685E+01,-3.0000000E+02, 4.6955003E-02, 4.1407000E-28, 5.2307702E-01,-8.5782846E-16, 1.1899794E-06, 1.1125173E+00,-8.1830811E-13, 9.9231163E-05, 0.0000000E+00, 4.9273479E-37, 9.9231163E-05, 1.7101246E-11
 5.2596164E-01,-5.3482124E+01,-3.0000000E+02, 4.6795853E-02, 4.1407000E-28, 5.2596164E-01,-9.6841708E-16, 1.1965419E-06, 1.1154019E+00,-1.0152630E-12, 9.9231163E-05, 0.0000000E+00, 4.9545208E-37, 9.9231163E-05, 1.6275591E-11
 5.2884627E-01,-5.3367287E+01,-3.0000000E+02, 4.6637315E-02, 4.1407000E-28, 5.2884627E-01,-1.0078820E-15, 1.2031043E-06, 1.1182865E+00,-1.0126441E-12, 9.9231163E-05, 0.0000000E+00, 4.9816938E-37, 9.9231163E-05, 1.5461246E-11
 5.3173090E-01,-5.3254166E+01,-2.9999999E+02, 4.6479370E-02, 4.1407000E-28, 5.3173090E-01,-1.2672232E-15, 1.2096667E-06, 1.1211711E+00,-1.0100387E-12, 9.9231163E-05, 0.0000000E+00, 5.0088668E-37, 9.9231163E-05, 1.4658211E-11
 5.3461553E-01,-5.3142754E+01,-2.9999999E+02, 4.6322000E-02, 4.1407000E-28, 5.3461553E-01,-1.4047000E-15, 1.2162291E-06, 1.1240558E+00,-1.0864621E-12, 9.9231163E-05, 0.0000000E+00, 5.0360398E-37, 9.9231163E-05, 1.3866487E-11
 5.3750015E-01,-5.3033043E+01,-2.9999998E+02, 4.6164531E-02, 4.1407000E-28, 5.3750015E-01,-1.6705464E-15, 1.2227915E-06, 1.1269404E+00,-9.2605477E-13, 9.9231163E-05, 0.0000000E+00, 5.0632128E-37, 9.9231163E-05, 1.3120004E-11
 5.4038478E-01,-5.2925028E+01,-2.9999998E+02, 4.6007473E-02, 4.1407000E-28, 5.4038478E-01,-1.6085300E-15, 1.2293539E-06, 1.1298250E+00,-1.0219553E-12, 9.9231163E-05, 0.0000000E+00, 5.0903858E-37, 9.9231163E-05, 1.2362210E-11
 5.4326941E-01,-5.2818701E+01,-2.9999996E+02, 4.5850968E-02, 4.1407000E-28, 5.4326941E-01,-1.9047341E-15, 1.2359163E-06, 1.1327096E+00,-7.6451458E-13, 9.9231163E-05, 0.0000000E+00, 5.1175588E-37, 9.9231163E-05, 1.1615727E-11
 5.4615404E-01,-5.2714058E+01,-2.9999995E+02, 4.5694998E-02, 4.1407000E-28, 5.4615404E-01,-1.9801945E-15, 1.2424788E-06, 1.1355942E+00,-6.4525371E-13, 9.9231163E-05, 0.0000000E+00, 5.1447318E-37, 9.9231163E-05, 1.0880555E-11
 5.4903866E-01,-5.2611091E+01,-2.9999992E+02, 4.5539544E-02, 4.1407000E-28, 5.4903866E-01,-2.0070828E-15, 1.2490412E-06, 1.1384789E+00,-7.2163319E-13, 9.9231163E-05, 0.0000000E+00, 5.1719049E-37, 9.9231163E-05, 1.0179313E-11
 5.5192329E-01,-5.2509796E+01,-2.9999988E+02, 4.5384591E-02, 4.1407000E-28, 5.5192329E-01,-2.3514254E-15, 1.2556036E-06, 1.1413635E+00,-6.2253784E-13, 9.9231163E-05, 0.0000000E+00, 5.1990780E-37, 9.9231163E-05, 9.4667612E-12
 5.5480792E-01,-5.2410165E+01,-2.9999981E+02, 4.5230122E-02, 4.1407000E-28, 5.5480792E-01,-2.3002510E-15, 1.2621661E-06, 1.1442481E+00,-8.1502107E-13, 9.9231163E-05, 0.0000000E+00, 5.2262511E-37, 9.9231163E-05, 8.7994507E-12
 5.5769254E-01,-5.2312193E+01,-2.9999971E+02, 4.5076107E-02, 4.1407000E-28, 5.5769254E-01,-1.9901692E-15, 1.2687286E-06, 1.1471327E+00,-7.5490219E-13, 9.9231163E-05, 0.0000000E+00, 5.2534244E-37, 9.9231163E-05, 8.1095195E-12
 5.6057717E-01,-5.2215874E+01,-2.9999955E+02, 4.4922533E-02, 4.1407000E-28, 5.6057717E-01,-1.9277192E-15, 1.2752911E-06, 1.1500173E+00,-8.8816404E-13, 9.9231163E-05, 0.0000000E+00, 5.2805977E-37, 9.9231163E-05, 7.4422090E-12
 5.6346180E-01,-5.2121199E+01,-2.9999931E+02, 4.4769387E-02, 4.1407000E-28, 5.6346180E-01,-1.9255508E-15, 1.2818536E-06, 1.1529020E+00,-7.8964378E-13, 9.9231163E-05, 0.0000000E+00, 5.3077713E-37, 9.9231163E-05, 6.7635881E-12
 5.6634643E-01,-5.2028163E+01,-2.9999894E+02, 4.4616659E-02, 4.1407000E-28, 5.6634643E-01,-2.6081644E-15, 1.2884163E-06, 1.1557866E+00,-7.6846145E-13, 9.9231163E-05, 0.0000000E+00, 5.3349452E-37, 9.9231163E-05, 6.1188982E-12
 5.6923105E-01,-5.1936758E+01,-2.9999836E+02, 4.4464160E-02, 4.1407000E-28, 5.6923105E-01,-3.0821776E-15, 1.2949790E-06, 1.1586712E+00,-6.7072975E-13, 9.9231163E-05, 0.0000000E+00, 5.3621196E-37, 9.9231163E-05, 5.4968291E-12
 5.7211568E-01,-5.1846976E+01,-2.9999747E+02, 4.4311614E-02, 4.1407000E-28, 5.7211568E-01,-3.1099332E-15, 1.3015419E-06, 1.1615558E+00,-7.6464463E-13, 9.9231163E-05, 0.0000000E+00, 5.3892947E-37, 9.9231163E-05, 4.8747600E-12
 5.7500031E-01,-5.1758808E+01,-2.9999608E+02, 4.4159484E-02, 4.1407000E-28, 5.7500031E-01,-3.3089927E-15, 1.3081052E-06, 1.1644404E+00,-8.7716297E-13, 9.9231163E-05, 0.0000000E+00, 5.4164711E-37, 9.9231163E-05, 4.2640012E-12
 5.7788493E-01,-5.1672245E+01,-2.9999388E+02, 4.4007758E-02, 4.1407000E-28, 5.7788493E-01,-3.0006456E-15, 1.3146689E-06, 1.1673251E+00,-1.0271685E-12, 9.9231163E-05, 0.0000000E+00, 5.4436493E-37, 9.9231163E-05, 3.6758631E-12
 5.8076956E-01,-5.1587279E+01,-2.9999041E+02, 4.3856428E-02, 4.1407000E-28, 5.8076956E-01,-3.4811640E-15, 1.3212333E-06, 1.1702097E+00,-1.0625860E-12, 9.9231163E-05, 0.0000000E+00, 5.4708306E-37, 9.9231163E-05, 3.0764146E-12
 5.8365419E-01,-5.1503899E+01,-2.9998490E+02, 4.3705485E-02, 4.1407000E-28, 5.8365419E-01,-4.1481652E-15, 1.3277988E-06, 1.1730943E+00,-1.0410450E-12, 9.9231163E-05, 0.0000000E+00, 5.4980165E-37, 9.9231163E-05, 2.5108972E-12
 5.8653882E-01,-5.1422096E+01,-2.9997614E+02, 4.3554922E-02, 4.1407000E-28, 5.8653882E-01,-4.1581399E-15, 1.3343662E-06, 1.1759789E+00,-9.4408304E-13, 9.9231163E-05, 0.0000000E+00, 5.5252100E-37, 9.9231163E-05, 1.9453798E-12
 5.8942344E-01,-5.1341858E+01,-2.9996225E+02, 4.3404732E-02, 4.1407000E-28, 5.8942344E-01,-4.5935555E-15, 1.3409364E-06, 1.1788636E+00,-9.4177291E-13, 9.9231163E-05, 0.0000000E+00, 5.5524155E-37, 9.9231163E-05, 1.4024831E-12
 5.9230807E-01,-5.1263174E+01,-2.9994029E+02, 4.3254906E-02, 4.1407000E-28, 5.9230807E-01,-4.1577062E-15, 1.3475113E-06, 1.1817482E+00,-9.5826355E-13, 9.9231163E-05, 0.0000000E+00, 5.5796399E-37, 9.9231163E-05, 8.3696575E-13
 5.9519270E-01,-5.1186033E+01,-2.9990568E+02, 4.3105431E-02, 4.1407000E-28, 5.9519270E-01,-4.1702829E-15, 1.3540933E-06, 1.1846328E+00,-8.2472404E-13, 9.9231163E-05, 0.0000000E+00, 5.6068941E-37, 9.9231163E-05, 3.1668974E-13
 5.9807733E-01,-5.1110421E+01,-2.9985113E+02, 4.2956303E-02, 4.1407000E-28, 5.9807733E-01,-3.9230848E-15, 1.3606867E-06, 1.1875174E+00,-6.5443691E-13, 9.9231163E-05, 0.0000000E+00, 5.6341954E-37, 9.9231163E-05,-2.0358626E-13
 6.0096195E-01,-5.1036327E+01,-2.9976481E+02, 4.2807519E-02, 4.1407000E-28, 6.0096195E-01,-3.6242787E-15, 1.3672982E-06, 1.1904020E+00,-5.9689239E-13, 9.9231163E-05, 0.0000000E+00, 5.6615715E-37, 9.9231163E-05,-6.6731053E-13
 6.0384658E-01,-5.0963737E+01,-2.9962718E+02, 4.2659077E-02, 4.1407000E-28, 6.0384658E-01,-3.3315441E-15, 1.3739385E-06, 1.1932867E+00,-4.4658711E-13, 9.9231163E-05, 0.0000000E+00, 5.6890671E-37, 9.9231163E-05,-1.1649658E-12
 6.0673121E-01,-5.0892638E+01,-2.9940578E+02, 4.2510976E-02, 4.1407000E-28, 6.0673121E-01,-2.7820705E-15, 1.3806256E-06, 1.1961713E+00,-5.3832476E-13, 9.9231163E-05, 0.0000000E+00, 5.7167564E-37, 9.9231163E-05,-1.6739315E-12
 6.0961583E-01,-5.0823014E+01,-2.9904739E+02, 4.2363213E-02, 4.1407000E-28, 6.0961583E-01,-2.4858664E-15, 1.3873892E-06, 1.1990559E+00,-5.9258448E-13, 9.9231163E-05, 0.0000000E+00, 5.7447623E-37, 9.9231163E-05,-2.1263454E-12
 6.1250046E-01,-5.0754851E+01,-2.9846733E+02, 4.2215354E-02, 4.1407000E-28, 6.1250046E-01,-2.6307158E-15, 1.3942786E-06, 1.2019405E+00,-4.8031936E-13, 9.9231163E-05, 0.0000000E+00, 5.7732893E-37, 9.9231163E-05,-2.6013800E-12
 6.1538509E-01,-5.0688135E+01,-2.9753735E+02, 4.2067852E-02, 4.1407000E-28, 6.1538509E-01,-2.5895162E-15, 1.4013751E-06, 1.2048251E+00,-5.8974692E-13, 9.9231163E-05, 0.0000000E+00, 5.8026739E-37, 9.9231163E-05,-3.0537939E-12
 6.1826972E-01,-5.0622849E+01,-2.9607608E+02, 4.1920709E-02, 4.1407000E-28, 6.1826972E-01,-2.6814565E-15, 1.4088112E-06, 1.2077098E+00,-5.5156716E-13, 9.9231163E-05, 0.0000000E+00, 5.8334646E-37, 9.9231163E-05,-3.4835872E-12
 6.2115434E-01,-5.0558978E+01,-2.9385016E+02, 4.1773927E-02, 4.1407000E-28, 6.2115434E-01,-2.9069706E-15, 1.4167996E-06, 1.2105944E+00,-5.3191111E-13, 9.9231163E-05, 0.0000000E+00, 5.8665420E-37, 9.9231163E-05,-3.9133804E-12
 6.2403897E-01,-5.0496505E+01,-2.9059702E+02, 4.1627506E-02, 4.1407000E-28, 6.2403897E-01,-3.1407246E-15, 1.4256784E-06, 1.2134790E+00,-3.6596323E-13, 9.9231163E-05, 0.0000000E+00, 5.9033063E-37, 9.9231163E-05,-4.3431736E-12
 6.2692360E-01,-5.0435413E+01,-2.8607628E+02, 4.1481446E-02, 4.1407000E-28, 6.2692360E-01,-3.2868750E-15, 1.4359819E-06, 1.2163636E+00,-4.5636918E-13, 9.9231163E-05, 0.0000000E+00, 5.9459705E-37, 9.9231163E-05,-4.7729668E-12
 6.2980822E-01,-5.0375685E+01,-2.8014160E+02, 4.1335749E-02, 4.1407000E-28, 6.2980822E-01,-3.7274948E-15, 1.4485539E-06, 1.2192482E+00,-3.2780840E-13, 9.9231163E-05, 0.0000000E+00, 5.9980273E-37, 9.9231163E-05,-5.1462083E-12
 6.3269285E-01,-5.0317304E+01,-2.7280373E+02, 4.1190416E-02, 4.1407000E-28, 6.3269285E-01,-4.0640311E-15, 1.4647276E-06, 1.2221328E+00,-4.9055201E-13, 9.9231163E-05, 0.0000000E+00, 6.0649976E-37, 9.9231163E-05,-5.5081395E-12
 6.3557748E-01,-5.0260252E+01,-2.6424881E+02, 4.1045451E-02, 4.1407301E-28, 6.3557748E-01,-4.3159997E-15, 1.4866113E-06, 1.2250174E+00,-4.1689363E-13, 9.9231163E-05, 0.0000000E+00, 6.1556122E-37, 9.9231163E-05,-5.8926913E-12
 6.3846211E-01,-5.0204510E+01,-2.5479798E+02, 4.0900856E-02, 4.1408685E-28, 6.3846211E-01,-4.2006406E-15, 1.5175284E-06, 1.2279020E+00,-6.6907945E-13, 9.9231163E-05, 0.0000000E+00, 6.2836356E-37, 9.9231163E-05,-6.2772431E-12
 6.4134673E-01,-5.0150061E+01,-2.4483006E+02, 4.0756631E-02, 4.1412859E-28, 6.4134673E-01,-4.1858954E-15, 1.5626732E-06, 1.2307866E+00,-6.8555216E-13, 9.9231163E-05, 0.0000000E+00, 6.4705934E-37, 9.9231163E-05,-6.6391743E-12
 6.4423136E-01,-5.0096885E+01,-2.3470540E+02, 4.0612776E-02, 4.1423973E-28, 6.4423136E-01,-4.5597284E-15, 1.6300576E-06, 1.2336712E+00,-6.1195452E-13, 9.9231163E-05, 0.0000000E+00, 6.7497262E-37, 9.9231163E-05,-7.0124157E-12
 6.4711599E-01,-5.0044963E+01,-2.2471737E+02, 4.0469294E-02, 4.1451771E-28, 6.4711599E-01,-4.4422008E-15, 1.7318276E-06, 1.2365557E+00,-4.4891689E-13, 9.9231163E-05, 0.0000000E+00, 7.1715809E-37, 9.9231163E-05,-7.3517262E-12
 6.5000062E-01,-4.9994277E+01,-2.1507593E+02, 4.0326190E-02, 4.1518391E-28, 6.5000062E-01,-4.2262278E-15, 1.8860379E-06, 1.2394402E+00,-4.8370186E-13, 9.9231163E-05, 0.0000000E+00, 7.8118371E-37, 9.9231163E-05,-7.6571056E-12
 6.5288524E-01,-4.9944807E+01,-2.0591330E+02, 4.0183469E-02, 4.1672665E-28, 6.5288524E-01,-4.2353351E-15, 2.1189662E-06, 1.2423246E+00,-4.8257873E-13, 9.9231163E-05, 0.0000000E+00, 8.7825117E-37, 9.9231163E-05,-8.0077264E-12
 6.5576987E-01,-4.9896533E+01,-1.9729997E+02, 4.0041135E-02, 4.2019510E-28, 6.5576987E-01,-4.3593678E-15, 2.4680436E-06, 1.2452088E+00,-3.7446951E-13, 9.9231163E-05, 0.0000000E+00, 1.0249318E-36, 9.9231163E-05,-8.3131058E-12
 6.5865450E-01,-4.9849436E+01,-1.8926228E+02, 3.9899194E-02, 4.2779109E-28, 6.5865450E-01,-4.3970980E-15, 2.9854523E-06, 1.2480930E+00,-5.1592937E-13, 9.9231163E-05, 0.0000000E+00, 1.2462746E-36, 9.9231163E-05,-8.6184851E-12
 6.6153912E-01,-4.9803496E+01,-1.8179762E+02, 3.9757652E-02, 4.4404480E-28, 6.6153912E-01,-4.3576331E-15, 3.7424132E-06, 1.2509768E+00,-5.1473969E-13, 9.9231163E-05, 0.0000000E+00, 1.5823992E-36, 9.9231163E-05,-8.9464852E-12
 6.6442375E-01,-4.9758694E+01,-1.7488590E+02, 3.9616513E-02, 4.7814190E-28, 6.6442375E-01,-4.1030624E-15, 4.8341314E-06, 1.2538604E+00,-5.4897311E-13, 9.9231163E-05, 0.0000000E+00, 2.1043954E-36, 9.9231163E-05,-9.2631750E-12
 6.6730838E-01,-4.9715008E+01,-1.6849756E+02, 3.9475783E-02, 5.4856357E-28, 6.6730838E-01,-4.4231189E-15, 6.3852999E-06, 1.2567434E+00,-3.8869958E-13, 9.9231163E-05, 0.0000000E+00, 2.9553099E-36, 9.9231163E-05,-9.5120026E-12
 6.7019301E-01,-4.9672418E+01,-1.6259887E+02, 3.9335320E-02, 6.9245728E-28, 6.7019301E-01,-4.8234063E-15, 8.5559722E-06, 1.2596259E+00,-4.5832025E-13, 9.9231163E-05, 0.0000000E+00, 4.4584078E-36, 9.9231163E-05,-9.7947613E-12
 6.7307763E-01,-4.9630906E+01,-1.5715520E+02, 3.9195189E-02, 9.8465780E-28, 6.7307763E-01,-5.1955045E-15, 1.1547510E-05, 1.2625075E+00,-5.8038505E-13, 9.9231163E-05, 0.0000000E+00, 7.4040484E-36, 9.9231163E-05,-1.0020968E-11
 6.7596226E-01,-4.9590450E+01,-1.5213290E+02, 3.9055498E-02, 1.5755130E-27, 6.7596226E-01,-5.4396668E-15, 1.5608199E-05, 1.2653881E+00,-7.8962999E-13, 9.9231163E-05, 0.0000000E+00, 1.3801717E-35, 9.9231163E-05,-1.0315037E-11
 6.7884689E-01,-4.9551031E+01,-1.4750024E+02, 3.8916253E-02, 2.7632994E-27, 6.7884689E-01,-5.4262227E-15, 2.1038047E-05, 1.2682673E+00,-8.4035631E-13, 9.9231163E-05, 0.0000000E+00, 2.8806013E-35, 9.9231163E-05,-1.0563865E-11
 6.8173151E-01,-4.9512628E+01,-1.4322781E+02, 3.8777458E-02, 5.1279126E-27, 6.8173151E-01,-5.3065268E-15, 2.8192206E-05, 1.2711448E+00,-9.4325548E-13, 9.9231163E-05, 0.0000000E+00, 6.5491912E-35, 9.9231163E-05,-1.0801382E-11
 6.8461614E-01,-4.9475222E+01,-1.3928850E+02, 3.8639119E-02, 9.7711411E-27, 6.8461614E-01,-5.2527504E-15, 3.7482516E-05, 1.2740201E+00,-9.2369169E-13, 9.9231163E-05, 0.0000000E+00, 1.5626885E-34, 9.9231163E-05,-1.1016279E-11
 6.8750077E-01,-4.9438791E+01,-1.3565722E+02, 3.8501241E-02, 1.8738954E-26, 6.8750077E-01,-5.3646400E-15, 4.9376798E-05, 1.2768928E+00,-7.8249486E-13, 9.9231163E-05, 0.0000000E+00, 3.7915524E-34, 9.9231163E-05,-1.1253796E-11
 6.9038540E-01,-4.9403317E+01,-1.3231063E+02, 3.8363830E-02, 3.5747686E-26, 6.9038540E-01,-5.8269439E-15, 6.4395727E-05, 1.2797624E+00,-7.1133285E-13, 9.9231163E-05, 0.0000000E+00, 9.1604720E-34, 9.9231163E-05,-1.1434762E-11
 6.9327002E-01,-4.9368779E+01,-1.2922683E+02, 3.8226890E-02, 6.7407162E-26, 6.9327002E-01,-5.7844431E-15, 8.3107469E-05, 1.2826284E+00,-5.8855922E-13, 9.9231163E-05, 0.0000000E+00, 2.1773527E-33, 9.9231163E-05,-1.1706210E-11
 6.9615465E-01,-4.9335157E+01,-1.2638505E+02, 3.8090428E-02, 1.2524200E-25, 6.9615465E-01,-5.4140797E-15, 1.0612052E-04, 1.2854900E+00,-5.6996688E-13, 9.9231163E-05, 0.0000000E+00, 5.0595533E-33, 9.9231163E-05,-1.1841934E-11
 6.9903928E-01,-4.9302432E+01,-1.2376553E+02, 3.7954447E-02, 2.2897618E-25, 6.9903928E-01,-6.0624326E-15, 1.3407545E-04, 1.2883466E+00,-4.9975862E-13, 9.9231163E-05, 0.0000000E+00, 1.1460565E-32, 9.9231163E-05,-1.2045521E-11
 7.0192390E-01,-4.9270583E+01,-1.2134943E+02, 3.7818954E-02, 4.1179385E-25, 7.0192390E-01,-6.4132804E-15, 1.6763626E-04, 1.2911977E+00,-4.8144771E-13, 9.9231163E-05, 0.0000000E+00, 2.5280703E-32, 9.9231163E-05,-1.2226486E-11
 7.0480853E-01,-4.9239593E+01,-1.1911888E+02, 3.7683954E-02, 7.2865655E-25, 7.0480853E-01,-6.0962597E-15, 2.0748220E-04, 1.2940425E+00,-6.1762456E-13, 9.9231163E-05, 0.0000000E+00, 5.4314709E-32, 9.9231163E-05,-1.2430072E-11
 7.0769316E-01,-4.9209440E+01,-1.1705700E+02, 3.7549452E-02, 1.2693126E-24, 7.0769316E-01,-5.7059469E-15, 2.5430036E-04, 1.2968803E+00,-4.4507021E-13, 9.9231163E-05, 0.0000000E+00, 1.1374158E-31, 9.9231163E-05,-1.2554486E-11
 7.1057779E-01,-4.9180105E+01,-1.1514807E+02, 3.7415453E-02, 2.1784422E-24, 7.1057779E-01,-5.9973804E-15, 3.0877948E-04, 1.2997105E+00,-2.9036173E-13, 9.9231163E-05, 0.0000000E+00, 2.3242121E-31, 9.9231163E-05,-1.2746762E-11
 7.1346241E-01,-4.9151571E+01,-1.1337751E+02, 3.7281961E-02, 3.6865745E-24, 7.1346241E-01,-5.9856711E-15, 3.7160504E-04, 1.3025323E+00,-4.2605715E-13, 9.9231163E-05, 0.0000000E+00, 4.6403229E-31, 9.9231163E-05,-1.2893797E-11
 7.1634704E-01,-4.9123816E+01,-1.1173201E+02, 3.7148983E-02, 6.1571816E-24, 7.1634704E-01,-6.5785128E-15, 4.4345540E-04, 1.3053450E+00,-5.9516233E-13, 9.9231163E-05, 0.0000000E+00, 9.0642801E-31, 9.9231163E-05,-1.3040831E-11
 7.1923167E-01,-4.9096824E+01,-1.1019944E+02, 3.7016523E-02, 1.0157853E-23, 7.1923167E-01,-6.9232891E-15, 5.2499906E-04, 1.3081481E+00,-5.2598183E-13, 9.9231163E-05, 0.0000000E+00, 1.7347365E-30, 9.9231163E-05,-1.3176555E-11
 7.2211630E-01,-4.9070574E+01,-1.0876891E+02, 3.6884586E-02, 1.6567176E-23, 7.2211630E-01,-6.8031595E-15, 6.1689262E-04, 1.3109409E+00,-5.9254434E-13, 9.9231163E-05, 0.0000000E+00, 3.2571533E-30, 9.9231163E-05,-1.3323590E-11
 7.2500092E-01,-4.9045049E+01,-1.0743063E+02, 3.6753176E-02, 2.6734209E-23, 7.2500092E-01,-6.2324355E-15, 7.1977943E-04, 1.3137226E+00,-6.9260007E-13, 9.9231163E-05, 0.0000000E+00, 6.0077509E-30, 9.9231163E-05,-1.3481935E-11
 7.2788555E-01,-4.9020230E+01,-1.0617586E+02, 3.6622294E-02, 4.2715243E-23, 7.2788555E-01,-5.8941644E-15, 8.3428872E-04, 1.3164927E+00,-6.4051636E-13, 9.9231163E-05, 0.0000000E+00, 1.0899043E-29, 9.9231163E-05,-1.3595038E-11
 7.3077018E-01,-4.8996099E+01,-1.0499681E+02, 3.6491947E-02, 6.7623294E-23, 7.3077018E-01,-6.6513712E-15, 9.6103509E-04, 1.3192506E+00,-8.0730550E-13, 9.9231163E-05, 0.0000000E+00, 1.9470050E-29, 9.9231163E-05,-1.3753383E-11
 7.3365480E-01,-4.8972638E+01,-1.0388653E+02, 3.6362138E-02, 1.0614194E-22, 7.3365480E-01,-6.7537199E-15, 1.1006184E-03, 1.3219956E+00,-7.2163442E-13, 9.9231163E-05, 0.0000000E+00, 3.4285690E-29, 9.9231163E-05,-1.3832556E-11
 7.3653943E-01,-4.8949829E+01,-1.0283885E+02, 3.6232873E-02, 1.6527682E-22, 7.3653943E-01,-6.5177975E-15, 1.2536237E-03, 1.3247273E+00,-6.5308178E-13, 9.9231163E-05, 0.0000000E+00, 5.9573917E-29, 9.9231163E-05,-1.3968280E-11
 7.3942406E-01,-4.8927654E+01,-1.0184826E+02, 3.6104155E-02, 2.5545093E-22, 7.3942406E-01,-6.5256037E-15, 1.4206216E-03, 1.3274449E+00,-7.8533880E-13, 9.9231163E-05, 0.0000000E+00, 1.0223369E-28, 9.9231163E-05,-1.4081383E-11
 7.4230869E-01,-4.8906097E+01,-1.0090984E+02, 3.5975989E-02, 3.9209449E-22, 7.4230869E-01,-6.8460939E-15, 1.6021687E-03, 1.3301480E+00,-7.0027201E-13, 9.9231163E-05, 0.0000000E+00, 1.7341731E-28, 9.9231163E-05,-1.4171866E-11
 7.4519331E-01,-4.8885140E+01,-1.0001919E+02, 3.5848379E-02, 5.9794345E-22, 7.4519331E-01,-6.2719004E-15, 1.7988080E-03, 1.3328360E+00,-7.8194400E-13, 9.9231163E-05, 0.0000000E+00, 2.9099648E-28, 9.9231163E-05,-1.4273659E-11
 7.4807794E-01,-4.8864767E+01,-9.9172379E+01, 3.5721329E-02, 9.0635263E-22, 7.4807794E-01,-6.8274456E-15, 2.0110694E-03, 1.3355083E+00,-7.6365636E-13, 9.9231163E-05, 0.0000000E+00, 4.8338019E-28, 9.9231163E-05,-1.4364142E-11
 7.5096257E-01,-4.8844961E+01,-9.8365889E+01, 3.5594842E-02, 1.3660549E-21, 7.5096257E-01,-6.7485157E-15, 2.2394706E-03, 1.3381645E+00,-8.7797141E-13, 9.9231163E-05, 0.0000000E+00, 7.9538873E-28, 9.9231163E-05,-1.4432004E-11
 7.5384719E-01,-4.8825706E+01,-9.7596549E+01, 3.5468922E-02, 2.0479707E-21, 7.5384719E-01,-7.2073501E-15, 2.4845173E-03, 1.3408041E+00,-8.9261595E-13, 9.9231163E-05, 0.0000000E+00, 1.2972372E-27, 9.9231163E-05,-1.4522487E-11
 7.5673182E-01,-4.8806985E+01,-9.6861514E+01, 3.5343573E-02, 3.0549244E-21, 7.5673182E-01,-7.8396568E-15, 2.7467041E-03, 1.3434266E+00,-9.5668124E-13, 9.9231163E-05, 0.0000000E+00, 2.0981982E-27, 9.9231163E-05,-1.4579039E-11
 7.5961645E-01,-4.8788784E+01,-9.6158222E+01, 3.5218797E-02, 4.5354618E-21, 7.5961645E-01,-7.8483304E-15, 3.0265150E-03, 1.3460314E+00,-9.3817638E-13, 9.9231163E-05, 0.0000000E+00, 3.3672696E-27, 9.9231163E-05,-1.4669521E-11
 7.6250108E-01,-4.8771087E+01,-9.5484360E+01, 3.5094597E-02, 6.7034353E-21, 7.6250108E-01,-7.2446466E-15, 3.3244235E-03, 1.3486181E+00,-9.6902283E-13, 9.9231163E-05, 0.0000000E+00, 5.3642805E-27, 9.9231163E-05,-1.4714763E-11
 7.6538570E-01,-4.8753880E+01,-9.4837844E+01, 3.4970977E-02, 9.8656823E-21, 7.6538570E-01,-7.2711011E-15, 3.6408937E-03, 1.3511863E+00,-1.1308511E-12, 9.9231163E-05, 0.0000000E+00, 8.4864746E-27, 9.9231163E-05,-1.4748694E-11
 7.6827033E-01,-4.8737147E+01,-9.4216786E+01, 3.4847939E-02, 1.4461006E-20, 7.6827033E-01,-6.2506501E-15, 3.9763798E-03, 1.3537354E+00,-1.1284485E-12, 9.9231163E-05, 0.0000000E+00, 1.3337941E-26, 9.9231163E-05,-1.4827866E-11
 7.7115496E-01,-4.8720874E+01,-9.3619482E+01, 3.4725485E-02, 2.1114946E-20, 7.7115496E-01,-6.5494562E-15, 4.3313269E-03, 1.3562651E+00,-1.1423757E-12, 9.9231163E-05, 0.0000000E+00, 2.0832630E-26, 9.9231163E-05,-1.4873108E-11
 7.7403959E-01,-4.8705048E+01,-9.3044387E+01, 3.4603617E-02, 3.0716456E-20, 7.7403959E-01,-5.9028380E-15, 4.7061708E-03, 1.3587749E+00,-1.2213845E-12, 9.9231163E-05, 0.0000000E+00, 3.2346504E-26, 9.9231163E-05,-1.4929659E-11
 7.7692421E-01,-4.8689655E+01,-9.2490097E+01, 3.4482338E-02, 4.4524860E-20, 7.7692421E-01,-6.0502895E-15, 5.1013380E-03, 1.3612643E+00,-1.3163104E-12, 9.9231163E-05, 0.0000000E+00, 4.9941270E-26, 9.9231163E-05,-1.4986211E-11
 7.7980884E-01,-4.8674681E+01,-9.1955343E+01, 3.4361649E-02, 6.4318696E-20, 7.7980884E-01,-5.9800332E-15, 5.5172459E-03, 1.3637330E+00,-1.3135373E-12, 9.9231163E-05, 0.0000000E+00, 7.6691925E-26, 9.9231163E-05,-1.5031452E-11
 7.8269347E-01,-4.8660115E+01,-9.1438967E+01, 3.4241551E-02, 9.2602094E-20, 7.8269347E-01,-6.6505038E-15, 5.9543024E-03, 1.3661806E+00,-1.2460462E-12, 9.9231163E-05, 0.0000000E+00, 1.1716427E-25, 9.9231163E-05,-1.5065383E-11
 7.8557809E-01,-4.8645943E+01,-9.0939917E+01, 3.4122047E-02, 1.3289007E-19, 7.8557809E-01,-6.3490956E-15, 6.4129055E-03, 1.3686066E+00,-1.3564714E-12, 9.9231163E-05, 0.0000000E+00, 1.7810807E-25, 9.9231163E-05,-1.5076694E-11
 7.8846272E-01,-4.8632153E+01,-9.0457235E+01, 3.4003137E-02, 1.9010157E-19, 7.8846272E-01,-6.5407826E-15, 6.8934436E-03, 1.3710107E+00,-1.4019756E-12, 9.9231163E-05, 0.0000000E+00, 2.6945911E-25, 9.9231163E-05,-1.5110625E-11
 7.9134735E-01,-4.8618734E+01,-8.9990046E+01, 3.3884822E-02, 2.7109916E-19, 7.9134735E-01,-6.8244099E-15, 7.3962942E-03, 1.3733925E+00,-1.2543178E-12, 9.9231163E-05, 0.0000000E+00, 4.0578150E-25, 9.9231163E-05,-1.5121935E-11
 7.9423198E-01,-4.8605674E+01,-8.9537551E+01, 3.3767104E-02, 3.8542798E-19, 7.9423198E-01,-6.5425173E-15, 7.9218246E-03, 1.3757516E+00,-1.3319402E-12, 9.9231163E-05, 0.0000000E+00, 6.0833559E-25, 9.9231163E-05,-1.5178487E-11
 7.9711660E-01,-4.8592962E+01,-8.9099016E+01, 3.3649982E-02, 5.4632532E-19, 7.9711660E-01,-6.1305205E-15, 8.4703903E-03, 1.3780877E+00,-1.2330847E-12, 9.9231163E-05, 0.0000000E+00, 9.0803096E-25, 9.9231163E-05,-1.5155866E-11
 8.0000123E-01,-4.8580588E+01,-8.8673771E+01, 3.3533437E-02, 7.7209164E-19, 8.0000123E-01,-6.4943787E-15, 9.0423356E-03, 1.3804003E+00,-1.1825821E-12, 9.9231163E-05, 0.0000000E+00, 1.3496251E-24, 9.9231163E-05,-1.5212418E-11
 8.0288586E-01,-4.8568540E+01,-8.8261200E+01, 3.3417453E-02, 1.0879504E-18, 8.0288586E-01,-6.6851983E-15, 9.6379924E-03, 1.3826893E+00,-1.1641843E-12, 9.9231163E-05, 0.0000000E+00, 1.9976702E-24, 9.9231163E-05,-1.5189797E-11
 8.0577048E-01,-4.8556809E+01,-8.7860733E+01, 3.3302071E-02, 1.5285608E-18, 8.0577048E-01,-6.8868599E-15, 1.0257680E-02, 1.3849543E+00,-1.1776921E-12, 9.9231163E-05, 0.0000000E+00, 2.9449001E-24, 9.9231163E-05,-1.5189797E-11
 8.0865511E-01,-4.8545385E+01,-8.7471848E+01, 3.3187291E-02, 2.1414012E-18, 8.0865511E-01,-6.0763104E-15, 1.0901704E-02, 1.3871949E+00,-1.3181995E-12, 9.9231163E-05, 0.0000000E+00, 4.3240146E-24, 9.9231163E-05,-1.5189797E-11
 8.1153974E-01,-4.8534259E+01,-8.7094060E+01, 3.3073111E-02, 2.9913098E-18, 8.1153974E-01,-6.9814023E-15, 1.1570358E-02, 1.3894108E+00,-1.2520885E-12, 9.9231163E-05, 0.0000000E+00, 6.3241648E-24, 9.9231163E-05,-1.5167177E-11
 8.1442437E-01,-4.8523420E+01,-8.6726920E+01, 3.2959531E-02, 4.1665573E-18, 8.1442437E-01,-7.4506450E-15, 1.2263919E-02, 1.3916019E+00,-1.1387991E-12, 9.9231163E-05, 0.0000000E+00, 9.2139282E-24, 9.9231163E-05,-1.5223728E-11
 8.1730899E-01,-4.8512862E+01,-8.6370010E+01, 3.2846551E-02, 5.7869406E-18, 8.1730899E-01,-7.0117600E-15, 1.2982652E-02, 1.3937678E+00,-1.1522482E-12, 9.9231163E-05, 0.0000000E+00, 1.3373194E-23, 9.9231163E-05,-1.5178487E-11
 8.2019362E-01,-4.8502574E+01,-8.6022943E+01, 3.2734169E-02, 8.0145240E-18, 8.2019362E-01,-7.3435259E-15, 1.3726806E-02, 1.3959083E+00,-1.1498902E-12, 9.9231163E-05, 0.0000000E+00, 1.9337234E-23, 9.9231163E-05,-1.5178487E-11
 8.2307825E-01,-4.8492549E+01,-8.5685356E+01, 3.2622386E-02, 1.1067893E-17, 8.2307825E-01,-7.1353590E-15, 1.4496615E-02, 1.3980231E+00,-1.0375037E-12, 9.9231163E-05, 0.0000000E+00, 2.7857393E-23, 9.9231163E-05,-1.5144556E-11
 8.2596287E-01,-4.8482779E+01,-8.5356910E+01, 3.2511200E-02, 1.5240940E-17, 8.2596287E-01,-7.5417180E-15, 1.5292296E-02, 1.4001120E+00,-1.0667647E-12, 9.9231163E-05, 0.0000000E+00, 3.9984324E-23, 9.9231163E-05,-1.5155866E-11
 8.2884750E-01,-4.8473255E+01,-8.5037287E+01, 3.2400610E-02, 2.0927555E-17, 8.2884750E-01,-8.0109607E-15, 1.6114053E-02, 1.4021749E+00,-1.0176276E-12, 9.9231163E-05, 0.0000000E+00, 5.7181675E-23, 9.9231163E-05,-1.5121935E-11
 8.3173213E-01,-4.8463971E+01,-8.4726189E+01, 3.2290615E-02, 2.8653989E-17, 8.3173213E-01,-7.3760519E-15, 1.6962070E-02, 1.4042115E+00,-9.3744188E-13, 9.9231163E-05, 0.0000000E+00, 8.1480762E-23, 9.9231163E-05,-1.5099315E-11
 8.3461676E-01,-4.8454919E+01,-8.4423335E+01, 3.2181213E-02, 3.9121127E-17, 8.3461676E-01,-6.4332297E-15, 1.7836519E-02, 1.4062217E+00,-9.1995058E-13, 9.9231163E-05, 0.0000000E+00, 1.1569018E-22, 9.9231163E-05,-1.5054073E-11
 8.3750138E-01,-4.8446092E+01,-8.4128458E+01, 3.2072403E-02, 5.3259481E-17, 8.3750138E-01,-6.5160628E-15, 1.8737552E-02, 1.4082053E+00,-1.0736995E-12, 9.9231163E-05, 0.0000000E+00, 1.6367872E-22, 9.9231163E-05,-1.5042763E-11
 8.4038601E-01,-4.8437484E+01,-8.3841308E+01, 3.1964183E-02, 7.2300524E-17, 8.4038601E-01,-6.3746828E-15, 1.9665305E-02, 1.4101622E+00,-1.1181217E-12, 9.9231163E-05, 0.0000000E+00, 2.3075579E-22, 9.9231163E-05,-1.5042763E-11
 8.4327064E-01,-4.8429087E+01,-8.3561647E+01, 3.1856553E-02, 9.7868867E-17, 8.4327064E-01,-6.6860657E-15, 2.0619899E-02, 1.4120922E+00,-1.0848741E-12, 9.9231163E-05, 0.0000000E+00, 3.2418084E-22, 9.9231163E-05,-1.4986211E-11
 8.4615527E-01,-4.8420897E+01,-8.3289248E+01, 3.1749509E-02, 1.3210097E-16, 8.4615527E-01,-5.9904415E-15, 2.1601437E-02, 1.4139953E+00,-1.0053589E-12, 9.9231163E-05, 0.0000000E+00, 4.5384292E-22, 9.9231163E-05,-1.4952280E-11
 8.4903989E-01,-4.8412905E+01,-8.3023897E+01, 3.1643051E-02, 1.7779745E-16, 8.4903989E-01,-5.6278843E-15, 2.2610004E-02, 1.4158713E+00,-1.0342149E-12, 9.9231163E-05, 0.0000000E+00, 6.3316364E-22, 9.9231163E-05,-1.4907039E-11
 8.5192452E-01,-4.8405107E+01,-8.2765388E+01, 3.1537176E-02, 2.3861755E-16, 8.5192452E-01,-6.6943056E-15, 2.3645671E-02, 1.4177203E+00,-9.7052452E-13, 9.9231163E-05, 0.0000000E+00, 8.8029186E-22, 9.9231163E-05,-1.4895728E-11
 8.5480915E-01,-4.8397498E+01,-8.2513525E+01, 3.1431882E-02, 3.1932786E-16, 8.5480915E-01,-5.8165355E-15, 2.4708489E-02, 1.4195421E+00,-1.0454580E-12, 9.9231163E-05, 0.0000000E+00, 1.2196793E-21, 9.9231163E-05,-1.4850487E-11
 8.5769377E-01,-4.8390071E+01,-8.2268121E+01, 3.1327168E-02, 4.2611806E-16, 8.5769377E-01,-6.3820554E-15, 2.5798495E-02, 1.4213367E+00,-9.8199909E-13, 9.9231163E-05, 0.0000000E+00, 1.6841506E-21, 9.9231163E-05,-1.4827866E-11
 8.6057840E-01,-4.8382821E+01,-8.2028998E+01, 3.1223031E-02, 5.6699971E-16, 8.6057840E-01,-6.2870793E-15, 2.6915709E-02, 1.4231041E+00,-1.1025512E-12, 9.9231163E-05, 0.0000000E+00, 2.3176102E-21, 9.9231163E-05,-1.4771314E-11
 8.6346303E-01,-4.8375743E+01,-8.1795982E+01, 3.1119469E-02, 7.5231016E-16, 8.6346303E-01,-5.5567607E-15, 2.8060132E-02, 1.4248443E+00,-1.1156450E-12, 9.9231163E-05, 0.0000000E+00, 3.1785718E-21, 9.9231163E-05,-1.4703452E-11
 8.6634766E-01,-4.8368833E+01,-8.1568908E+01, 3.1016479E-02, 9.9534583E-16, 8.6634766E-01,-4.9196835E-15, 2.9231754E-02, 1.4265574E+00,-1.1744445E-12, 9.9231163E-05, 0.0000000E+00, 4.3447402E-21, 9.9231163E-05,-1.4669521E-11
 8.6923228E-01,-4.8362085E+01,-8.1347618E+01, 3.0914060E-02, 1.3131557E-15, 8.6923228E-01,-4.6915673E-15, 3.0430544E-02, 1.4282432E+00,-1.2786785E-12, 9.9231163E-05, 0.0000000E+00, 5.9189384E-21, 9.9231163E-05,-1.4579039E-11
 8.7211691E-01,-4.8355495E+01,-8.1131958E+01, 3.0812209E-02, 1.7275323E-15, 8.7211691E-01,-4.0328061E-15, 3.1656459E-02, 1.4299019E+00,-1.2457701E-12, 9.9231163E-05, 0.0000000E+00, 8.0367457E-21, 9.9231163E-05,-1.4556418E-11
 8.7500154E-01,-4.8349058E+01,-8.0921781E+01, 3.0710923E-02, 2.2662444E-15, 8.7500154E-01,-3.9790297E-15, 3.2909438E-02, 1.4315335E+00,-1.3646154E-12, 9.9231163E-05, 0.0000000E+00, 1.0876304E-20, 9.9231163E-05,-1.4465935E-11
 8.7788616E-01,-4.8342771E+01,-8.0716944E+01, 3.0610200E-02, 2.9645670E-15, 8.7788616E-01,-3.7587198E-15, 3.4189408E-02, 1.4331382E+00,-1.3921979E-12, 9.9231163E-05, 0.0000000E+00, 1.4670861E-20, 9.9231163E-05,-1.4420694E-11
 8.8077079E-01,-4.8336629E+01,-8.0517309E+01, 3.0510038E-02, 3.8671713E-15, 8.8077079E-01,-4.0020148E-15, 3.5496279E-02, 1.4347160E+00,-1.4196721E-12, 9.9231163E-05, 0.0000000E+00, 1.9724755E-20, 9.9231163E-05,-1.4364142E-11
 8.8365542E-01,-4.8330629E+01,-8.0322744E+01, 3.0410434E-02, 5.0304544E-15, 8.8365542E-01,-4.5376106E-15, 3.6829948E-02, 1.4362669E+00,-1.5977719E-12, 9.9231163E-05, 0.0000000E+00, 2.6433714E-20, 9.9231163E-05,-1.4284969E-11
 8.8654005E-01,-4.8324765E+01,-8.0133120E+01, 3.0311385E-02, 6.5253989E-15, 8.8654005E-01,-4.2058448E-15, 3.8190297E-02, 1.4377912E+00,-1.4893422E-12, 9.9231163E-05, 0.0000000E+00, 3.5310533E-20, 9.9231163E-05,-1.4217107E-11
 8.8942467E-01,-4.8319036E+01,-7.9948311E+01, 3.0212888E-02, 8.4410689E-15, 8.8942467E-01,-4.0839804E-15, 3.9577195E-02, 1.4392889E+00,-1.4714227E-12, 9.9231163E-05, 0.0000000E+00, 4.7017437E-20, 9.9231163E-05,-1.4160556E-11
 8.9230930E-01,-4.8313437E+01,-7.9768198E+01, 3.0114941E-02, 1.0888858E-14, 8.9230930E-01,-4.0657658E-15, 4.0990499E-02, 1.4407602E+00,-1.4535729E-12, 9.9231163E-05, 0.0000000E+00, 6.2406701E-20, 9.9231163E-05,-1.4104004E-11
 8.9519393E-01,-4.8307964E+01,-7.9592661E+01, 3.0017542E-02, 1.4007728E-14, 8.9519393E-01,-4.1017614E-15, 4.2430052E-02, 1.4422053E+00,-1.3610116E-12, 9.9231163E-05, 0.0000000E+00, 8.2571566E-20, 9.9231163E-05,-1.4002211E-11
 8.9807856E-01,-4.8302614E+01,-7.9421589E+01, 2.9920686E-02, 1.7970472E-14, 8.9807856E-01,-4.3199028E-15, 4.3895685E-02, 1.4436243E+00,-1.1493919E-12, 9.9231163E-05, 0.0000000E+00, 1.0890969E-19, 9.9231163E-05,-1.3968280E-11
 9.0096318E-01,-4.8297385E+01,-7.9254868E+01, 2.9824372E-02, 2.2991312E-14, 9.0096318E-01,-4.3970980E-15, 4.5387218E-02, 1.4450174E+00,-1.1620656E-12, 9.9231163E-05, 0.0000000E+00, 1.4320199E-19, 9.9231163E-05,-1.3889107E-11
 9.0384781E-01,-4.8292273E+01,-7.9092393E+01, 2.9728597E-02, 2.9335057E-14, 9.0384781E-01,-5.1929024E-15, 4.6904460E-02, 1.4463848E+00,-1.1300818E-12, 9.9231163E-05, 0.0000000E+00, 1.8771037E-19, 9.9231163E-05,-1.3798625E-11
 9.0673244E-01,-4.8287275E+01,-7.8934059E+01, 2.9633358E-02, 3.7328088E-14, 9.0673244E-01,-5.5515565E-15, 4.8447208E-02, 1.4477267E+00,-9.4981304E-13, 9.9231163E-05, 0.0000000E+00, 2.4529820E-19, 9.9231163E-05,-1.3719452E-11
 9.0961706E-01,-4.8282388E+01,-7.8779763E+01, 2.9538651E-02, 4.7371508E-14, 9.0961706E-01,-5.6226802E-15, 5.0015249E-02, 1.4490433E+00,-9.4798533E-13, 9.9231163E-05, 0.0000000E+00, 3.1957869E-19, 9.9231163E-05,-1.3640280E-11
 9.1250169E-01,-4.8277610E+01,-7.8629406E+01, 2.9444475E-02, 5.9956824E-14, 9.1250169E-01,-5.5936235E-15, 5.1608362E-02, 1.4503348E+00,-9.6094845E-13, 9.9231163E-05, 0.0000000E+00, 4.1509668E-19, 9.9231163E-05,-1.3595038E-11
 9.1538632E-01,-4.8272937E+01,-7.8482893E+01, 2.9350826E-02, 7.5684607E-14, 9.1538632E-01,-4.9708578E-15, 5.3226315E-02, 1.4516015E+00,-1.0476393E-12, 9.9231163E-05, 0.0000000E+00, 5.3755078E-19, 9.9231163E-05,-1.3504555E-11
 9.1827095E-01,-4.8268367E+01,-7.8340128E+01, 2.9257701E-02, 9.5286603E-14, 9.1827095E-01,-5.1781573E-15, 5.4868867E-02, 1.4528435E+00,-8.9836238E-13, 9.9231163E-05, 0.0000000E+00, 6.9406397E-19, 9.9231163E-05,-1.3402762E-11
 9.2115557E-01,-4.8263897E+01,-7.8201021E+01, 2.9165096E-02, 1.1965189E-13, 9.2115557E-01,-4.8594018E-15, 5.6535769E-02, 1.4540613E+00,-9.7014251E-13, 9.9231163E-05, 0.0000000E+00, 8.9351200E-19, 9.9231163E-05,-1.3300969E-11
 9.2404020E-01,-4.8259526E+01,-7.8065481E+01, 2.9073011E-02, 1.4985767E-13, 9.2404020E-01,-4.6000607E-15, 5.8226766E-02, 1.4552549E+00,-8.9493790E-13, 9.9231163E-05, 0.0000000E+00, 1.1469208E-18, 9.9231163E-05,-1.3210486E-11
 9.2692483E-01,-4.8255250E+01,-7.7933422E+01, 2.8981440E-02, 1.8720552E-13, 9.2692483E-01,-4.4573797E-15, 5.9941593E-02, 1.4564247E+00,-9.8109466E-13, 9.9231163E-05, 0.0000000E+00, 1.4679459E-18, 9.9231163E-05,-1.3142624E-11
 9.2980945E-01,-4.8251068E+01,-7.7804758E+01, 2.8890382E-02, 2.3326376E-13, 9.2980945E-01,-3.8558643E-15, 6.1679980E-02, 1.4575709E+00,-1.0084626E-12, 9.9231163E-05, 0.0000000E+00, 1.8734485E-18, 9.9231163E-05,-1.3040831E-11
 9.3269408E-01,-4.8246977E+01,-7.7679407E+01, 2.8799833E-02, 2.8991705E-13, 9.3269408E-01,-3.7175201E-15, 6.3441649E-02, 1.4586939E+00,-8.6067446E-13, 9.9231163E-05, 0.0000000E+00, 2.3841866E-18, 9.9231163E-05,-1.2927728E-11
 9.3557871E-01,-4.8242975E+01,-7.7557288E+01, 2.8709790E-02, 3.5942413E-13, 9.3557871E-01,-3.8502265E-15, 6.5226319E-02, 1.4597938E+00,-9.9008745E-13, 9.9231163E-05, 0.0000000E+00, 3.0256401E-18, 9.9231163E-05,-1.2825935E-11
 9.3846334E-01,-4.8239060E+01,-7.7438321E+01, 2.8620250E-02, 4.4448481E-13, 9.3846334E-01,-3.4061372E-15, 6.7033701E-02, 1.4608711E+00,-1.0172834E-12, 9.9231163E-05, 0.0000000E+00, 3.8289939E-18, 9.9231163E-05,-1.2712831E-11
 9.4134796E-01,-4.8235229E+01,-7.7322430E+01, 2.8531210E-02, 5.4831762E-13, 9.4134796E-01,-3.0414116E-15, 6.8863502E-02, 1.4619259E+00,-1.1023979E-12, 9.9231163E-05, 0.0000000E+00, 4.8323060E-18, 9.9231163E-05,-1.2678900E-11
 9.4423259E-01,-4.8231482E+01,-7.7209539E+01, 2.8442668E-02, 6.7474829E-13, 9.4423259E-01,-3.3592997E-15, 7.0715425E-02, 1.4629586E+00,-1.2016701E-12, 9.9231163E-05, 0.0000000E+00, 6.0818875E-18, 9.9231163E-05,-1.2520555E-11
 9.4711722E-01,-4.8227816E+01,-7.7099574E+01, 2.8354620E-02, 8.2831484E-13, 9.4711722E-01,-4.5128908E-15, 7.2589167E-02, 1.4639695E+00,-1.2138649E-12, 9.9231163E-05, 0.0000000E+00, 7.6339361E-18, 9.9231163E-05,-1.2475314E-11
 9.5000185E-01,-4.8224228E+01,-7.6992464E+01, 2.8267062E-02, 1.0143862E-12, 9.5000185E-01,-3.8051236E-15, 7.4484424E-02, 1.4649589E+00,-1.2548615E-12, 9.9231163E-05, 0.0000000E+00, 9.5564587E-18, 9.9231163E-05,-1.2328279E-11
 9.5288647E-01,-4.8220719E+01,-7.6888138E+01, 2.8179993E-02, 1.2392969E-12, 9.5288647E-01,-4.0167599E-15, 7.6400888E-02, 1.4659270E+00,-1.2237211E-12, 9.9231163E-05, 0.0000000E+00, 1.1931526E-17, 9.9231163E-05,-1.2215176E-11
 9.5577110E-01,-4.8217284E+01,-7.6786528E+01, 2.8093409E-02, 1.5105031E-12, 9.5577110E-01,-3.7921132E-15, 7.8338247E-02, 1.4668743E+00,-1.2358064E-12, 9.9231163E-05, 0.0000000E+00, 1.4857913E-17, 9.9231163E-05,-1.2124693E-11
 9.5865573E-01,-4.8213924E+01,-7.6687567E+01, 2.8007307E-02, 1.8367590E-12, 9.5865573E-01,-3.8237719E-15, 8.0296188E-02, 1.4678010E+00,-1.1331022E-12, 9.9231163E-05, 0.0000000E+00, 1.8454180E-17, 9.9231163E-05,-1.2034210E-11
 9.6154035E-01,-4.8210636E+01,-7.6591189E+01, 2.7921683E-02, 2.2283186E-12, 9.6154035E-01,-3.4703220E-15, 8.2274396E-02, 1.4687074E+00,-1.1882604E-12, 9.9231163E-05, 0.0000000E+00, 2.2862258E-17, 9.9231163E-05,-1.1921107E-11
 9.6442498E-01,-4.8207419E+01,-7.6497330E+01, 2.7836536E-02, 2.6971632E-12, 9.6442498E-01,-3.0336054E-15, 8.4272554E-02, 1.4695939E+00,-1.0574462E-12, 9.9231163E-05, 0.0000000E+00, 2.8251616E-17, 9.9231163E-05,-1.1830624E-11
 9.6730961E-01,-4.8204271E+01,-7.6405929E+01, 2.7751861E-02, 3.2572593E-12, 9.6730961E-01,-2.8176323E-15, 8.6290344E-02, 1.4704607E+00,-1.0269601E-12, 9.9231163E-05, 0.0000000E+00, 3.4824081E-17, 9.9231163E-05,-1.1717520E-11
 9.7019424E-01,-4.8201191E+01,-7.6316923E+01, 2.7667657E-02, 3.9248498E-12, 9.7019424E-01,-3.0752387E-15, 8.8327447E-02, 1.4713082E+00,-1.1816671E-12, 9.9231163E-05, 0.0000000E+00, 4.2819403E-17, 9.9231163E-05,-1.1593107E-11
 9.7307886E-01,-4.8198177E+01,-7.6230254E+01, 2.7583919E-02, 4.7187807E-12, 9.7307886E-01,-3.0743714E-15, 9.0383543E-02, 1.4721368E+00,-1.1652749E-12, 9.9231163E-05, 0.0000000E+00, 5.2521670E-17, 9.9231163E-05,-1.1468693E-11
 9.7596349E-01,-4.8195228E+01,-7.6145862E+01, 2.7500645E-02, 5.6608687E-12, 9.7596349E-01,-3.1212089E-15, 9.2458313E-02, 1.4729466E+00,-1.1489432E-12, 9.9231163E-05, 0.0000000E+00, 6.4266669E-17, 9.9231163E-05,-1.1355589E-11
 9.7884812E-01,-4.8192342E+01,-7.6063692E+01, 2.7417832E-02, 6.7763128E-12, 9.7884812E-01,-3.2734309E-15, 9.4551437E-02, 1.4737381E+00,-1.2317802E-12, 9.9231163E-05, 0.0000000E+00, 7.8450330E-17, 9.9231163E-05,-1.1287727E-11
 9.8173274E-01,-4.8189518E+01,-7.5983687E+01, 2.7335477E-02, 8.0941531E-12, 9.8173274E-01,-3.7500462E-15, 9.6662595E-02, 1.4745116E+00,-1.3284455E-12, 9.9231163E-05, 0.0000000E+00, 9.5538371E-17, 9.9231163E-05,-1.1129382E-11
 9.8461737E-01,-4.8186755E+01,-7.5905793E+01, 2.7253577E-02, 9.6477838E-12, 9.8461737E-01,-3.3449882E-15, 9.8791470E-02, 1.4752673E+00,-1.2554785E-12, 9.9231163E-05, 0.0000000E+00, 1.1607730E-16, 9.9231163E-05,-1.1004969E-11
 9.8750200E-01,-4.8184051E+01,-7.5829957E+01, 2.7172129E-02, 1.1475522E-11, 9.8750200E-01,-3.7153517E-15, 1.0093774E-01, 1.4760057E+00,-1.1827784E-12, 9.9231163E-05, 0.0000000E+00, 1.4070691E-16, 9.9231163E-05,-1.0914486E-11
 9.9038663E-01,-4.8181406E+01,-7.5756126E+01, 2.7091130E-02, 1.3621240E-11, 9.9038663E-01,-3.3120285E-15, 1.0310110E-01, 1.4767270E+00,-1.1806188E-12, 9.9231163E-05, 0.0000000E+00, 1.7017451E-16, 9.9231163E-05,-1.0790072E-11
 9.9327125E-01,-4.8178817E+01,-7.5684252E+01, 2.7010577E-02, 1.6135064E-11, 9.9327125E-01,-3.7257600E-15, 1.0528123E-01, 1.4774315E+00,-1.0942908E-12, 9.9231163E-05, 0.0000000E+00, 2.0535096E-16, 9.9231163E-05,-1.0676968E-11
 9.9615588E-01,-4.8176284E+01,-7.5614283E+01, 2.6930467E-02, 1.9074149E-11, 9.9615588E-01,-4.0267346E-15, 1.0747780E-01, 1.4781195E+00,-1.0642923E-12, 9.9231163E-05, 0.0000000E+00, 2.4724883E-16, 9.9231163E-05,-1.0552555E-11
 9.9904051E-01,-4.8173806E+01,-7.5546171E+01, 2.6850797E-02, 2.2503526E-11, 9.9904051E-01,-3.7374694E-15, 1.0969053E-01, 1.4787914E+00,-1.1602085E-12, 9.9231163E-05, 0.0000000E+00, 2.9704289E-16, 9.9231163E-05,-1.0416830E-11
 1.0000000E+00,-4.8172987E+01,-7.5523739E+01, 2.6824347E-02, 2.3709571E-11, 1.0000000E+00,-3.6102925E-15, 1.1042831E-01, 1.4790131E+00,-1.1874480E-12, 9.9231163E-05, 0.0000000E+00, 3.1453532E-16, 9.9231163E-05,-1.0292417E-11
 1.0014392E+00,-4.8171773E+01,-7.5490536E+01, 2.6784780E-02, 2.5654601E-11, 1.0014392E+00,-3.8696337E-15, 1.1153893E-01, 1.4793418E+00,-1.1165871E-12, 9.9231163E-05, 0.0000000E+00, 3.4302803E-16, 9.9231163E-05,-1.0326348E-11
 1.0035981E+00,-4.8169982E+01,-7.5441714E+01, 2.6725673E-02, 2.8908899E-11, 1.0035981E+00,-3.4012583E-15, 1.1321365E-01, 1.4798259E+00,-1.1011355E-12, 9.9231163E-05, 0.0000000E+00, 3.9144219E-16, 9.9231163E-05,-1.0292417E-11
 1.0068364E+00,-4.8167359E+01,-7.5370628E+01, 2.6637555E-02, 3.4665734E-11, 1.0068364E+00,-3.3422777E-15, 1.1574501E-01, 1.4805328E+00,-1.1962727E-12, 9.9231163E-05, 0.0000000E+00, 4.7919372E-16, 9.9231163E-05,-1.0247175E-11
 1.0100747E+00,-4.8164800E+01,-7.5301663E+01, 2.6549977E-02, 4.1462867E-11, 1.0100747E+00,-3.4658768E-15, 1.1829524E-01, 1.4812209E+00,-1.1799688E-12, 9.9231163E-05, 0.0000000E+00, 5.8493341E-16, 9.9231163E-05,-1.0054899E-11
 1.0133130E+00,-4.8162303E+01,-7.5234758E+01, 2.6462937E-02, 4.9468488E-11, 1.0133130E+00,-3.2087040E-15, 1.2086391E-01, 1.4818905E+00,-1.0806072E-12, 9.9231163E-05, 0.0000000E+00, 7.1200155E-16, 9.9231163E-05,-9.9304855E-12
 1.0165512E+00,-4.8159866E+01,-7.5169853E+01, 2.6376429E-02, 5.8874594E-11, 1.0165512E+00,-3.7126412E-15, 1.2345060E-01, 1.4825421E+00,-9.9547225E-13, 9.9231163E-05, 0.0000000E+00, 8.6429204E-16, 9.9231163E-05,-9.7608303E-12
 1.0197895E+00,-4.8157489E+01,-7.5106891E+01, 2.6290450E-02, 6.9899840E-11, 1.0197895E+00,-3.1544939E-15, 1.2605490E-01, 1.4831761E+00,-9.9346904E-13, 9.9231163E-05, 0.0000000E+00, 1.0463325E-15, 9.9231163E-05,-9.5459337E-12
 1.0230278E+00,-4.8155170E+01,-7.5045817E+01, 2.6204995E-02, 8.2792660E-11, 1.0230278E+00,-3.4107993E-15, 1.2867641E-01, 1.4837929E+00,-1.1016376E-12, 9.9231163E-05, 0.0000000E+00, 1.2633743E-15, 9.9231163E-05,-9.4215199E-12
 1.0262661E+00,-4.8152906E+01,-7.4986575E+01, 2.6120061E-02, 9.7834678E-11, 1.0262661E+00,-3.4897292E-15, 1.3131472E-01, 1.4843928E+00,-8.6580087E-13, 9.9231163E-05, 0.0000000E+00, 1.5214927E-15, 9.9231163E-05,-9.2405543E-12
 1.0295044E+00,-4.8150699E+01,-7.4929112E+01, 2.6035644E-02, 1.1534442E-10, 1.0295044E+00,-3.2329902E-15, 1.3396944E-01, 1.4849764E+00,-8.2292292E-13, 9.9231163E-05, 0.0000000E+00, 1.8276997E-15, 9.9231163E-05,-9.0482784E-12
 1.0327427E+00,-4.8148545E+01,-7.4873377E+01, 2.5951740E-02, 1.3568135E-10, 1.0327427E+00,-4.1948943E-15, 1.3664018E-01, 1.4855439E+00,-7.3915214E-13, 9.9231163E-05, 0.0000000E+00, 2.1900685E-15, 9.9231163E-05,-8.8786231E-12
 1.0359810E+00,-4.8146444E+01,-7.4819319E+01, 2.5868345E-02, 1.5924994E-10, 1.0359810E+00,-4.3466826E-15, 1.3932654E-01, 1.4860959E+00,-6.8303662E-13, 9.9231163E-05, 0.0000000E+00, 2.6178719E-15, 9.9231163E-05,-8.7202783E-12
 1.0392193E+00,-4.8144394E+01,-7.4766890E+01, 2.5785456E-02, 1.8650512E-10, 1.0392193E+00,-4.9299834E-15, 1.4202816E-01, 1.4866325E+00,-5.3170925E-13, 9.9231163E-05, 0.0000000E+00, 3.1217371E-15, 9.9231163E-05,-8.5732438E-12
 1.0424575E+00,-4.8142395E+01,-7.4716041E+01, 2.5703067E-02, 2.1795691E-10, 1.0424575E+00,-5.1372829E-15, 1.4474465E-01, 1.4871543E+00,-6.2589976E-13, 9.9231163E-05, 0.0000000E+00, 3.7138158E-15, 9.9231163E-05,-8.3809678E-12
 1.0456958E+00,-4.8140444E+01,-7.4666727E+01, 2.5621176E-02, 2.5417599E-10, 1.0456958E+00,-4.7278881E-15, 1.4747566E-01, 1.4876616E+00,-6.3823977E-13, 9.9231163E-05, 0.0000000E+00, 4.4079720E-15, 9.9231163E-05,-8.1886919E-12
 1.0489341E+00,-4.8138542E+01,-7.4618902E+01, 2.5539779E-02, 2.9579965E-10, 1.0489341E+00,-4.7994455E-15, 1.5022082E-01, 1.4881547E+00,-8.1316376E-13, 9.9231163E-05, 0.0000000E+00, 5.2199886E-15, 9.9231163E-05,-8.0303471E-12
 1.0521724E+00,-4.8136687E+01,-7.4572522E+01, 2.5458871E-02, 3.4353819E-10, 1.0521724E+00,-4.8783754E-15, 1.5297977E-01, 1.4886341E+00,-7.8450770E-13, 9.9231163E-05, 0.0000000E+00, 6.1677949E-15, 9.9231163E-05,-7.8606918E-12
 1.0554107E+00,-4.8134877E+01,-7.4527545E+01, 2.5378450E-02, 3.9818172E-10, 1.0554107E+00,-4.5648241E-15, 1.5575217E-01, 1.4891000E+00,-6.6146892E-13, 9.9231163E-05, 0.0000000E+00, 7.2717155E-15, 9.9231163E-05,-7.6910366E-12
 1.0586490E+00,-4.8133113E+01,-7.4483930E+01, 2.5298512E-02, 4.6060746E-10, 1.0586490E+00,-4.5969165E-15, 1.5853769E-01, 1.4895527E+00,-6.1975069E-13, 9.9231163E-05, 0.0000000E+00, 8.5547431E-15, 9.9231163E-05,-7.4761400E-12
 1.0618873E+00,-4.8131392E+01,-7.4441636E+01, 2.5219052E-02, 5.3178747E-10, 1.0618873E+00,-4.1918586E-15, 1.6133597E-01, 1.4899927E+00,-6.9921388E-13, 9.9231163E-05, 0.0000000E+00, 1.0042836E-14, 9.9231163E-05,-7.3177951E-12
 1.0651255E+00,-4.8129714E+01,-7.4400624E+01, 2.5140067E-02, 6.1279700E-10, 1.0651255E+00,-3.9268795E-15, 1.6414670E-01, 1.4904203E+00,-8.0520622E-13, 9.9231163E-05, 0.0000000E+00, 1.1765243E-14, 9.9231163E-05,-7.1028985E-12
 1.0683638E+00,-4.8128077E+01,-7.4360856E+01, 2.5061553E-02, 7.0482320E-10, 1.0683638E+00,-3.6909572E-15, 1.6696955E-01, 1.4908357E+00,-7.5005780E-13, 9.9231163E-05, 0.0000000E+00, 1.3754855E-14, 9.9231163E-05,-6.9671743E-12
 1.0716021E+00,-4.8126482E+01,-7.4322295E+01, 2.4983508E-02, 8.0917451E-10, 1.0716021E+00,-3.8375413E-15, 1.6980421E-01, 1.4912394E+00,-8.8227330E-13, 9.9231163E-05, 0.0000000E+00, 1.6048589E-14, 9.9231163E-05,-6.7748984E-12
 1.0748404E+00,-4.8124926E+01,-7.4284904E+01, 2.4905927E-02, 9.2729049E-10, 1.0748404E+00,-4.0153504E-15, 1.7265037E-01, 1.4916315E+00,-9.3392368E-13, 9.9231163E-05, 0.0000000E+00, 1.8687804E-14, 9.9231163E-05,-6.5939329E-12
 1.0780787E+00,-4.8123410E+01,-7.4248650E+01, 2.4828806E-02, 1.0607523E-09, 1.0780787E+00,-4.5652578E-15, 1.7550772E-01, 1.4920124E+00,-9.0547831E-13, 9.9231163E-05, 0.0000000E+00, 2.1718748E-14, 9.9231163E-05,-6.3903466E-12
 1.0813170E+00,-4.8121931E+01,-7.4213499E+01, 2.4752143E-02, 1.2112936E-09, 1.0813170E+00,-4.5934470E-15, 1.7837598E-01, 1.4923825E+00,-9.7017354E-13, 9.9231163E-05, 0.0000000E+00, 2.5193043E-14, 9.9231163E-05,-6.2320017E-12
 1.0845553E+00,-4.8120489E+01,-7.4179416E+01, 2.4675933E-02, 1.3808122E-09, 1.0845553E+00,-4.8939879E-15, 1.8125484E-01, 1.4927419E+00,-1.0346185E-12, 9.9231163E-05, 0.0000000E+00, 2.9168210E-14, 9.9231163E-05,-6.0284155E-12
 1.0877936E+00,-4.8119084E+01,-7.4146371E+01, 2.4600173E-02, 1.5713823E-09, 1.0877936E+00,-4.1597662E-15, 1.8414402E-01, 1.4930910E+00,-1.0590984E-12, 9.9231163E-05, 0.0000000E+00, 3.3708228E-14, 9.9231163E-05,-5.8474499E-12
 1.0910318E+00,-4.8117714E+01,-7.4114331E+01, 2.4524860E-02, 1.7852673E-09, 1.0910318E+00,-3.5387352E-15, 1.8704326E-01, 1.4934300E+00,-1.2420425E-12, 9.9231163E-05, 0.0000000E+00, 3.8884138E-14, 9.9231163E-05,-5.6777947E-12
 1.0942701E+00,-4.8116379E+01,-7.4083268E+01, 2.4449990E-02, 2.0249328E-09, 1.0942701E+00,-3.5144490E-15, 1.8995227E-01, 1.4937593E+00,-1.2396537E-12, 9.9231163E-05, 0.0000000E+00, 4.4774694E-14, 9.9231163E-05,-5.4855188E-12
 1.0991276E+00,-4.8114452E+01,-7.4038758E+01, 2.4338666E-02, 2.4498663E-09, 1.0991276E+00,-2.6739755E-15, 1.9433690E-01, 1.4942321E+00,-1.5911341E-12, 9.9231163E-05, 0.0000000E+00, 5.5516436E-14, 9.9231163E-05,-5.2819325E-12
 1.1039850E+00,-4.8112597E+01,-7.3996255E+01, 2.4228317E-02, 2.9520832E-09, 1.1039850E+00,-2.6791797E-15, 1.9874178E-01, 1.4946847E+00,-1.5078972E-12, 9.9231163E-05, 0.0000000E+00, 6.8520002E-14, 9.9231163E-05,-4.8634496E-12
 1.1088424E+00,-4.8110812E+01,-7.3955668E+01, 2.4118931E-02, 3.5434644E-09, 1.1088424E+00,-3.3695996E-15, 2.0316608E-01, 1.4951178E+00,-1.4643604E-12, 9.9231163E-05, 0.0000000E+00, 8.4197386E-14, 9.9231163E-05,-4.4223461E-12
 1.1136998E+00,-4.8109095E+01,-7.3916911E+01, 2.4010497E-02, 4.2373676E-09, 1.1136998E+00,-4.4000254E-15, 2.0760903E-01, 1.4955323E+00,-1.3819598E-12, 9.9231163E-05, 0.0000000E+00, 1.0302379E-13, 9.9231163E-05,-3.9586218E-12
 1.1185573E+00,-4.8107443E+01,-7.3879905E+01, 2.3903005E-02, 5.0487618E-09, 1.1185573E+00,-4.0869078E-15, 2.1206986E-01, 1.4959289E+00,-1.4040302E-12, 9.9231163E-05, 0.0000000E+00, 1.2554543E-13, 9.9231163E-05,-3.4948975E-12
 1.1234147E+00,-4.8105854E+01,-7.3844569E+01, 2.3796443E-02, 5.9943705E-09, 1.1234147E+00,-5.0696286E-15, 2.1654782E-01, 1.4963083E+00,-1.3611583E-12, 9.9231163E-05, 0.0000000E+00, 1.5238799E-13, 9.9231163E-05,-3.0198629E-12
 1.1282721E+00,-4.8104326E+01,-7.3810829E+01, 2.3690800E-02, 7.0928207E-09, 1.1282721E+00,-5.0358015E-15, 2.2104221E-01, 1.4966714E+00,-1.2797486E-12, 9.9231163E-05, 0.0000000E+00, 1.8426588E-13, 9.9231163E-05,-2.5448283E-12
 1.1331296E+00,-4.8102856E+01,-7.3778614E+01, 2.3586067E-02, 8.3647990E-09, 1.1331296E+00,-4.1623683E-15, 2.2555234E-01, 1.4970187E+00,-1.1601272E-12, 9.9231163E-05, 0.0000000E+00, 2.2199225E-13, 9.9231163E-05,-2.0584833E-12
 1.1379870E+00,-4.8101442E+01,-7.3747855E+01, 2.3482232E-02, 9.8332138E-09, 1.1379870E+00,-4.4225768E-15, 2.3007756E-01, 1.4973509E+00,-1.2982596E-12, 9.9231163E-05, 0.0000000E+00, 2.6648972E-13, 9.9231163E-05,-1.5608280E-12
 1.1428444E+00,-4.8100083E+01,-7.3718486E+01, 2.3379286E-02, 1.1523365E-08, 1.1428444E+00,-4.3462489E-15, 2.3461724E-01, 1.4976686E+00,-1.1279850E-12, 9.9231163E-05, 0.0000000E+00, 3.1880206E-13, 9.9231163E-05,-1.0631727E-12
 1.1477019E+00,-4.8098777E+01,-7.3690444E+01, 2.3277218E-02, 1.3463117E-08, 1.1477019E+00,-3.1831169E-15, 2.3917076E-01, 1.4979725E+00,-1.1248309E-12, 9.9231163E-05, 0.0000000E+00, 3.8010667E-13, 9.9231163E-05,-5.4289670E-13
 1.1525593E+00,-4.8097521E+01,-7.3663671E+01, 2.3176017E-02, 1.5683082E-08, 1.1525593E+00,-3.0165834E-15, 2.4373755E-01, 1.4982632E+00,-1.1471875E-12, 9.9231163E-05, 0.0000000E+00, 4.5172791E-13, 9.9231163E-05, 2.2620696E-14
 1.1574167E+00,-4.8096314E+01,-7.3638109E+01, 2.3075675E-02, 1.8216803E-08, 1.1574167E+00,-2.8994896E-15, 2.4831703E-01, 1.4985411E+00,-1.0168867E-12, 9.9231163E-05, 0.0000000E+00, 5.3515144E-13, 9.9231163E-05, 5.7682775E-13
 1.1622742E+00,-4.8095153E+01,-7.3613702E+01, 2.2976180E-02, 2.1100946E-08, 1.1622742E+00,-2.0303931E-15, 2.5290867E-01, 1.4988069E+00,-8.4928104E-13, 9.9231163E-05, 0.0000000E+00, 6.3203944E-13, 9.9231163E-05, 1.1423451E-12
 1.1671316E+00,-4.8094038E+01,-7.3590400E+01, 2.2877524E-02, 2.4375495E-08, 1.1671316E+00,-2.4779518E-15, 2.5751195E-01, 1.4990611E+00,-8.7221411E-13, 9.9231163E-05, 0.0000000E+00, 7.4424676E-13, 9.9231162E-05, 1.7191729E-12
 1.1719890E+00,-4.8092967E+01,-7.3568151E+01, 2.2779697E-02, 2.8083953E-08, 1.1719890E+00,-2.7416297E-15, 2.6212638E-01, 1.4993041E+00,-9.0762661E-13, 9.9231163E-05, 0.0000000E+00, 8.7383812E-13, 9.9231162E-05, 2.3186213E-12
 1.1768464E+00,-4.8091937E+01,-7.3546909E+01, 2.2682689E-02, 3.2273542E-08, 1.1768464E+00,-1.8144200E-15, 2.6675147E-01, 1.4995364E+00,-9.5541560E-13, 9.9231163E-05, 0.0000000E+00, 1.0231062E-12, 9.9231162E-05, 2.9520008E-12
 1.1817039E+00,-4.8090948E+01,-7.3526628E+01, 2.2586491E-02, 3.6995412E-08, 1.1817039E+00,-2.1613647E-15, 2.7138677E-01, 1.4997585E+00,-8.6503787E-13, 9.9231163E-05, 0.0000000E+00, 1.1945911E-12, 9.9231162E-05, 3.6306217E-12
 1.1865613E+00,-4.8089998E+01,-7.3507264E+01, 2.2491093E-02, 4.2304848E-08, 1.1865613E+00,-1.6166616E-15, 2.7603184E-01, 1.4999709E+00,-8.0015950E-13, 9.9231163E-05, 0.0000000E+00, 1.3911000E-12, 9.9231162E-05, 4.3092426E-12
 1.1914187E+00,-4.8089086E+01,-7.3488776E+01, 2.2396486E-02, 4.8261483E-08, 1.1914187E+00,-2.5516775E-15, 2.8068626E-01, 1.5001739E+00,-7.8550861E-13, 9.9231163E-05, 0.0000000E+00, 1.6157289E-12, 9.9231162E-05, 5.0331048E-12
 1.1962762E+00,-4.8088209E+01,-7.3471124E+01, 2.2302662E-02, 5.4929510E-08, 1.1962762E+00,-1.7450311E-15, 2.8534961E-01, 1.5003680E+00,-5.8442031E-13, 9.9231163E-05, 0.0000000E+00, 1.8718848E-12, 9.9231161E-05, 5.7456568E-12
 1.2011336E+00,-4.8087368E+01,-7.3454270E+01, 2.2209612E-02, 6.2377893E-08, 1.2011336E+00,-1.3365037E-15, 2.9002152E-01, 1.5005535E+00,-3.8442303E-13, 9.9231163E-05, 0.0000000E+00, 2.1633087E-12, 9.9231161E-05, 6.5034501E-12
 1.2059910E+00,-4.8086559E+01,-7.3438178E+01, 2.2117325E-02, 7.0680586E-08, 1.2059910E+00,-1.6617644E-15, 2.9470162E-01, 1.5007309E+00,-4.0811738E-13, 9.9231163E-05, 0.0000000E+00, 2.4941004E-12, 9.9231161E-05, 7.3064848E-12
 1.2108485E+00,-4.8085783E+01,-7.3422814E+01, 2.2025795E-02, 7.9916746E-08, 1.2108485E+00,-2.8752034E-15, 2.9938953E-01, 1.5009004E+00,-4.8101917E-13, 9.9231163E-05, 0.0000000E+00, 2.8687436E-12, 9.9231160E-05, 8.1321402E-12
 1.2157059E+00,-4.8085038E+01,-7.3408144E+01, 2.1935011E-02, 9.0170943E-08, 1.2157059E+00,-2.6323422E-15, 3.0408494E-01, 1.5010624E+00,-2.7061399E-13, 9.9231163E-05, 0.0000000E+00, 3.2921328E-12, 9.9231160E-05, 9.0143473E-12
 1.2205633E+00,-4.8084323E+01,-7.3394137E+01, 2.1844967E-02, 1.0153338E-07, 1.2205633E+00,-1.6947241E-15, 3.0878750E-01, 1.5012173E+00,-3.1895826E-13, 9.9231163E-05, 0.0000000E+00, 3.7696000E-12, 9.9231159E-05, 9.9191752E-12
 1.2254207E+00,-4.8083636E+01,-7.3380764E+01, 2.1755652E-02, 1.1410009E-07, 1.2254207E+00,-1.6730401E-15, 3.1349692E-01, 1.5013653E+00,-5.7503520E-13, 9.9231163E-05, 0.0000000E+00, 4.3069442E-12, 9.9231159E-05, 1.0869244E-11
 1.2302782E+00,-4.8082977E+01,-7.3367994E+01, 2.1667060E-02, 1.2797316E-07, 1.2302782E+00,-1.5325275E-15, 3.1821287E-01, 1.5015068E+00,-8.1754290E-13, 9.9231163E-05, 0.0000000E+00, 4.9104602E-12, 9.9231158E-05, 1.1909796E-11
 1.2351356E+00,-4.8082345E+01,-7.3355801E+01, 2.1579181E-02, 1.4326094E-07, 1.2351356E+00,-2.5438713E-15, 3.2293509E-01, 1.5016420E+00,-6.2065205E-13, 9.9231163E-05, 0.0000000E+00, 5.5869695E-12, 9.9231158E-05, 1.2893797E-11
 1.2399930E+00,-4.8081738E+01,-7.3344159E+01, 2.1492008E-02, 1.6007822E-07, 1.2399930E+00,-2.6418831E-15, 3.2766329E-01, 1.5017712E+00,-7.7678949E-13, 9.9231163E-05, 0.0000000E+00, 6.3438518E-12, 9.9231157E-05, 1.4002211E-11
 1.2448505E+00,-4.8081155E+01,-7.3333042E+01, 2.1405532E-02, 1.7854645E-07, 1.2448505E+00,-2.6895880E-15, 3.3239722E-01, 1.5018947E+00,-6.8999609E-13, 9.9231163E-05, 0.0000000E+00, 7.1890773E-12, 9.9231156E-05, 1.5065383E-11
 1.2497079E+00,-4.8080596E+01,-7.3322428E+01, 2.1319747E-02, 1.9879394E-07, 1.2497079E+00,-2.7771916E-15, 3.3713661E-01, 1.5020127E+00,-5.3122182E-13, 9.9231163E-05, 0.0000000E+00, 8.1312405E-12, 9.9231155E-05, 1.6241660E-11
 1.2545653E+00,-4.8080060E+01,-7.3312292E+01, 2.1234643E-02, 2.2095601E-07, 1.2545653E+00,-3.1787800E-15, 3.4188124E-01, 1.5021255E+00,-4.2144971E-13, 9.9231163E-05, 0.0000000E+00, 9.1795942E-12, 9.9231154E-05, 1.7429246E-11
 1.2594228E+00,-4.8079545E+01,-7.3302614E+01, 2.1150213E-02, 2.4517525E-07, 1.2594228E+00,-3.1822495E-15, 3.4663087E-01, 1.5022333E+00,-5.1642073E-13, 9.9231163E-05, 0.0000000E+00, 1.0344085E-11, 9.9231153E-05, 1.8628143E-11
 1.2642802E+00,-4.8079052E+01,-7.3293372E+01, 2.1066450E-02, 2.7160161E-07, 1.2642802E+00,-2.9367861E-15, 3.5138527E-01, 1.5023364E+00,-3.7132775E-13, 9.9231163E-05, 0.0000000E+00, 1.1635389E-11, 9.9231152E-05, 1.9860971E-11
 1.2691376E+00,-4.8078578E+01,-7.3284547E+01, 2.0983346E-02, 3.0039263E-07, 1.2691376E+00,-3.0001035E-15, 3.5614425E-01, 1.5024348E+00,-4.1814531E-13, 9.9231163E-05, 0.0000000E+00, 1.3064950E-11, 9.9231150E-05, 2.1150351E-11
 1.2739950E+00,-4.8078124E+01,-7.3276120E+01, 2.0900894E-02, 3.3171359E-07, 1.2739950E+00,-3.1145953E-15, 3.6090759E-01, 1.5025289E+00,-6.0770919E-13, 9.9231163E-05, 0.0000000E+00, 1.4645015E-11, 9.9231149E-05, 2.2473661E-11
 1.2788525E+00,-4.8077688E+01,-7.3268073E+01, 2.0819087E-02, 3.6573767E-07, 1.2788525E+00,-3.3531198E-15, 3.6567510E-01, 1.5026188E+00,-4.8728033E-13, 9.9231163E-05, 0.0000000E+00, 1.6388675E-11, 9.9231147E-05, 2.3842214E-11
 1.2837099E+00,-4.8077271E+01,-7.3260388E+01, 2.0737916E-02, 4.0264610E-07, 1.2837099E+00,-2.3348371E-15, 3.7044661E-01, 1.5027048E+00,-4.3860046E-13, 9.9231163E-05, 0.0000000E+00, 1.8309902E-11, 9.9231145E-05, 2.5176835E-11
 1.2885673E+00,-4.8076870E+01,-7.3253049E+01, 2.0657376E-02, 4.4262830E-07, 1.2885673E+00,-1.8014096E-15, 3.7522192E-01, 1.5027869E+00,-3.4287878E-13, 9.9231163E-05, 0.0000000E+00, 2.0423593E-11, 9.9231143E-05, 2.6534076E-11
 1.2934248E+00,-4.8076486E+01,-7.3246041E+01, 2.0577459E-02, 4.8588204E-07, 1.2934248E+00,-6.9725811E-16, 3.8000089E-01, 1.5028653E+00,-3.7737293E-13, 9.9231163E-05, 0.0000000E+00, 2.2745605E-11, 9.9231140E-05, 2.7925249E-11
 1.2982822E+00,-4.8076117E+01,-7.3239349E+01, 2.0498157E-02, 5.3261351E-07, 1.2982822E+00,-2.0763633E-15, 3.8478333E-01, 1.5029403E+00,-3.4111421E-13, 9.9231163E-05, 0.0000000E+00, 2.5292799E-11, 9.9231138E-05, 2.9327732E-11
 1.3031396E+00,-4.8075764E+01,-7.3232957E+01, 2.0419465E-02, 5.8303752E-07, 1.3031396E+00,-1.9601368E-15, 3.8956910E-01, 1.5030120E+00,-3.2850635E-13, 9.9231163E-05, 0.0000000E+00, 2.8083085E-11, 9.9231135E-05, 3.0718905E-11
 1.3079971E+00,-4.8075426E+01,-7.3226854E+01, 2.0341375E-02, 6.3737753E-07, 1.3079971E+00,-7.3108522E-16, 3.9435806E-01, 1.5030804E+00,-5.2660506E-13, 9.9231163E-05, 0.0000000E+00, 3.1135457E-11, 9.9231132E-05, 3.2110078E-11
 1.3152832E+00,-4.8074949E+01,-7.3218302E+01, 2.0225567E-02, 7.2826947E-07, 1.3152832E+00,-5.9747237E-17, 4.0154818E-01, 1.5031765E+00,-5.7122092E-13, 9.9231163E-05, 0.0000000E+00, 3.6371804E-11, 9.9231127E-05, 3.8964149E-11
 1.3225694E+00,-4.8074501E+01,-7.3210314E+01, 2.0111069E-02, 8.2956376E-07, 1.3225694E+00, 2.4990090E-16, 4.0874456E-01, 1.5032662E+00,-9.5227797E-13, 9.9231163E-05, 0.0000000E+00, 4.2341659E-11, 9.9231121E-05, 4.5953944E-11
 1.3298555E+00,-4.8074080E+01,-7.3202852E+01, 1.9997861E-02, 9.4214599E-07, 1.3298555E+00, 1.4251761E-15, 4.1594679E-01, 1.5033502E+00,-1.1569059E-12, 9.9231163E-05, 0.0000000E+00, 4.9127209E-11, 9.9231114E-05, 5.2638359E-11
 1.3371416E+00,-4.8073685E+01,-7.3195883E+01, 1.9885922E-02, 1.0669480E-06, 1.3371416E+00, 7.4256237E-16, 4.2315448E-01, 1.5034286E+00,-8.6439798E-13, 9.9231163E-05, 0.0000000E+00, 5.6817445E-11, 9.9231106E-05, 5.8825120E-11
 1.3444278E+00,-4.8073314E+01,-7.3189372E+01, 1.9775230E-02, 1.2049483E-06, 1.3444278E+00, 5.9771296E-16, 4.3036729E-01, 1.5035019E+00,-9.7596006E-13, 9.9231163E-05, 0.0000000E+00, 6.5508504E-11, 9.9231098E-05, 6.4367190E-11
 1.3517139E+00,-4.8072966E+01,-7.3183290E+01, 1.9665766E-02, 1.3571720E-06, 1.3517139E+00, 9.3338195E-16, 4.3758488E-01, 1.5035705E+00,-9.0366407E-13, 9.9231163E-05, 0.0000000E+00, 7.5304009E-11, 9.9231088E-05, 6.9106226E-11
 1.3590001E+00,-4.8072639E+01,-7.3177609E+01, 1.9557509E-02, 1.5246915E-06, 1.3590001E+00, 4.0342393E-16, 4.4480693E-01, 1.5036346E+00,-1.0598290E-12, 9.9231163E-05, 0.0000000E+00, 8.6315410E-11, 9.9231077E-05, 7.2725537E-11
 1.3662862E+00,-4.8072332E+01,-7.3172301E+01, 1.9450439E-02, 1.7086256E-06, 1.3662862E+00, 1.0088424E-15, 4.5203315E-01, 1.5036945E+00,-1.1467090E-12, 9.9231163E-05, 0.0000000E+00, 9.8662327E-11, 9.9231064E-05, 7.5100710E-11
 1.3735724E+00,-4.8072045E+01,-7.3167342E+01, 1.9344537E-02, 1.9101403E-06, 1.3735724E+00, 6.7317343E-16, 4.5926329E-01, 1.5037505E+00,-8.4835599E-13, 9.9231163E-05, 0.0000000E+00, 1.1247289E-10, 9.9231051E-05, 7.5869814E-11
 1.3808585E+00,-4.8071775E+01,-7.3162709E+01, 1.9239785E-02, 2.1304478E-06, 1.3808585E+00, 1.6749762E-15, 4.6649706E-01, 1.5038029E+00,-9.9172337E-13, 9.9231163E-05, 0.0000000E+00, 1.2788408E-10, 9.9231035E-05, 7.4829262E-11
 1.3881447E+00,-4.8071521E+01,-7.3158381E+01, 1.9136164E-02, 2.3708067E-06, 1.3881447E+00, 3.6083256E-15, 4.7373426E-01, 1.5038519E+00,-9.4315725E-13, 9.9231163E-05, 0.0000000E+00, 1.4504206E-10, 9.9231018E-05, 7.1583192E-11
 1.3954308E+00,-4.8071284E+01,-7.3154336E+01, 1.9033655E-02, 2.6325214E-06, 1.3954308E+00, 3.6057235E-15, 4.8097463E-01, 1.5038976E+00,-1.0515635E-12, 9.9231163E-05, 0.0000000E+00, 1.6410251E-10, 9.9230999E-05, 6.5814915E-11
 1.4027170E+00,-4.8071061E+01,-7.3150558E+01, 1.8932241E-02, 2.9169412E-06, 1.4027170E+00, 3.0974495E-15, 4.8821799E-01, 1.5039404E+00,-8.8052857E-13, 9.9231163E-05, 0.0000000E+00, 1.8523096E-10, 9.9230978E-05, 5.7162499E-11
 1.4100031E+00,-4.8070852E+01,-7.3147027E+01, 1.8831905E-02, 3.2254602E-06, 1.4100031E+00, 2.9872945E-15, 4.9546414E-01, 1.5039804E+00,-1.0216889E-12, 9.9231163E-05, 0.0000000E+00, 2.0860311E-10, 9.9230955E-05, 4.5218771E-11
 1.4172892E+00,-4.8070656E+01,-7.3143728E+01, 1.8732628E-02, 3.5595164E-06, 1.4172892E+00, 2.6360130E-15, 5.0271289E-01, 1.5040178E+00,-1.0179793E-12, 9.9231163E-05, 0.0000000E+00, 2.3440515E-10, 9.9230929E-05, 2.9542629E-11
 1.4245754E+00,-4.8070472E+01,-7.3140645E+01, 1.8634395E-02, 3.9205904E-06, 1.4245754E+00, 2.6446867E-15, 5.0996407E-01, 1.5040528E+00,-1.5214449E-12, 9.9231163E-05, 0.0000000E+00, 2.6283407E-10, 9.9230900E-05, 9.7155889E-12
 1.4318615E+00,-4.8070299E+01,-7.3137764E+01, 1.8537189E-02, 4.3102053E-06, 1.4318615E+00, 2.9317834E-15, 5.1721753E-01, 1.5040855E+00,-1.4720197E-12, 9.9231163E-05, 0.0000000E+00, 2.9409797E-10, 9.9230869E-05,-1.4816556E-11
 1.4391477E+00,-4.8070138E+01,-7.3135072E+01, 1.8440992E-02, 4.7299250E-06, 1.4391477E+00, 2.8233632E-15, 5.2447311E-01, 1.5041160E+00,-1.1821427E-12, 9.9231163E-05, 0.0000000E+00, 3.2841634E-10, 9.9230835E-05,-4.4540150E-11
 1.4464338E+00,-4.8069986E+01,-7.3132556E+01, 1.8345791E-02, 5.1813532E-06, 1.4464338E+00, 2.7400965E-15, 5.3173069E-01, 1.5041446E+00,-1.5160163E-12, 9.9231163E-05, 0.0000000E+00, 3.6602040E-10, 9.9230797E-05,-8.0020712E-11
 1.4537200E+00,-4.8069844E+01,-7.3130205E+01, 1.8251569E-02, 5.6661328E-06, 1.4537200E+00, 3.6152644E-15, 5.3899012E-01, 1.5041713E+00,-1.1845790E-12, 9.9231163E-05, 0.0000000E+00, 4.0715331E-10, 9.9230756E-05,-1.2184638E-10
 1.4610061E+00,-4.8069711E+01,-7.3128008E+01, 1.8158310E-02, 6.1859439E-06, 1.4610061E+00, 2.8493840E-15, 5.4625129E-01, 1.5041963E+00,-1.1045662E-12, 9.9231163E-05, 0.0000000E+00, 4.5207050E-10, 9.9230711E-05,-1.7058267E-10
 1.4682923E+00,-4.8069586E+01,-7.3125954E+01, 1.8065999E-02, 6.7425029E-06, 1.4682923E+00, 1.5648213E-15, 5.5351408E-01, 1.5042196E+00,-9.4958474E-13, 9.9231163E-05, 0.0000000E+00, 5.0103991E-10, 9.9230662E-05,-2.2695344E-10
 1.4755784E+00,-4.8069469E+01,-7.3124035E+01, 1.7974623E-02, 7.3375613E-06, 1.4755784E+00, 2.8407104E-15, 5.6077840E-01, 1.5042415E+00,-1.1290295E-12, 9.9231163E-05, 0.0000000E+00, 5.5434226E-10, 9.9230609E-05,-2.9158077E-10
 1.4828645E+00,-4.8069359E+01,-7.3122241E+01, 1.7884166E-02, 7.9729037E-06, 1.4828645E+00, 1.2031315E-15, 5.6804413E-01, 1.5042619E+00,-1.1464896E-12, 9.9231163E-05, 0.0000000E+00, 6.1227124E-10, 9.9230551E-05,-2.9073249E-10
 1.4901507E+00,-4.8069256E+01,-7.3120565E+01, 1.7794614E-02, 8.6503469E-06, 1.4901507E+00, 4.9276219E-16, 5.7531119E-01, 1.5042810E+00,-1.0570542E-12, 9.9231163E-05, 0.0000000E+00, 6.7513383E-10, 9.9230488E-05,-2.9018960E-10
 1.4974368E+00,-4.8069160E+01,-7.3118998E+01, 1.7705954E-02, 9.3717381E-06, 1.4974368E+00,-3.7286482E-16, 5.8257949E-01, 1.5042988E+00,-1.1916841E-12, 9.9231163E-05, 0.0000000E+00, 7.4325043E-10, 9.9230420E-05,-2.8957884E-10
 1.5000000E+00,-4.8069127E+01,-7.3118460E+01, 1.7674877E-02, 9.6316303E-06, 1.5000000E+00,-8.7853672E-16, 5.8513652E-01, 1.5043049E+00,-1.2008492E-12, 9.9231163E-05, 0.0000000E+00, 7.6787882E-10, 9.9230395E-05,-2.9125277E-10
 1.5038447E+00,-4.8069079E+01,-7.3117681E+01, 1.7628506E-02, 1.0033968E-05, 1.5038447E+00,-1.5216854E-15, 5.8897239E-01, 1.5043138E+00,-1.0607465E-12, 9.9231163E-05, 0.0000000E+00, 8.0636784E-10, 9.9230357E-05,-3.0004091E-10
 1.5096118E+00,-4.8069010E+01,-7.3116575E+01, 1.7559490E-02, 1.0666471E-05, 1.5096118E+00,-3.9411519E-16, 5.9472690E-01, 1.5043264E+00,-1.0895671E-12, 9.9231163E-05, 0.0000000E+00, 8.6774807E-10, 9.9230295E-05,-3.4622106E-10
 1.5182625E+00,-4.8068915E+01,-7.3115043E+01, 1.7457161E-02, 1.1683467E-05, 1.5182625E+00,-9.8218645E-16, 6.0336009E-01, 1.5043439E+00,-9.5867633E-13, 9.9231163E-05, 0.0000000E+00, 9.6861371E-10, 9.9230195E-05,-3.4404947E-10
 1.5269132E+00,-4.8068827E+01,-7.3113627E+01, 1.7356013E-02, 1.2773254E-05, 1.5269132E+00,-1.3534173E-15, 6.1199462E-01, 1.5043600E+00,-6.8196980E-13, 9.9231163E-05, 0.0000000E+00, 1.0789047E-09, 9.9230084E-05,-3.4184396E-10
 1.5355638E+00,-4.8068746E+01,-7.3112320E+01, 1.7256024E-02, 1.3939143E-05, 1.5355638E+00,-1.4453576E-15, 6.2063037E-01, 1.5043749E+00,-8.2548142E-13, 9.9231163E-05, 0.0000000E+00, 1.1992797E-09, 9.9229964E-05,-3.3937830E-10
 1.5442145E+00,-4.8068671E+01,-7.3111113E+01, 1.7157175E-02, 1.5184487E-05, 1.5442145E+00,-9.7351283E-16, 6.2926726E-01, 1.5043887E+00,-7.9091430E-13, 9.9231163E-05, 0.0000000E+00, 1.3304265E-09, 9.9229833E-05,-3.3657333E-10
 1.5528652E+00,-4.8068601E+01,-7.3109999E+01, 1.7059443E-02, 1.6512670E-05, 1.5528652E+00,-7.1456621E-17, 6.3790520E-01, 1.5044014E+00,-9.4319174E-13, 9.9231163E-05, 0.0000000E+00, 1.4730619E-09, 9.9229690E-05,-3.3346299E-10
 1.5615158E+00,-4.8068536E+01,-7.3108969E+01, 1.6962811E-02, 1.7927111E-05, 1.5615158E+00, 1.0977470E-15, 6.4654411E-01, 1.5044132E+00,-9.2907538E-13, 9.9231163E-05, 0.0000000E+00, 1.6279325E-09, 9.9229535E-05,-3.2993416E-10
 1.5701665E+00,-4.8068476E+01,-7.3108018E+01, 1.6867258E-02, 1.9431252E-05, 1.5701665E+00, 2.4022591E-15, 6.5518391E-01, 1.5044240E+00,-5.7577571E-13, 9.9231163E-05, 0.0000000E+00, 1.7958147E-09, 9.9229367E-05,-3.2599816E-10
 1.5788172E+00,-4.8068421E+01,-7.3107140E+01, 1.6772766E-02, 2.1028562E-05, 1.5788172E+00, 2.2114395E-15, 6.6382454E-01, 1.5044341E+00,-4.0962753E-13, 9.9231163E-05, 0.0000000E+00, 1.9775147E-09, 9.9229186E-05,-3.2164368E-10
 1.5917931E+00,-4.8068347E+01,-7.3105968E+01, 1.6633339E-02, 2.3641230E-05, 1.5917931E+00, 4.5481120E-15, 6.7678714E-01, 1.5044475E+00,-6.6168487E-13, 9.9231163E-05, 0.0000000E+00, 2.2839665E-09, 9.9228879E-05,-2.8644587E-10
 1.6047691E+00,-4.8068281E+01,-7.3104925E+01, 1.6496177E-02, 2.6486517E-05, 1.6047691E+00, 3.9010601E-15, 6.8975121E-01, 1.5044594E+00,-5.0597834E-13, 9.9231163E-05, 0.0000000E+00, 2.6273396E-09, 9.9228536E-05,-2.4566076E-10
 1.6177451E+00,-4.8068222E+01,-7.3103997E+01, 1.6361223E-02, 2.9576278E-05, 1.6177451E+00, 2.5809356E-15, 7.0271659E-01, 1.5044700E+00,-8.5510629E-13, 9.9231163E-05, 0.0000000E+00, 3.0108073E-09, 9.9228152E-05,-1.9868888E-10
 1.6307211E+00,-4.8068169E+01,-7.3103171E+01, 1.6228419E-02, 3.2922359E-05, 1.6307211E+00, 1.2018304E-15, 7.1568314E-01, 1.5044794E+00,-1.0101290E-12, 9.9231163E-05, 0.0000000E+00, 3.4376967E-09, 9.9227725E-05,-1.4494211E-10
 1.6436971E+00,-4.8068122E+01,-7.3102437E+01, 1.6097713E-02, 3.6536568E-05, 1.6436971E+00, 1.4099972E-15, 7.2865072E-01, 1.5044878E+00,-1.3622133E-12, 9.9231163E-05, 0.0000000E+00, 3.9114878E-09, 9.9227252E-05,-8.3877540E-11
 1.6566731E+00,-4.8068080E+01,-7.3101783E+01, 1.5969050E-02, 4.0430647E-05, 1.6566731E+00, 3.0250248E-15, 7.4161923E-01, 1.5044953E+00,-1.4828581E-12, 9.9231163E-05, 0.0000000E+00, 4.4358130E-09, 9.9226727E-05,-1.4861797E-11
 1.6696491E+00,-4.8068043E+01,-7.3101201E+01, 1.5842380E-02, 4.4616241E-05, 1.6696491E+00, 1.9222135E-16, 7.5458857E-01, 1.5045020E+00,-1.2187883E-12, 9.9231163E-05, 0.0000000E+00, 5.0144558E-09, 9.9226149E-05, 6.2783742E-11
 1.6826251E+00,-4.8068009E+01,-7.3100683E+01, 1.5717654E-02, 4.9104874E-05, 1.6826251E+00,-1.4366840E-15, 7.6755863E-01, 1.5045079E+00,-1.1531908E-12, 9.9231163E-05, 0.0000000E+00, 5.6513492E-09, 9.9225512E-05, 1.4972639E-10
 1.6956011E+00,-4.8067980E+01,-7.3100222E+01, 1.5594824E-02, 5.3907921E-05, 1.6956011E+00,-3.2646097E-16, 7.8052934E-01, 1.5045132E+00,-1.5742038E-12, 9.9231163E-05, 0.0000000E+00, 6.3505734E-09, 9.9224813E-05, 2.4653165E-10
 1.7085771E+00,-4.8067953E+01,-7.3099812E+01, 1.5473842E-02, 5.9036580E-05, 1.7085771E+00, 1.0387664E-15, 7.9350064E-01, 1.5045179E+00,-1.9904621E-12, 9.9231163E-05, 0.0000000E+00, 7.1163542E-09, 9.9224047E-05, 3.5401389E-10
 1.7215531E+00,-4.8067930E+01,-7.3099447E+01, 1.5354665E-02, 6.4501853E-05, 1.7215531E+00, 1.5938779E-15, 8.0647245E-01, 1.5045221E+00,-1.7102567E-12, 9.9231163E-05, 0.0000000E+00, 7.9530600E-09, 9.9223210E-05, 3.5245306E-10
 1.7345291E+00,-4.8067908E+01,-7.3099122E+01, 1.5237249E-02, 7.0314521E-05, 1.7345291E+00, 2.7544079E-15, 8.1944472E-01, 1.5045258E+00,-1.8631345E-12, 9.9231163E-05, 0.0000000E+00, 8.8651989E-09, 9.9222298E-05, 3.5069996E-10
 1.7475051E+00,-4.8067890E+01,-7.3098833E+01, 1.5121551E-02, 7.6485122E-05, 1.7475051E+00, 9.3988717E-16, 8.3241739E-01, 1.5045291E+00,-1.7577746E-12, 9.9231163E-05, 0.0000000E+00, 9.8574158E-09, 9.9221306E-05, 3.4878851E-10
 1.7604811E+00,-4.8067873E+01,-7.3098575E+01, 1.5007531E-02, 8.3023932E-05, 1.7604811E+00, 1.8037795E-15, 8.4539044E-01, 1.5045321E+00,-2.0409879E-12, 9.9231163E-05, 0.0000000E+00, 1.0934489E-08, 9.9220229E-05, 3.4666217E-10
 1.7734571E+00,-4.8067858E+01,-7.3098346E+01, 1.4895149E-02, 8.9940946E-05, 1.7734571E+00, 3.5038085E-15, 8.5836380E-01, 1.5045347E+00,-2.5372246E-12, 9.9231163E-05, 0.0000000E+00, 1.2101325E-08, 9.9219062E-05, 3.4438879E-10
 1.7929211E+00,-4.8067839E+01,-7.3098056E+01, 1.4730113E-02, 1.0118118E-04, 1.7929211E+00,-9.8218645E-16, 8.7782446E-01, 1.5045380E+00,-2.5071751E-12, 9.9231163E-05, 0.0000000E+00, 1.4070378E-08, 9.9217093E-05, 3.1728919E-10
 1.8123851E+00,-4.8067823E+01,-7.3097811E+01, 1.4568514E-02, 1.1333349E-04, 1.8123851E+00,-5.8185955E-15, 8.9728565E-01, 1.5045409E+00,-2.8104261E-12, 9.9231163E-05, 0.0000000E+00, 1.6275982E-08, 9.9214887E-05, 2.8655898E-10
 1.8318490E+00,-4.8067810E+01,-7.3097605E+01, 1.4410234E-02, 1.2642678E-04, 1.8318490E+00,-4.2781611E-15, 9.1674727E-01, 1.5045432E+00,-3.2371888E-12, 9.9231163E-05, 0.0000000E+00, 1.8736452E-08, 9.9212427E-05, 2.5173441E-10
 1.8513130E+00,-4.8067798E+01,-7.3097430E+01, 1.4255161E-02, 1.4048812E-04, 1.8513130E+00,-6.5888127E-15, 9.3620926E-01, 1.5045452E+00,-2.8929655E-12, 9.9231163E-05, 0.0000000E+00, 2.1470630E-08, 9.9209693E-05, 2.1269109E-10
 1.8707770E+00,-4.8067788E+01,-7.3097283E+01, 1.4103190E-02, 1.5554269E-04, 1.8707770E+00,-4.8575587E-15, 9.5567156E-01, 1.5045469E+00,-2.1751219E-12, 9.9231163E-05, 0.0000000E+00, 2.4497849E-08, 9.9206665E-05, 1.6907839E-10
 1.8902410E+00,-4.8067780E+01,-7.3097159E+01, 1.3954216E-02, 1.7161372E-04, 1.8902410E+00,-5.6069592E-15, 9.7513412E-01, 1.5045483E+00,-1.9162754E-12, 9.9231163E-05, 0.0000000E+00, 2.7837892E-08, 9.9203325E-05, 1.2056831E-10
 1.9097050E+00,-4.8067773E+01,-7.3097054E+01, 1.3808142E-02, 1.8872243E-04, 1.9097050E+00,-1.7177092E-15, 9.9459691E-01, 1.5045495E+00,-2.4788641E-12, 9.9231163E-05, 0.0000000E+00, 3.1510957E-08, 9.9199652E-05, 6.6957260E-11
 1.9291690E+00,-4.8067768E+01,-7.3096966E+01, 1.3664874E-02, 2.0688802E-04, 1.9291690E+00,-1.6686641E-16, 1.0140599E+00, 1.5045506E+00,-2.5919496E-12, 9.9231163E-05, 0.0000000E+00, 3.5537613E-08, 9.9195626E-05, 7.9398643E-12
 1.9486330E+00,-4.8067763E+01,-7.3096891E+01, 1.3524323E-02, 2.2612765E-04, 1.9486330E+00,-2.1236345E-15, 1.0335230E+00, 1.5045514E+00,-3.0182483E-12, 9.9231163E-05, 0.0000000E+00, 3.9938766E-08, 9.9191224E-05,-5.6777947E-11
 1.9680970E+00,-4.8067758E+01,-7.3096828E+01, 1.3386402E-02, 2.4645642E-04, 1.9680970E+00,-4.2330582E-15, 1.0529863E+00, 1.5045521E+00,-3.3859665E-12, 9.9231163E-05, 0.0000000E+00, 4.4735613E-08, 9.9186428E-05,-1.2745631E-10
 1.9875610E+00,-4.8067755E+01,-7.3096775E+01, 1.3251028E-02, 2.6788738E-04, 1.9875610E+00,-9.3123286E-15, 1.0724497E+00, 1.5045528E+00,-3.4034744E-12, 9.9231163E-05, 0.0000000E+00, 4.9949607E-08, 9.9181214E-05,-2.0431013E-10
 2.0000000E+00,-4.8755250E+01,-7.3150668E+01, 1.3168007E-02, 2.8177579E-04, 1.9875610E+00,-1.0742608E-14, 1.0848155E+00, 1.4921869E+00,-3.4896383E-12, 9.9231163E-05, 0.0000000E+00, 5.3433997E-08, 9.9177729E-05,-2.1018020E-10
 2.0062195E+00,-4.9054704E+01,-7.3196799E+01, 1.3131942E-02, 2.8872858E-04, 1.9875610E+00,-1.1827569E-14, 1.0909674E+00, 1.4860350E+00,-3.3345433E-12, 9.9231163E-05, 0.0000000E+00, 5.5210235E-08, 9.9175953E-05,-1.9613274E-10
 2.0124390E+00,-4.9335901E+01,-7.3264622E+01, 1.3098309E-02, 2.9565063E-04, 1.9875610E+00,-1.2665441E-14, 1.0970741E+00, 1.4799283E+00,-3.3603925E-12, 9.9231163E-05, 0.0000000E+00, 5.7015677E-08, 9.9174147E-05,-1.8248115E-10
 2.0186585E+00,-4.9602208E+01,-7.3353843E+01, 1.3066663E-02, 3.0251726E-04, 1.9875610E+00,-1.2074442E-14, 1.1031218E+00, 1.4738807E+00,-3.3431597E-12, 9.9231163E-05, 0.0000000E+00, 5.8845202E-08, 9.9172318E-05,-1.6932722E-10
 2.0248780E+00,-4.9855413E+01,-7.3462551E+01, 1.3036477E-02, 3.0931122E-04, 1.9875610E+00,-1.2020666E-14, 1.1090984E+00, 1.4679041E+00,-3.5499531E-12, 9.9231163E-05, 0.0000000E+00, 6.0693826E-08, 9.9170469E-05,-1.5678404E-10
 2.0310975E+00,-5.0096887E+01,-7.3588211E+01, 1.3007703E-02, 3.1602045E-04, 1.9875610E+00,-1.2338771E-14, 1.1149938E+00, 1.4620086E+00,-3.5758023E-12, 9.9231163E-05, 0.0000000E+00, 6.2556924E-08, 9.9168606E-05,-1.4499866E-10
 2.0373171E+00,-5.0327763E+01,-7.3728233E+01, 1.2980361E-02, 3.2263635E-04, 1.9875610E+00,-1.3302626E-14, 1.1208004E+00, 1.4562021E+00,-3.5585695E-12, 9.9231163E-05, 0.0000000E+00, 6.4430313E-08, 9.9166733E-05,-1.3397107E-10
 2.0435366E+00,-5.0549006E+01,-7.3880236E+01, 1.2954316E-02, 3.2915274E-04, 1.9875610E+00,-1.4168036E-14, 1.1265118E+00, 1.4504906E+00,-3.6188842E-12, 9.9231163E-05, 0.0000000E+00, 6.6310264E-08, 9.9164853E-05,-1.2375783E-10
 2.0497561E+00,-5.0761448E+01,-7.4042131E+01, 1.2929454E-02, 3.3556513E-04, 1.9875610E+00,-1.3593735E-14, 1.1321239E+00, 1.4448785E+00,-3.6619662E-12, 9.9231163E-05, 0.0000000E+00, 6.8193479E-08, 9.9162970E-05,-1.1432500E-10
 2.0559756E+00,-5.0965815E+01,-7.4212127E+01, 1.2905406E-02, 3.4187039E-04, 1.9875610E+00,-1.3561534E-14, 1.1376335E+00, 1.4393689E+00,-3.7739793E-12, 9.9231163E-05, 0.0000000E+00, 7.0077060E-08, 9.9161086E-05,-1.0561603E-10
 2.0621951E+00,-5.1162746E+01,-7.4388707E+01, 1.2882258E-02, 3.4806642E-04, 1.9875610E+00,-1.2108811E-14, 1.1430388E+00, 1.4339636E+00,-3.8170612E-12, 9.9231163E-05, 0.0000000E+00, 7.1958464E-08, 9.9159205E-05,-9.7687475E-11
 2.0684146E+00,-5.1352805E+01,-7.4570585E+01, 1.2860043E-02, 3.5415198E-04, 1.9875610E+00,-1.2650479E-14, 1.1483388E+00, 1.4286636E+00,-3.9376907E-12, 9.9231163E-05, 0.0000000E+00, 7.3835471E-08, 9.9157328E-05,-9.0426232E-11
 2.0746341E+00,-5.1536493E+01,-7.4756676E+01, 1.2838690E-02, 3.6012656E-04, 1.9875610E+00,-1.1938646E-14, 1.1535333E+00, 1.4234691E+00,-4.0497038E-12, 9.9231163E-05, 0.0000000E+00, 7.5706147E-08, 9.9155457E-05,-8.3820989E-11
 2.0808536E+00,-5.1714256E+01,-7.4946061E+01, 1.2818135E-02, 3.6598592E-04, 1.9875610E+00,-1.2736510E-14, 1.1586227E+00, 1.4183797E+00,-4.1186349E-12, 9.9231163E-05, 0.0000000E+00, 7.7568790E-08, 9.9153594E-05,-7.7837815E-11
 2.0870731E+00,-5.1886497E+01,-7.5137962E+01, 1.2798323E-02, 3.7172889E-04, 1.9875610E+00,-1.1735087E-14, 1.1636079E+00, 1.4133946E+00,-4.1272513E-12, 9.9231163E-05, 0.0000000E+00, 7.9421914E-08, 9.9151741E-05,-7.2431468E-11
 2.0932926E+00,-5.2053575E+01,-7.5331718E+01, 1.2779032E-02, 3.7736194E-04, 1.9875610E+00,-1.2289277E-14, 1.1684901E+00, 1.4085124E+00,-4.2392644E-12, 9.9231163E-05, 0.0000000E+00, 8.1264264E-08, 9.9149899E-05,-6.7522777E-11
 2.0995121E+00,-5.2215816E+01,-7.5526770E+01, 1.2760258E-02, 3.8288640E-04, 1.9875610E+00,-1.3364914E-14, 1.1732708E+00, 1.4037316E+00,-4.4288250E-12, 9.9231163E-05, 0.0000000E+00, 8.3094763E-08, 9.9148068E-05,-6.3043880E-11
 2.1057317E+00,-5.2373517E+01,-7.5722639E+01, 1.2742101E-02, 3.8830386E-04, 1.9875610E+00,-1.3053422E-14, 1.1779520E+00, 1.3990504E+00,-4.4546741E-12, 9.9231163E-05, 0.0000000E+00, 8.4912489E-08, 9.9146251E-05,-5.9062637E-11
 2.1119512E+00,-5.2526945E+01,-7.5918919E+01, 1.2724524E-02, 3.9361610E-04, 1.9875610E+00,-1.3794366E-14, 1.1825356E+00, 1.3944668E+00,-4.5149889E-12, 9.9231163E-05, 0.0000000E+00, 8.6716660E-08, 9.9144446E-05,-5.5420705E-11
 2.1181707E+00,-5.2676346E+01,-7.6115265E+01, 1.2707491E-02, 3.9882507E-04, 1.9875610E+00,-1.3857413E-14, 1.1870237E+00, 1.3899787E+00,-4.4891397E-12, 9.9231163E-05, 0.0000000E+00, 8.8506618E-08, 9.9142657E-05,-5.2118083E-11
 2.1243902E+00,-5.2821943E+01,-7.6311382E+01, 1.2690971E-02, 4.0393285E-04, 1.9875610E+00,-1.2853983E-14, 1.1914185E+00, 1.3855839E+00,-4.4891397E-12, 9.9231163E-05, 0.0000000E+00, 9.0281813E-08, 9.9140881E-05,-4.9154772E-11
 2.1306097E+00,-5.2963942E+01,-7.6507020E+01, 1.2674934E-02, 4.0894159E-04, 1.9875610E+00,-1.2638173E-14, 1.1957222E+00, 1.3812802E+00,-4.6011528E-12, 9.9231163E-05, 0.0000000E+00, 9.2041793E-08, 9.9139121E-05,-4.6474220E-11
 2.1368292E+00,-5.3102531E+01,-7.6701964E+01, 1.2659354E-02, 4.1385353E-04, 1.9875610E+00,-1.1538141E-14, 1.1999372E+00, 1.3770652E+00,-4.6873167E-12, 9.9231163E-05, 0.0000000E+00, 9.3786188E-08, 9.9137377E-05,-4.4053805E-11
 2.1461585E+00,-5.3303149E+01,-7.6991720E+01, 1.2636583E-02, 4.2101189E-04, 1.9875610E+00,-1.0035654E-14, 1.2060672E+00, 1.3709352E+00,-5.0922871E-12, 9.9231163E-05, 0.0000000E+00, 9.6366989E-08, 9.9134796E-05,-2.8513387E-11
 2.1554877E+00,-5.3497139E+01,-7.7278917E+01, 1.2614678E-02, 4.2796684E-04, 1.9875610E+00,-1.1216242E-14, 1.2120125E+00, 1.3649899E+00,-5.1181362E-12, 9.9231163E-05, 0.0000000E+00, 9.8911374E-08, 9.9132252E-05,-1.5121935E-11
 2.1648170E+00,-5.3684963E+01,-7.7563213E+01, 1.2593608E-02, 4.3470890E-04, 1.9875610E+00,-1.0436321E-14, 1.2177807E+00, 1.3592217E+00,-4.9630412E-12, 9.9231163E-05, 0.0000000E+00, 1.0141887E-07, 9.9129744E-05,-3.5288286E-12
 2.1741463E+00,-5.3867035E+01,-7.7844346E+01, 1.2573314E-02, 4.4126273E-04, 1.9875610E+00,-1.1438829E-14, 1.2233793E+00, 1.3536231E+00,-4.8079462E-12, 9.9231163E-05, 0.0000000E+00, 1.0388933E-07, 9.9127274E-05, 6.4921397E-12
 2.1834755E+00,-5.4043724E+01,-7.8122116E+01, 1.2553741E-02, 4.4763578E-04, 1.9875610E+00,-1.0679941E-14, 1.2288155E+00, 1.3481869E+00,-4.7045495E-12, 9.9231163E-05, 0.0000000E+00, 1.0632277E-07, 9.9124840E-05, 1.5144556E-11
 2.1928048E+00,-5.4215368E+01,-7.8396378E+01, 1.2534843E-02, 4.5383529E-04, 1.9875610E+00,-1.1333878E-14, 1.2340963E+00, 1.3429061E+00,-4.4891397E-12, 9.9231163E-05, 0.0000000E+00, 1.0871935E-07, 9.9122444E-05, 2.2688558E-11
 2.2021341E+00,-5.4382270E+01,-7.8667029E+01, 1.2516429E-02, 4.5986826E-04, 1.9875610E+00,-1.0801914E-14, 1.2392282E+00, 1.3377742E+00,-4.5666872E-12, 9.9231163E-05, 0.0000000E+00, 1.1107936E-07, 9.9120084E-05, 2.9271181E-11
 2.2114633E+00,-5.4544708E+01,-7.8934000E+01, 1.2498447E-02, 4.6574142E-04, 1.9875610E+00,-1.0079076E-14, 1.2442177E+00, 1.3327847E+00,-4.7562478E-12, 9.9231163E-05, 0.0000000E+00, 1.1340317E-07, 9.9117760E-05, 3.5016837E-11
 2.2207926E+00,-5.4702934E+01,-7.9197252E+01, 1.2481034E-02, 4.7146126E-04, 1.9875610E+00,-1.0990186E-14, 1.2490708E+00, 1.3279316E+00,-4.8682609E-12, 9.9231163E-05, 0.0000000E+00, 1.1569123E-07, 9.9115472E-05, 4.0004701E-11
 2.2301218E+00,-5.4857179E+01,-7.9456769E+01, 1.2464156E-02, 4.7703397E-04, 1.9875610E+00,-1.0135292E-14, 1.2537934E+00, 1.3232090E+00,-4.9199593E-12, 9.9231163E-05, 0.0000000E+00, 1.1794406E-07, 9.9113219E-05, 4.4381805E-11
 2.2394511E+00,-5.5007656E+01,-7.9712554E+01, 1.2447783E-02, 4.8246550E-04, 1.9875610E+00,-1.0616190E-14, 1.2583909E+00, 1.3186115E+00,-4.7217823E-12, 9.9231163E-05, 0.0000000E+00, 1.2016221E-07, 9.9111001E-05, 4.8272565E-11
 2.2534450E+00,-5.5225315E+01,-8.0087003E+01, 1.2424259E-02, 4.9030297E-04, 1.9875610E+00,-1.2815819E-14, 1.2650221E+00, 1.3119803E+00,-4.6442347E-12, 9.9231163E-05, 0.0000000E+00, 1.2341351E-07, 9.9107750E-05, 7.1662365E-11
 2.2674389E+00,-5.5435669E+01,-8.0453297E+01, 1.2401705E-02, 4.9784253E-04, 1.9875610E+00,-1.3412239E-14, 1.2714045E+00, 1.3055979E+00,-4.6356183E-12, 9.9231163E-05, 0.0000000E+00, 1.2659092E-07, 9.9104572E-05, 9.1116163E-11
 2.2814328E+00,-5.5639235E+01,-8.0811609E+01, 1.2379812E-02, 5.0511569E-04, 1.9875610E+00,-1.4002370E-14, 1.2775530E+00, 1.2994494E+00,-4.6700839E-12, 9.9231163E-05, 0.0000000E+00, 1.2969663E-07, 9.9101467E-05, 1.0728996E-10
 2.2954267E+00,-5.5836475E+01,-8.1162131E+01, 1.2358611E-02, 5.1213775E-04, 1.9875610E+00,-1.3328322E-14, 1.2834815E+00, 1.2935209E+00,-4.9113429E-12, 9.9231163E-05, 0.0000000E+00, 1.3273286E-07, 9.9098430E-05, 1.2082845E-10
 2.3094206E+00,-5.6027800E+01,-8.1505069E+01, 1.2338201E-02, 5.1892292E-04, 1.9875610E+00,-1.2614863E-14, 1.2892030E+00, 1.2877994E+00,-4.8596445E-12, 9.9231163E-05, 0.0000000E+00, 1.3570186E-07, 9.9095461E-05, 1.3221797E-10
 2.3234145E+00,-5.6213586E+01,-8.1840642E+01, 1.2318526E-02, 5.2548445E-04, 1.9875610E+00,-1.2831269E-14, 1.2947293E+00, 1.2822732E+00,-4.9630412E-12, 9.9231163E-05, 0.0000000E+00, 1.3860582E-07, 9.9092557E-05, 1.4182045E-10
 2.3374084E+00,-5.6394170E+01,-8.2169071E+01, 1.2299536E-02, 5.3183460E-04, 1.9875610E+00,-1.2213437E-14, 1.3000714E+00, 1.2769311E+00,-5.0492051E-12, 9.9231163E-05, 0.0000000E+00, 1.4144693E-07, 9.9089716E-05, 1.4995259E-10
 2.3514023E+00,-5.6569860E+01,-8.2490579E+01, 1.2281190E-02, 5.3798481E-04, 1.9875610E+00,-1.2221460E-14, 1.3052395E+00, 1.2717630E+00,-5.0578215E-12, 9.9231163E-05, 0.0000000E+00, 1.4422730E-07, 9.9086936E-05, 1.5687453E-10
 2.3653962E+00,-5.6740937E+01,-8.2805391E+01, 1.2263447E-02, 5.4394568E-04, 1.9875610E+00,-1.4038908E-14, 1.3102431E+00, 1.2667593E+00,-5.1095199E-12, 9.9231163E-05, 0.0000000E+00, 1.4694901E-07, 9.9084214E-05, 1.6280115E-10
 2.3793901E+00,-5.6907656E+01,-8.3113726E+01, 1.2245987E-02, 5.4970809E-04, 1.9875610E+00,-1.4146244E-14, 1.3150911E+00, 1.2619114E+00,-5.0061232E-12, 9.9231163E-05, 0.0000000E+00, 1.4961396E-07, 9.9081549E-05, 1.6781163E-10
 2.3933840E+00,-5.7070253E+01,-8.3415801E+01, 1.2229034E-02, 5.5529424E-04, 1.9875610E+00,-1.3895414E-14, 1.3197915E+00, 1.2572110E+00,-4.9802740E-12, 9.9231163E-05, 0.0000000E+00, 1.5222408E-07, 9.9078939E-05, 1.7210956E-10
 2.4073779E+00,-5.7228944E+01,-8.3711827E+01, 1.2212595E-02, 5.6071876E-04, 1.9875610E+00,-1.2556099E-14, 1.3243520E+00, 1.2526504E+00,-4.8337953E-12, 9.9231163E-05, 0.0000000E+00, 1.5478124E-07, 9.9076382E-05, 1.7583067E-10
 2.4213718E+00,-5.7383928E+01,-8.4002009E+01, 1.2196642E-02, 5.6598969E-04, 1.9875610E+00,-1.4140281E-14, 1.3287797E+00, 1.2482228E+00,-4.8165626E-12, 9.9231163E-05, 0.0000000E+00, 1.5728726E-07, 9.9073876E-05, 1.7903150E-10
 2.4353657E+00,-5.7535390E+01,-8.4286547E+01, 1.2181148E-02, 5.7111453E-04, 1.9875610E+00,-1.5247685E-14, 1.3330811E+00, 1.2439213E+00,-4.7648642E-12, 9.9231163E-05, 0.0000000E+00, 1.5974387E-07, 9.9071419E-05, 1.8183646E-10
 2.4493596E+00,-5.7683500E+01,-8.4565631E+01, 1.2166089E-02, 5.7610027E-04, 1.9875610E+00,-1.5895496E-14, 1.3372624E+00, 1.2397400E+00,-4.7907134E-12, 9.9231163E-05, 0.0000000E+00, 1.6215275E-07, 9.9069010E-05, 1.8425688E-10
 2.4633534E+00,-5.7828415E+01,-8.4839447E+01, 1.2151443E-02, 5.8095346E-04, 1.9875610E+00,-1.6506227E-14, 1.3413295E+00, 1.2356730E+00,-4.7562478E-12, 9.9231163E-05, 0.0000000E+00, 1.6451550E-07, 9.9066648E-05, 1.8638322E-10
 2.4773473E+00,-5.7970282E+01,-8.5108174E+01, 1.2137188E-02, 5.8568024E-04, 1.9875610E+00,-1.7753981E-14, 1.3452875E+00, 1.2317149E+00,-4.7993298E-12, 9.9231163E-05, 0.0000000E+00, 1.6683366E-07, 9.9064329E-05, 1.8821550E-10
 2.4913412E+00,-5.8109239E+01,-8.5371981E+01, 1.2123179E-02, 5.9028635E-04, 1.9875610E+00,-1.6780964E-14, 1.3491417E+00, 1.2278607E+00,-4.6356183E-12, 9.9231163E-05, 0.0000000E+00, 1.6910871E-07, 9.9062054E-05, 1.8984419E-10
 2.5000000E+00,-5.8194197E+01,-8.5533679E+01, 1.2114566E-02, 5.9309106E-04, 1.9875610E+00,-1.6880900E-14, 1.3514879E+00, 1.2255145E+00,-4.6097692E-12, 9.9231163E-05, 0.0000000E+00, 1.7050025E-07, 9.9060663E-05, 1.8996860E-10
 2.5129881E+00,-5.8319226E+01,-8.5771830E+01, 1.2101947E-02, 5.9720203E-04, 1.9875610E+00,-1.6501917E-14, 1.3549240E+00, 1.2220784E+00,-4.5666872E-12, 9.9231163E-05, 0.0000000E+00, 1.7255230E-07, 9.9058611E-05, 1.9088474E-10
 2.5259763E+00,-5.8442008E+01,-8.6006082E+01, 1.2089619E-02, 6.0122010E-04, 1.9875610E+00,-1.6516283E-14, 1.3582803E+00, 1.2187221E+00,-4.5236053E-12, 9.9231163E-05, 0.0000000E+00, 1.7457014E-07, 9.9056593E-05, 1.9168778E-10
 2.5389644E+00,-5.8562628E+01,-8.6236553E+01, 1.2077570E-02, 6.0514685E-04, 1.9875610E+00,-1.6682870E-14, 1.3615599E+00, 1.2154425E+00,-4.4029758E-12, 9.9231163E-05, 0.0000000E+00, 1.7655480E-07, 9.9054608E-05, 1.9242295E-10
 2.5519526E+00,-5.8681169E+01,-8.6463358E+01, 1.2065788E-02, 6.0896943E-04, 1.9875610E+00,-1.7627970E-14, 1.3647660E+00, 1.2122365E+00,-4.3857430E-12, 9.9231163E-05, 0.0000000E+00, 1.7850720E-07, 9.9052656E-05, 1.9304502E-10
 2.5649407E+00,-5.8797708E+01,-8.6686608E+01, 1.2054261E-02, 6.1270973E-04, 1.9875610E+00,-1.8018445E-14, 1.3679013E+00, 1.2091011E+00,-4.3685102E-12, 9.9231163E-05, 0.0000000E+00, 1.8042827E-07, 9.9050735E-05, 1.9358792E-10
 2.5779289E+00,-5.8912317E+01,-8.6906407E+01, 1.2042981E-02, 6.1637088E-04, 1.9875610E+00,-1.8637253E-14, 1.3709688E+00, 1.2060337E+00,-4.1789496E-12, 9.9231163E-05, 0.0000000E+00, 1.8231893E-07, 9.9048844E-05, 1.9414212E-10
 2.5974111E+00,-5.9079970E+01,-8.7228013E+01, 1.2026577E-02, 6.2169492E-04, 1.9875610E+00,-2.1223780E-14, 1.3754250E+00, 1.2015775E+00,-4.2220316E-12, 9.9231163E-05, 0.0000000E+00, 1.8508933E-07, 9.9046074E-05, 1.9746737E-10
 2.6168933E+00,-5.9243705E+01,-8.7542534E+01, 1.2010669E-02, 6.2685914E-04, 1.9875610E+00,-2.3941279E-14, 1.3797442E+00, 1.1972582E+00,-4.0927857E-12, 9.9231163E-05, 0.0000000E+00, 1.8779688E-07, 9.9043366E-05, 2.0028364E-10
 2.6363755E+00,-5.9403718E+01,-8.7850271E+01, 1.1995165E-02, 6.3187198E-04, 1.9875610E+00,-2.3792906E-14, 1.3839338E+00, 1.1930687E+00,-4.0669365E-12, 9.9231163E-05, 0.0000000E+00, 1.9044416E-07, 9.9040719E-05, 2.0274930E-10
 2.6558577E+00,-5.9560189E+01,-8.8151507E+01, 1.1979864E-02, 6.3674124E-04, 1.9875610E+00,-2.4514225E-14, 1.3880005E+00, 1.1890019E+00,-3.9204579E-12, 9.9231163E-05, 0.0000000E+00, 1.9303361E-07, 9.9038130E-05, 2.0486433E-10
 2.6753399E+00,-5.9713287E+01,-8.8446509E+01, 1.1964993E-02, 6.4147420E-04, 1.9875610E+00,-2.3371422E-14, 1.3919507E+00, 1.1850518E+00,-3.7308973E-12, 9.9231163E-05, 0.0000000E+00, 1.9556753E-07, 9.9035596E-05, 2.0667399E-10
 2.6948221E+00,-5.9863165E+01,-8.8735528E+01, 1.1950530E-02, 6.4607761E-04, 1.9875610E+00,-2.2142262E-14, 1.3957901E+00, 1.1812123E+00,-3.7050481E-12, 9.9231163E-05, 0.0000000E+00, 1.9804810E-07, 9.9033115E-05, 2.0828006E-10
 2.7143043E+00,-6.0009968E+01,-8.9018800E+01, 1.1936453E-02, 6.5055775E-04, 1.9875610E+00,-2.2313620E-14, 1.3995242E+00, 1.1774782E+00,-3.6619662E-12, 9.9231163E-05, 0.0000000E+00, 2.0047738E-07, 9.9030686E-05, 2.0967123E-10
 2.7337866E+00,-6.0153831E+01,-8.9296548E+01, 1.1922745E-02, 6.5492048E-04, 1.9875610E+00,-2.1962285E-14, 1.4031582E+00, 1.1738443E+00,-3.5499531E-12, 9.9231163E-05, 0.0000000E+00, 2.0285732E-07, 9.9028306E-05, 2.1084751E-10
 2.7532688E+00,-6.0294880E+01,-8.9568984E+01, 1.1909387E-02, 6.5917129E-04, 1.9875610E+00,-1.9922467E-14, 1.4066966E+00, 1.1703058E+00,-3.5758023E-12, 9.9231163E-05, 0.0000000E+00, 2.0518977E-07, 9.9025973E-05, 2.1191068E-10
 2.7727510E+00,-6.0433233E+01,-8.9836308E+01, 1.1896364E-02, 6.6331527E-04, 1.9875610E+00,-1.8894047E-14, 1.4101440E+00, 1.1668584E+00,-3.5499531E-12, 9.9231163E-05, 0.0000000E+00, 2.0747647E-07, 9.9023687E-05, 2.1283813E-10
 2.7922332E+00,-6.0569000E+01,-9.0098710E+01, 1.1883659E-02, 6.6735045E-04, 1.9875610E+00,-1.9503802E-14, 1.4135045E+00, 1.1634980E+00,-3.4637892E-12, 9.9231163E-05, 0.0000000E+00, 2.0971907E-07, 9.9021444E-05, 2.1361854E-10
 2.8117154E+00,-6.0702284E+01,-9.0356370E+01, 1.1871260E-02, 6.7126885E-04, 1.9875610E+00,-1.9754578E-14, 1.4167818E+00, 1.1602206E+00,-3.3345433E-12, 9.9231163E-05, 0.0000000E+00, 2.1191907E-07, 9.9019244E-05, 2.1436502E-10
 2.8311976E+00,-6.0833183E+01,-9.0609457E+01, 1.1858990E-02, 6.7509415E-04, 1.9875610E+00,-1.9839417E-14, 1.4199798E+00, 1.1570227E+00,-3.2397630E-12, 9.9231163E-05, 0.0000000E+00, 2.1407797E-07, 9.9017085E-05, 2.1496447E-10
 2.8506798E+00,-6.0961788E+01,-9.0858134E+01, 1.1846913E-02, 6.7883031E-04, 1.9875610E+00,-1.8982789E-14, 1.4231017E+00, 1.1539008E+00,-3.3517761E-12, 9.9231163E-05, 0.0000000E+00, 2.1619721E-07, 9.9014966E-05, 2.1554130E-10
 2.8701621E+00,-6.1088185E+01,-9.1102553E+01, 1.1835109E-02, 6.8248104E-04, 1.9875610E+00,-1.9631955E-14, 1.4261507E+00, 1.1508517E+00,-3.3431597E-12, 9.9231163E-05, 0.0000000E+00, 2.1827813E-07, 9.9012885E-05, 2.1603896E-10
 2.8896443E+00,-6.1212457E+01,-9.1342863E+01, 1.1823568E-02, 6.8604984E-04, 1.9875610E+00,-2.1042176E-14, 1.4291299E+00, 1.1478725E+00,-3.2225302E-12, 9.9231163E-05, 0.0000000E+00, 2.2032204E-07, 9.9010841E-05, 2.1649137E-10
 2.9091265E+00,-6.1334679E+01,-9.1579200E+01, 1.1812279E-02, 6.8954000E-04, 1.9875610E+00,-2.1744739E-14, 1.4320422E+00, 1.1449602E+00,-3.1622155E-12, 9.9231163E-05, 0.0000000E+00, 2.2233014E-07, 9.9008833E-05, 2.1686461E-10
 2.9286087E+00,-6.1454925E+01,-9.1811698E+01, 1.1801232E-02, 6.9295463E-04, 1.9875610E+00,-2.0919689E-14, 1.4348901E+00, 1.1421123E+00,-3.1105171E-12, 9.9231163E-05, 0.0000000E+00, 2.2430363E-07, 9.9006860E-05, 2.1722654E-10
 2.9480909E+00,-6.1573262E+01,-9.2040483E+01, 1.1790416E-02, 6.9629666E-04, 1.9875610E+00,-2.1642960E-14, 1.4376763E+00, 1.1393262E+00,-3.1622155E-12, 9.9231163E-05, 0.0000000E+00, 2.2624361E-07, 9.9004920E-05, 2.1754323E-10
 2.9675731E+00,-6.1689757E+01,-9.2265674E+01, 1.1779824E-02, 6.9956886E-04, 1.9875610E+00,-2.1158565E-14, 1.4404030E+00, 1.1365994E+00,-3.3000777E-12, 9.9231163E-05, 0.0000000E+00, 2.2815114E-07, 9.9003012E-05, 2.1781468E-10
 2.9870553E+00,-6.1804471E+01,-9.2487385E+01, 1.1769447E-02, 7.0277385E-04, 1.9875610E+00,-2.1399367E-14, 1.4430726E+00, 1.1339299E+00,-3.3259269E-12, 9.9231163E-05, 0.0000000E+00, 2.3002725E-07, 9.9001136E-05, 2.1807482E-10
 3.0000000E+00,-6.1879968E+01,-9.2633396E+01, 1.1762646E-02, 7.0487420E-04, 1.9875610E+00,-2.1014827E-14, 1.4448218E+00, 1.1321806E+00,-3.3000777E-12, 9.9231163E-05, 0.0000000E+00, 2.3126023E-07, 9.8999903E-05, 2.1810875E-10
 3.0194170E+00,-6.1991475E+01,-9.2848837E+01, 1.1752642E-02, 7.0796242E-04, 1.9875610E+00,-2.2246969E-14, 1.4473923E+00, 1.1296101E+00,-3.2225302E-12, 9.9231163E-05, 0.0000000E+00, 2.3308006E-07, 9.8998083E-05, 2.1830103E-10
 3.0388340E+00,-6.2101361E+01,-9.3061099E+01, 1.1742832E-02, 7.1099016E-04, 1.9875610E+00,-2.2549109E-14, 1.4499114E+00, 1.1270910E+00,-3.0588188E-12, 9.9231163E-05, 0.0000000E+00, 2.3487115E-07, 9.8996292E-05, 2.1848199E-10
 3.0582510E+00,-6.2209678E+01,-9.3270278E+01, 1.1733166E-02, 7.1395955E-04, 1.9875610E+00,-2.1098501E-14, 1.4523810E+00, 1.1246214E+00,-3.1019008E-12, 9.9231163E-05, 0.0000000E+00, 2.3663434E-07, 9.8994529E-05, 2.1867427E-10
 3.0776680E+00,-6.2316473E+01,-9.3476466E+01, 1.1723514E-02, 7.1687260E-04, 1.9875610E+00,-2.0762588E-14, 1.4548028E+00, 1.1221996E+00,-3.0415860E-12, 9.9231163E-05, 0.0000000E+00, 2.3837045E-07, 9.8992793E-05, 2.1880999E-10
 3.0970849E+00,-6.2421793E+01,-9.3679750E+01, 1.1714041E-02, 7.1973125E-04, 1.9875610E+00,-1.9217383E-14, 1.4571785E+00, 1.1198240E+00,-3.0157368E-12, 9.9231163E-05, 0.0000000E+00, 2.4008027E-07, 9.8991083E-05, 2.1897965E-10
 3.1262104E+00,-6.2576464E+01,-9.3977863E+01, 1.1700210E-02, 7.2390323E-04, 1.9875610E+00,-1.9979523E-14, 1.4606430E+00, 1.1163595E+00,-3.1019008E-12, 9.9231163E-05, 0.0000000E+00, 2.4258823E-07, 9.8988575E-05, 2.1989579E-10
 3.1553359E+00,-6.2728092E+01,-9.4270000E+01, 1.1686744E-02, 7.2796411E-04, 1.9875610E+00,-2.0274100E-14, 1.4640134E+00, 1.1129891E+00,-2.9898877E-12, 9.9231163E-05, 0.0000000E+00, 2.4504176E-07, 9.8986121E-05, 2.2072144E-10
 3.1844614E+00,-6.2876806E+01,-9.4556406E+01, 1.1673624E-02, 7.3191206E-04, 1.9875610E+00,-2.0870357E-14, 1.4672942E+00, 1.1097082E+00,-2.7400123E-12, 9.9231163E-05, 0.0000000E+00, 2.4744305E-07, 9.8983720E-05, 2.2146792E-10
 3.2135869E+00,-6.3022727E+01,-9.4837312E+01, 1.1660835E-02, 7.3573497E-04, 1.9875610E+00,-1.9838305E-14, 1.4704897E+00, 1.1065127E+00,-2.6710812E-12, 9.9231163E-05, 0.0000000E+00, 2.4979408E-07, 9.8981369E-05, 2.2204475E-10
 3.2427124E+00,-6.3165966E+01,-9.5112934E+01, 1.1648361E-02, 7.3946199E-04, 1.9875610E+00,-1.9041525E-14, 1.4736038E+00, 1.1033986E+00,-2.6366156E-12, 9.9231163E-05, 0.0000000E+00, 2.5209683E-07, 9.8979066E-05, 2.2258765E-10
 3.2718379E+00,-6.3306630E+01,-9.5383477E+01, 1.1636188E-02, 7.4309741E-04, 1.9875610E+00,-1.6738246E-14, 1.4766401E+00, 1.1003623E+00,-2.9037238E-12, 9.9231163E-05, 0.0000000E+00, 2.5435315E-07, 9.8976810E-05, 2.2307399E-10
 3.3009633E+00,-6.3444818E+01,-9.5649133E+01, 1.1624304E-02, 7.4664526E-04, 1.9875610E+00,-1.5317724E-14, 1.4796022E+00, 1.0974002E+00,-2.9812713E-12, 9.9231163E-05, 0.0000000E+00, 2.5656477E-07, 9.8974598E-05, 2.2351510E-10
 3.3300888E+00,-6.3580624E+01,-9.5910083E+01, 1.1612695E-02, 7.5010930E-04, 1.9875610E+00,-1.4887567E-14, 1.4824933E+00, 1.0945092E+00,-2.8778746E-12, 9.9231163E-05, 0.0000000E+00, 2.5873337E-07, 9.8972430E-05, 2.2387703E-10
 3.3592143E+00,-6.3714135E+01,-9.6166498E+01, 1.1601308E-02, 7.5349307E-04, 1.9875610E+00,-1.3802769E-14, 1.4853163E+00, 1.0916861E+00,-2.7744779E-12, 9.9231163E-05, 0.0000000E+00, 2.6086050E-07, 9.8970303E-05, 2.2421634E-10
 3.3883398E+00,-6.3845436E+01,-9.6418542E+01, 1.1589962E-02, 7.5679990E-04, 1.9875610E+00,-1.3222829E-14, 1.4880742E+00, 1.0889283E+00,-2.7141632E-12, 9.9231163E-05, 0.0000000E+00, 2.6294765E-07, 9.8968216E-05, 2.2451041E-10
 3.4174653E+00,-6.3974606E+01,-9.6666367E+01, 1.1578865E-02, 7.6003293E-04, 1.9875610E+00,-1.3720451E-14, 1.4907695E+00, 1.0862329E+00,-2.7313959E-12, 9.9231163E-05, 0.0000000E+00, 2.6499622E-07, 9.8966167E-05, 2.2478186E-10
 3.4465908E+00,-6.4101718E+01,-9.6910120E+01, 1.1568008E-02, 7.6319509E-04, 1.9875610E+00,-1.4637171E-14, 1.4934049E+00, 1.0835975E+00,-2.6796976E-12, 9.9231163E-05, 0.0000000E+00, 2.6700754E-07, 9.8964156E-05, 2.2501937E-10
 3.4757162E+00,-6.4226843E+01,-9.7149940E+01, 1.1557381E-02, 7.6628917E-04, 1.9875610E+00,-1.5102131E-14, 1.4959827E+00, 1.0810197E+00,-2.5073698E-12, 9.9231163E-05, 0.0000000E+00, 2.6898290E-07, 9.8962180E-05, 2.2523427E-10
 3.5000000E+00,-6.4329863E+01,-9.7347378E+01, 1.1548676E-02, 7.6882298E-04, 1.9875610E+00,-1.6965549E-14, 1.4980934E+00, 1.0789091E+00,-2.3436583E-12, 9.9231163E-05, 0.0000000E+00, 2.7060559E-07, 9.8960558E-05, 2.2531344E-10
 3.5364256E+00,-6.4481363E+01,-9.7637276E+01, 1.1535946E-02, 7.7252596E-04, 1.9875610E+00,-1.6329068E-14, 1.5011762E+00, 1.0758263E+00,-2.2833436E-12, 9.9231163E-05, 0.0000000E+00, 2.7298713E-07, 9.8958176E-05, 2.2584503E-10
 3.5728513E+00,-6.4630082E+01,-9.7921678E+01, 1.1523533E-02, 7.7613506E-04, 1.9875610E+00,-1.5830769E-14, 1.5041797E+00, 1.0728227E+00,-2.2230289E-12, 9.9231163E-05, 0.0000000E+00, 2.7531828E-07, 9.8955845E-05, 2.2628613E-10
 3.6092769E+00,-6.4776129E+01,-9.8200799E+01, 1.1511423E-02, 7.7965453E-04, 1.9875610E+00,-1.4804951E-14, 1.5071076E+00, 1.0698948E+00,-2.1454814E-12, 9.9231163E-05, 0.0000000E+00, 2.7760103E-07, 9.8953562E-05, 2.2665937E-10
 3.6457026E+00,-6.4919608E+01,-9.8474844E+01, 1.1499602E-02, 7.8308832E-04, 1.9875610E+00,-1.3323877E-14, 1.5099632E+00, 1.0670392E+00,-2.2488780E-12, 9.9231163E-05, 0.0000000E+00, 2.7983725E-07, 9.8951326E-05, 2.2702130E-10
 3.6821282E+00,-6.5060616E+01,-9.8744005E+01, 1.1488057E-02, 7.8644016E-04, 1.9875610E+00,-1.1353881E-14, 1.5127498E+00, 1.0642526E+00,-2.0937830E-12, 9.9231163E-05, 0.0000000E+00, 2.8202871E-07, 9.8949134E-05, 2.2733799E-10
 3.7185538E+00,-6.5199244E+01,-9.9008463E+01, 1.1476777E-02, 7.8971351E-04, 1.9875610E+00,-1.0191942E-14, 1.5154702E+00, 1.0615322E+00,-2.3695075E-12, 9.9231163E-05, 0.0000000E+00, 2.8417709E-07, 9.8946986E-05, 2.2760944E-10
 3.7549795E+00,-6.5335579E+01,-9.9268390E+01, 1.1465634E-02, 7.9291166E-04, 1.9875610E+00,-1.0623780E-14, 1.5181274E+00, 1.0588750E+00,-2.2919600E-12, 9.9231163E-05, 0.0000000E+00, 2.8628396E-07, 9.8944879E-05, 2.2784696E-10
 3.7914051E+00,-6.5469703E+01,-9.9523946E+01, 1.1454592E-02, 7.9603768E-04, 1.9875610E+00,-1.1127581E-14, 1.5207238E+00, 1.0562786E+00,-2.2574944E-12, 9.9231163E-05, 0.0000000E+00, 2.8835082E-07, 9.8942812E-05, 2.2802793E-10
 3.8278308E+00,-6.5601692E+01,-9.9775285E+01, 1.1443791E-02, 7.9909447E-04, 1.9875610E+00,-1.0912286E-14, 1.5232620E+00, 1.0537404E+00,-2.3005764E-12, 9.9231163E-05, 0.0000000E+00, 2.9037909E-07, 9.8940784E-05, 2.2824282E-10
 3.8642564E+00,-6.5731621E+01,-1.0002255E+02, 1.1433221E-02, 8.0206195E-04, 1.9875610E+00,-1.0648879E-14, 1.5257443E+00, 1.0512581E+00,-2.3264256E-12, 9.9231163E-05, 0.0000000E+00, 2.9237006E-07, 9.8938793E-05, 2.2842379E-10
 3.9006820E+00,-6.5859559E+01,-1.0026589E+02, 1.1422873E-02, 8.0495862E-04, 1.9875610E+00,-1.0502322E-14, 1.5281729E+00, 1.0488295E+00,-2.5246026E-12, 9.9231163E-05, 0.0000000E+00, 2.9432499E-07, 9.8936838E-05, 2.2858213E-10
 3.9371077E+00,-6.5985571E+01,-1.0050542E+02, 1.1412737E-02, 8.0779419E-04, 1.9875610E+00,-1.0372353E-14, 1.5305499E+00, 1.0464525E+00,-2.4556714E-12, 9.9231163E-05, 0.0000000E+00, 2.9624509E-07, 9.8934918E-05, 2.2871786E-10
 3.9735333E+00,-6.6109720E+01,-1.0074127E+02, 1.1402806E-02, 8.1057096E-04, 1.9875610E+00,-1.1515888E-14, 1.5328772E+00, 1.0441252E+00,-2.2661108E-12, 9.9231163E-05, 0.0000000E+00, 2.9813153E-07, 9.8933032E-05, 2.2885358E-10
 4.0000000E+00,-6.1438662E+01,-1.0088427E+02, 1.1407789E-02, 8.1264180E-04, 2.0404944E+00,-1.1564460E-14, 1.5345467E+00, 1.0953891E+00,-2.1951713E-12, 9.9231163E-05, 0.0000000E+00, 2.9948825E-07, 9.8931675E-05, 2.2885358E-10
 4.0364256E+00,-5.6800739E+01,-1.0074803E+02, 1.1384550E-02, 8.1651464E-04, 2.1133456E+00,-1.5464119E-14, 1.5368726E+00, 1.1659145E+00,-2.3988950E-12, 9.9231163E-05, 0.0000000E+00, 3.0138738E-07, 9.8929776E-05, 2.2905717E-10
 4.0546385E+00,-5.4766386E+01,-1.0052290E+02, 1.1371867E-02, 8.1895772E-04, 2.1497713E+00,-1.5949841E-14, 1.5380593E+00, 1.2011535E+00,-1.8482015E-12, 9.9231163E-05, 0.0000000E+00, 3.0235917E-07, 9.8928804E-05, 2.2906848E-10
 4.0637449E+00,-5.3810970E+01,-1.0035785E+02, 1.1364699E-02, 8.2035428E-04, 2.1679841E+00,-1.4690432E-14, 1.5386614E+00, 1.2187641E+00,-1.7715732E-12, 9.9231163E-05, 0.0000000E+00, 3.0285316E-07, 9.8928310E-05, 2.2905717E-10
 4.0728513E+00,-5.2907075E+01,-1.0012260E+02, 1.1356543E-02, 8.2198896E-04, 2.1861969E+00,-1.3823070E-14, 1.5392764E+00, 1.2363619E+00,-1.6959506E-12, 9.9231163E-05, 0.0000000E+00, 3.0335869E-07, 9.8927804E-05, 2.2903455E-10
 4.0819577E+00,-5.2055518E+01,-9.9796040E+01, 1.1346513E-02, 8.2393815E-04, 2.2044097E+00,-1.4579410E-14, 1.5399098E+00, 1.2539414E+00,-1.6054187E-12, 9.9231163E-05, 0.0000000E+00, 3.0388055E-07, 9.8927283E-05, 2.2840117E-10
 4.0865109E+00,-5.1644451E+01,-9.9607417E+01, 1.1340627E-02, 8.2498501E-04, 2.2135162E+00,-1.4862170E-14, 1.5402319E+00, 1.2627257E+00,-1.5368286E-12, 9.9231163E-05, 0.0000000E+00, 3.0414629E-07, 9.8927017E-05, 2.2944172E-10
 4.0910641E+00,-5.1247002E+01,-9.9389734E+01, 1.1334152E-02, 8.2613502E-04, 2.2226226E+00,-1.4575940E-14, 1.5405604E+00, 1.2715036E+00,-1.5081634E-12, 9.9231163E-05, 0.0000000E+00, 3.0441769E-07, 9.8926745E-05, 2.2980365E-10
 4.0956173E+00,-5.0863352E+01,-9.9139593E+01, 1.1327098E-02, 8.2740318E-04, 2.2317290E+00,-1.4607165E-14, 1.5408965E+00, 1.2802740E+00,-1.5111659E-12, 9.9231163E-05, 0.0000000E+00, 3.0469573E-07, 9.8926467E-05, 2.3012034E-10
 4.1001705E+00,-5.0493695E+01,-9.8853520E+01, 1.1318862E-02, 8.2880599E-04, 2.2408354E+00,-1.4785842E-14, 1.5412413E+00, 1.2890355E+00,-1.3964690E-12, 9.9231163E-05, 0.0000000E+00, 3.0498156E-07, 9.8926182E-05, 2.3044834E-10
 4.1047237E+00,-5.0138221E+01,-9.8528068E+01, 1.1309836E-02, 8.3036149E-04, 2.2499418E+00,-1.5210849E-14, 1.5415966E+00, 1.2977867E+00,-1.3528895E-12, 9.9231163E-05, 0.0000000E+00, 3.0527653E-07, 9.8925887E-05, 2.3071979E-10
 4.1092769E+00,-4.9797101E+01,-9.8159932E+01, 1.1299961E-02, 8.3208912E-04, 2.2590482E+00,-1.5521365E-14, 1.5419639E+00, 1.3065257E+00,-1.4265161E-12, 9.9231163E-05, 0.0000000E+00, 3.0558220E-07, 9.8925581E-05, 2.3099124E-10
 4.1138301E+00,-4.9470482E+01,-9.7746091E+01, 1.1288823E-02, 8.3400968E-04, 2.2681546E+00,-1.5734736E-14, 1.5423454E+00, 1.3152506E+00,-1.3986592E-12, 9.9231163E-05, 0.0000000E+00, 3.0590040E-07, 9.8925263E-05, 2.3121744E-10
 4.1183833E+00,-4.9158469E+01,-9.7283960E+01, 1.1276581E-02, 8.3614511E-04, 2.2772610E+00,-1.5561263E-14, 1.5427435E+00, 1.3239590E+00,-1.6730594E-12, 9.9231163E-05, 0.0000000E+00, 3.0623323E-07, 9.8924930E-05, 2.3139841E-10
 4.1229365E+00,-4.8861126E+01,-9.6771558E+01, 1.1263311E-02, 8.3851828E-04, 2.2863674E+00,-1.6543117E-14, 1.5431608E+00, 1.3326481E+00,-1.5751081E-12, 9.9231163E-05, 0.0000000E+00, 3.0658314E-07, 9.8924580E-05, 2.3152282E-10
 4.1274897E+00,-4.8578462E+01,-9.6207668E+01, 1.1248940E-02, 8.4115264E-04, 2.2954738E+00,-1.6728732E-14, 1.5436004E+00, 1.3413148E+00,-1.5624395E-12, 9.9231163E-05, 0.0000000E+00, 3.0695295E-07, 9.8924210E-05, 2.3160200E-10
 4.1320429E+00,-4.8310429E+01,-9.5591998E+01, 1.1233066E-02, 8.4407186E-04, 2.3045803E+00,-1.6234336E-14, 1.5440660E+00, 1.3499557E+00,-1.7570088E-12, 9.9231163E-05, 0.0000000E+00, 3.0734589E-07, 9.8923817E-05, 2.3155675E-10
 4.1365961E+00,-4.8056919E+01,-9.4925301E+01, 1.1216077E-02, 8.4729937E-04, 2.3136867E+00,-1.5686163E-14, 1.5445614E+00, 1.3585667E+00,-1.8738728E-12, 9.9231163E-05, 0.0000000E+00, 3.0776569E-07, 9.8923397E-05, 2.3146627E-10
 4.1411494E+00,-4.7817761E+01,-9.4209468E+01, 1.1197942E-02, 8.5082049E-04, 2.3227931E+00,-1.5863105E-14, 1.5450913E+00, 1.3671432E+00,-1.8451397E-12, 9.9231163E-05, 0.0000000E+00, 3.0821655E-07, 9.8922947E-05, 2.3113827E-10
 4.1457026E+00,-4.7592719E+01,-9.3447544E+01, 1.1178641E-02, 8.5462862E-04, 2.3318995E+00,-1.5391260E-14, 1.5456608E+00, 1.3756801E+00,-1.7937833E-12, 9.9231163E-05, 0.0000000E+00, 3.0870322E-07, 9.8922460E-05, 2.3066324E-10
 4.1502558E+00,-4.7381498E+01,-9.2643695E+01, 1.1158043E-02, 8.5879832E-04, 2.3410059E+00,-1.5557794E-14, 1.5462755E+00, 1.3841719E+00,-1.7806320E-12, 9.9231163E-05, 0.0000000E+00, 3.0923110E-07, 9.8921932E-05, 2.2982627E-10
 4.1548090E+00,-4.7183742E+01,-9.1803089E+01, 1.1136168E-02, 8.6334704E-04, 2.3501123E+00,-1.5160542E-14, 1.5469416E+00, 1.3926121E+00,-1.7449010E-12, 9.9231163E-05, 0.0000000E+00, 3.0980621E-07, 9.8921357E-05, 2.2857082E-10
 4.1593622E+00,-4.6999043E+01,-9.0931718E+01, 1.1113201E-02, 8.6829014E-04, 2.3592187E+00,-1.5915147E-14, 1.5476661E+00, 1.4009941E+00,-1.6039658E-12, 9.9231163E-05, 0.0000000E+00, 3.1043525E-07, 9.8920728E-05, 2.2665937E-10
 4.1639154E+00,-4.6826943E+01,-9.0036169E+01, 1.1089169E-02, 8.7364018E-04, 2.3683251E+00,-1.4782372E-14, 1.5484562E+00, 1.4093103E+00,-1.6365634E-12, 9.9231163E-05, 0.0000000E+00, 3.1112556E-07, 9.8920038E-05, 2.2386572E-10
 4.1684686E+00,-4.6666944E+01,-8.9123361E+01, 1.1064089E-02, 8.7928420E-04, 2.3774315E+00,-1.5290646E-14, 1.5493200E+00, 1.4175529E+00,-1.5492147E-12, 9.9231163E-05, 0.0000000E+00, 3.1188510E-07, 9.8919278E-05, 2.1985054E-10
 4.1707452E+00,-4.6589934E+01,-8.8667544E+01, 1.1051282E-02, 8.8221499E-04, 2.3819847E+00,-1.5299320E-14, 1.5497717E+00, 1.4216545E+00,-1.5169502E-12, 9.9231163E-05, 0.0000000E+00, 3.1228357E-07, 9.8918880E-05, 2.1973744E-10
 4.1730218E+00,-4.6515840E+01,-8.8209272E+01, 1.1038222E-02, 8.8525205E-04, 2.3865379E+00,-1.5589019E-14, 1.5502442E+00, 1.4257352E+00,-1.4549394E-12, 9.9231163E-05, 0.0000000E+00, 3.1270187E-07, 9.8918461E-05, 2.1946599E-10
 4.1752984E+00,-4.6444587E+01,-8.7749417E+01, 1.1024915E-02, 8.8839633E-04, 2.3910911E+00,-1.5504017E-14, 1.5507387E+00, 1.4297939E+00,-1.4601666E-12, 9.9231163E-05, 0.0000000E+00, 3.1314117E-07, 9.8918022E-05, 2.1910406E-10
 4.1775750E+00,-4.6376101E+01,-8.7288830E+01, 1.1011364E-02, 8.9164874E-04, 2.3956443E+00,-1.5926423E-14, 1.5512563E+00, 1.4338295E+00,-1.4430625E-12, 9.9231163E-05, 0.0000000E+00, 3.1360268E-07, 9.8917560E-05, 2.1864034E-10
 4.1798516E+00,-4.6310306E+01,-8.6828335E+01, 1.0997493E-02, 8.9501013E-04, 2.4001976E+00,-1.6622047E-14, 1.5517982E+00, 1.4378408E+00,-1.3963019E-12, 9.9231163E-05, 0.0000000E+00, 3.1408765E-07, 9.8917075E-05, 2.1802958E-10
 4.1821282E+00,-4.6247126E+01,-8.6368721E+01, 1.0983402E-02, 8.9848115E-04, 2.4047508E+00,-1.6867510E-14, 1.5523655E+00, 1.4418267E+00,-1.4015944E-12, 9.9231163E-05, 0.0000000E+00, 3.1459737E-07, 9.8916566E-05, 2.1733965E-10
 4.1844048E+00,-4.6186486E+01,-8.5910739E+01, 1.0969097E-02, 9.0202062E-04, 2.4093040E+00,-1.7379254E-14, 1.5529594E+00, 1.4457860E+00,-1.4068708E-12, 9.9231163E-05, 0.0000000E+00, 3.1513313E-07, 9.8916030E-05, 2.1646875E-10
 4.1866814E+00,-4.6128310E+01,-8.5455100E+01, 1.0954585E-02, 9.0564864E-04, 2.4138572E+00,-1.6959450E-14, 1.5535812E+00, 1.4497174E+00,-1.4269180E-12, 9.9231163E-05, 0.0000000E+00, 3.1569624E-07, 9.8915467E-05, 2.1546213E-10
 4.1889580E+00,-4.6072519E+01,-8.5002470E+01, 1.0939873E-02, 9.0938718E-04, 2.4184104E+00,-1.7322008E-14, 1.5542320E+00, 1.4536198E+00,-1.3509363E-12, 9.9231163E-05, 0.0000000E+00, 3.1628810E-07, 9.8914875E-05, 2.1422930E-10
 4.1912346E+00,-4.6019038E+01,-8.4553469E+01, 1.0924966E-02, 9.1323707E-04, 2.4229636E+00,-1.7503286E-14, 1.5549131E+00, 1.4574919E+00,-1.4152335E-12, 9.9231163E-05, 0.0000000E+00, 3.1691009E-07, 9.8914253E-05, 2.1279289E-10
 4.1935112E+00,-4.5967791E+01,-8.4108671E+01, 1.0909872E-02, 9.1719920E-04, 2.4275168E+00,-1.7702779E-14, 1.5556257E+00, 1.4613326E+00,-1.4425371E-12, 9.9231163E-05, 0.0000000E+00, 3.1756364E-07, 9.8913600E-05, 2.1101716E-10
 4.1957878E+00,-4.5918702E+01,-8.3668600E+01, 1.0894598E-02, 9.2127449E-04, 2.4320700E+00,-1.7539715E-14, 1.5563709E+00, 1.4651406E+00,-1.3962706E-12, 9.9231163E-05, 0.0000000E+00, 3.1825018E-07, 9.8912913E-05, 2.0887951E-10
 4.1980644E+00,-4.5871695E+01,-8.3233733E+01, 1.0879150E-02, 9.2546390E-04, 2.4366232E+00,-1.7590890E-14, 1.5571499E+00, 1.4689147E+00,-1.4308583E-12, 9.9231163E-05, 0.0000000E+00, 3.1897117E-07, 9.8912192E-05, 2.0636861E-10
 4.2003410E+00,-4.5826697E+01,-8.2804500E+01, 1.0863536E-02, 9.2975725E-04, 2.4411764E+00,-1.7720127E-14, 1.5579640E+00, 1.4726538E+00,-1.4140552E-12, 9.9231163E-05, 0.0000000E+00, 3.1972808E-07, 9.8911435E-05, 2.0340530E-10
 4.2026176E+00,-4.5783633E+01,-8.2381284E+01, 1.0847762E-02, 9.3411648E-04, 2.4457296E+00,-1.7384458E-14, 1.5588143E+00, 1.4763567E+00,-1.4046182E-12, 9.9231163E-05, 0.0000000E+00, 3.2052235E-07, 9.8910641E-05, 1.9987647E-10
 4.2048942E+00,-4.5742432E+01,-8.1964423E+01, 1.0831835E-02, 9.3859201E-04, 2.4502828E+00,-1.6285510E-14, 1.5597019E+00, 1.4800223E+00,-1.4974761E-12, 9.9231163E-05, 0.0000000E+00, 3.2135546E-07, 9.8909808E-05, 1.9575950E-10
 4.2071708E+00,-4.5703023E+01,-8.1554213E+01, 1.0815760E-02, 9.4318510E-04, 2.4548360E+00,-1.6239540E-14, 1.5606280E+00, 1.4836494E+00,-1.4295919E-12, 9.9231163E-05, 0.0000000E+00, 3.2222892E-07, 9.8908934E-05, 1.9091867E-10
 4.2094474E+00,-4.5665336E+01,-8.1150908E+01, 1.0799543E-02, 9.4789706E-04, 2.4593892E+00,-1.5898667E-14, 1.5615936E+00, 1.4872370E+00,-1.4274569E-12, 9.9231163E-05, 0.0000000E+00, 3.2314422E-07, 9.8908019E-05, 1.8524088E-10
 4.2117240E+00,-4.5629304E+01,-8.0754724E+01, 1.0783192E-02, 9.5272926E-04, 2.4639424E+00,-1.5761624E-14, 1.5625998E+00, 1.4907840E+00,-1.4107841E-12, 9.9231163E-05, 0.0000000E+00, 3.2410287E-07, 9.8907060E-05, 1.7853384E-10
 4.2140006E+00,-4.5594859E+01,-8.0365843E+01, 1.0766713E-02, 9.5768316E-04, 2.4684956E+00,-1.6554393E-14, 1.5636477E+00, 1.4942894E+00,-1.3723772E-12, 9.9231163E-05, 0.0000000E+00, 3.2510636E-07, 9.8906057E-05, 1.7077494E-10
 4.2162772E+00,-4.5561936E+01,-7.9984411E+01, 1.0750112E-02, 9.6276000E-04, 2.4730488E+00,-1.6163212E-14, 1.5647381E+00, 1.4977522E+00,-1.4065891E-12, 9.9231163E-05, 0.0000000E+00, 3.2615619E-07, 9.8905007E-05, 1.6172667E-10
 4.2185538E+00,-4.5530474E+01,-7.9610544E+01, 1.0733396E-02, 9.6791443E-04, 2.4776020E+00,-1.5628918E-14, 1.5658721E+00, 1.5011714E+00,-1.3393436E-12, 9.9231163E-05, 0.0000000E+00, 3.2725380E-07, 9.8903909E-05, 1.6180584E-10
 4.2208304E+00,-4.5500410E+01,-7.9244332E+01, 1.0716570E-02, 9.7318600E-04, 2.4821552E+00,-1.5791114E-14, 1.5670506E+00, 1.5045461E+00,-1.3301293E-12, 9.9231163E-05, 0.0000000E+00, 3.2840065E-07, 9.8902763E-05, 1.6182846E-10
 4.2231070E+00,-4.5471685E+01,-7.8885836E+01, 1.0699642E-02, 9.7858478E-04, 2.4867084E+00,-1.5459782E-14, 1.5682743E+00, 1.5078756E+00,-1.3786883E-12, 9.9231163E-05, 0.0000000E+00, 3.2959821E-07, 9.8901565E-05, 1.6185108E-10
 4.2253836E+00,-4.5444241E+01,-7.8535096E+01, 1.0682615E-02, 9.8411241E-04, 2.4912617E+00,-1.5360903E-14, 1.5695442E+00, 1.5111589E+00,-1.3261975E-12, 9.9231163E-05, 0.0000000E+00, 3.3084793E-07, 9.8900315E-05, 1.6190763E-10
 4.2276602E+00,-4.5418023E+01,-7.8192129E+01, 1.0665497E-02, 9.8977054E-04, 2.4958149E+00,-1.4921150E-14, 1.5708610E+00, 1.5143953E+00,-1.3962099E-12, 9.9231163E-05, 0.0000000E+00, 3.3215125E-07, 9.8899012E-05, 1.6189632E-10
 4.2299368E+00,-4.5392976E+01,-7.7856934E+01, 1.0648293E-02, 9.9556082E-04, 2.5003681E+00,-1.5427690E-14, 1.5722254E+00, 1.5175841E+00,-1.4516432E-12, 9.9231163E-05, 0.0000000E+00, 3.3350959E-07, 9.8897654E-05, 1.6189632E-10
 4.2322134E+00,-4.5369049E+01,-7.7529493E+01, 1.0631007E-02, 1.0014849E-03, 2.5049213E+00,-1.5044316E-14, 1.5736381E+00, 1.5207246E+00,-1.4279799E-12, 9.9231163E-05, 0.0000000E+00, 3.3492435E-07, 9.8896239E-05, 1.6196418E-10
 4.2344901E+00,-4.5346191E+01,-7.7209771E+01, 1.0613645E-02, 1.0075343E-03, 2.5094745E+00,-1.5612438E-14, 1.5750996E+00, 1.5238163E+00,-1.4258817E-12, 9.9231163E-05, 0.0000000E+00, 3.3639690E-07, 9.8894766E-05, 1.6200942E-10
 4.2367667E+00,-4.5324353E+01,-7.6897723E+01, 1.0596212E-02, 1.0136817E-03, 2.5140277E+00,-1.5479731E-14, 1.5766106E+00, 1.5268586E+00,-1.3593973E-12, 9.9231163E-05, 0.0000000E+00, 3.3792853E-07, 9.8893235E-05, 1.6205467E-10
 4.2390433E+00,-4.5303491E+01,-7.6593287E+01, 1.0578712E-02, 1.0199672E-03, 2.5185809E+00,-1.6066935E-14, 1.5781715E+00, 1.5298509E+00,-1.3574058E-12, 9.9231163E-05, 0.0000000E+00, 3.3952059E-07, 9.8891643E-05, 1.6212253E-10
 4.2413199E+00,-4.5283558E+01,-7.6296395E+01, 1.0561151E-02, 1.0263925E-03, 2.5231341E+00,-1.5530906E-14, 1.5797827E+00, 1.5327928E+00,-1.3982229E-12, 9.9231163E-05, 0.0000000E+00, 3.4117437E-07, 9.8889989E-05, 1.6221301E-10
 4.2435965E+00,-4.5264512E+01,-7.6006966E+01, 1.0543518E-02, 1.0329589E-03, 2.5276873E+00,-1.5357433E-14, 1.5814447E+00, 1.5356840E+00,-1.4745375E-12, 9.9231163E-05, 0.0000000E+00, 3.4289116E-07, 9.8888272E-05, 1.6228087E-10
 4.2458731E+00,-4.5246312E+01,-7.5724913E+01, 1.0525823E-02, 1.0396679E-03, 2.5322405E+00,-1.4711249E-14, 1.5831578E+00, 1.5385241E+00,-1.5221777E-12, 9.9231163E-05, 0.0000000E+00, 3.4467221E-07, 9.8886491E-05, 1.6237136E-10
 4.2481497E+00,-4.5228918E+01,-7.5450141E+01, 1.0508080E-02, 1.0465209E-03, 2.5367937E+00,-1.4652268E-14, 1.5849223E+00, 1.5413129E+00,-1.4986528E-12, 9.9231163E-05, 0.0000000E+00, 3.4651875E-07, 9.8884644E-05, 1.6248446E-10
 4.2504263E+00,-4.5212294E+01,-7.5182549E+01, 1.0490294E-02, 1.0535190E-03, 2.5413469E+00,-1.5916014E-14, 1.5867383E+00, 1.5440500E+00,-1.4184581E-12, 9.9231163E-05, 0.0000000E+00, 3.4843197E-07, 9.8882731E-05, 1.6262018E-10
 4.2527029E+00,-4.5196401E+01,-7.4922031E+01, 1.0472468E-02, 1.0606634E-03, 2.5459001E+00,-1.6151069E-14, 1.5886061E+00, 1.5467355E+00,-1.4872181E-12, 9.9231163E-05, 0.0000000E+00, 3.5041304E-07, 9.8880750E-05, 1.6278984E-10
 4.2549795E+00,-4.5181208E+01,-7.4668475E+01, 1.0454605E-02, 1.0679230E-03, 2.5504533E+00,-1.5666214E-14, 1.5905257E+00, 1.5493691E+00,-1.5345635E-12, 9.9231163E-05, 0.0000000E+00, 3.5246303E-07, 9.8878700E-05, 1.6295949E-10
 4.2572561E+00,-4.5166679E+01,-7.4421767E+01, 1.0436708E-02, 1.0753218E-03, 2.5550065E+00,-1.5903004E-14, 1.5924972E+00, 1.5519508E+00,-1.4758496E-12, 9.9231163E-05, 0.0000000E+00, 3.5458303E-07, 9.8876580E-05, 1.6321963E-10
 4.2595327E+00,-4.5152785E+01,-7.4181788E+01, 1.0418781E-02, 1.0828696E-03, 2.5595597E+00,-1.5169216E-14, 1.5945206E+00, 1.5544806E+00,-1.4948694E-12, 9.9231163E-05, 0.0000000E+00, 3.5677411E-07, 9.8874389E-05, 1.6346846E-10
 4.2618093E+00,-4.5139494E+01,-7.3948417E+01, 1.0400827E-02, 1.0905675E-03, 2.5641129E+00,-1.4788444E-14, 1.5965958E+00, 1.5569586E+00,-1.4786289E-12, 9.9231163E-05, 0.0000000E+00, 3.5903729E-07, 9.8872126E-05, 1.6371729E-10
 4.2640859E+00,-4.5126778E+01,-7.3721533E+01, 1.0382848E-02, 1.0984161E-03, 2.5686661E+00,-1.4167413E-14, 1.5987228E+00, 1.5593848E+00,-1.4624352E-12, 9.9231163E-05, 0.0000000E+00, 3.6137359E-07, 9.8869790E-05, 1.6404529E-10
 4.2663625E+00,-4.5114611E+01,-7.3501008E+01, 1.0364848E-02, 1.1064159E-03, 2.5732193E+00,-1.4668748E-14, 1.6009013E+00, 1.5617594E+00,-1.3971424E-12, 9.9231163E-05, 0.0000000E+00, 3.6378398E-07, 9.8867379E-05, 1.6441853E-10
 4.2686391E+00,-4.5102965E+01,-7.3286719E+01, 1.0346829E-02, 1.1145676E-03, 2.5777725E+00,-1.4549920E-14, 1.6031313E+00, 1.5640827E+00,-1.4021446E-12, 9.9231163E-05, 0.0000000E+00, 3.6626939E-07, 9.8864894E-05, 1.6479177E-10
 4.2709157E+00,-4.5091817E+01,-7.3078537E+01, 1.0328793E-02, 1.1228715E-03, 2.5823257E+00,-1.4366039E-14, 1.6054123E+00, 1.5663549E+00,-1.4071325E-12, 9.9231163E-05, 0.0000000E+00, 3.6883072E-07, 9.8862332E-05, 1.6524418E-10
 4.2731923E+00,-4.5081143E+01,-7.2876335E+01, 1.0310743E-02, 1.1313278E-03, 2.5868790E+00,-1.4520429E-14, 1.6077442E+00, 1.5685762E+00,-1.3631716E-12, 9.9231163E-05, 0.0000000E+00, 3.7146886E-07, 9.8859694E-05, 1.6576446E-10
 4.2754689E+00,-4.5070920E+01,-7.2679984E+01, 1.0292681E-02, 1.1399367E-03, 2.5914322E+00,-1.4469255E-14, 1.6101266E+00, 1.5707470E+00,-1.3612203E-12, 9.9231163E-05, 0.0000000E+00, 3.7418463E-07, 9.8856979E-05, 1.6629605E-10
 4.2777455E+00,-4.5061127E+01,-7.2489358E+01, 1.0274609E-02, 1.1486685E-03, 2.5959854E+00,-1.5513558E-14, 1.6125591E+00, 1.5728677E+00,-1.3174508E-12, 9.9231163E-05, 0.0000000E+00, 3.7697877E-07, 9.8854184E-05, 1.6690680E-10
 4.2800221E+00,-4.5051743E+01,-7.2304328E+01, 1.0256530E-02, 1.1575491E-03, 2.6005386E+00,-1.5711317E-14, 1.6150413E+00, 1.5749387E+00,-1.3016489E-12, 9.9231163E-05, 0.0000000E+00, 3.7985205E-07, 9.8851311E-05, 1.6760805E-10
 4.2822987E+00,-4.5042751E+01,-7.2124766E+01, 1.0238445E-02, 1.1665822E-03, 2.6050918E+00,-1.5776369E-14, 1.6175728E+00, 1.5769605E+00,-1.3345475E-12, 9.9231163E-05, 0.0000000E+00, 3.8280519E-07, 9.8848358E-05, 1.6839977E-10
 4.2845753E+00,-4.5034131E+01,-7.1950546E+01, 1.0220357E-02, 1.1757674E-03, 2.6096450E+00,-1.5845758E-14, 1.6201530E+00, 1.5789335E+00,-1.3395890E-12, 9.9231163E-05, 0.0000000E+00, 3.8583890E-07, 9.8845324E-05, 1.6923674E-10
 4.2868519E+00,-4.5025865E+01,-7.1781541E+01, 1.0202267E-02, 1.1851044E-03, 2.6141982E+00,-1.6382655E-14, 1.6227814E+00, 1.5808582E+00,-1.3515471E-12, 9.9231163E-05, 0.0000000E+00, 3.8895386E-07, 9.8842209E-05, 1.7019812E-10
 4.2891285E+00,-4.5017938E+01,-7.1617627E+01, 1.0184176E-02, 1.1945927E-03, 2.6187514E+00,-1.6816336E-14, 1.6254575E+00, 1.5827353E+00,-1.3357866E-12, 9.9231163E-05, 0.0000000E+00, 3.9215071E-07, 9.8839012E-05, 1.7120474E-10
 4.2914051E+00,-4.5010334E+01,-7.1458680E+01, 1.0166088E-02, 1.2042319E-03, 2.6233046E+00,-1.7406142E-14, 1.6281807E+00, 1.5845654E+00,-1.2647798E-12, 9.9231163E-05, 0.0000000E+00, 3.9543006E-07, 9.8835733E-05, 1.7232446E-10
 4.2936817E+00,-4.5003038E+01,-7.1304576E+01, 1.0148002E-02, 1.2140211E-03, 2.6278578E+00,-1.6659343E-14, 1.6309503E+00, 1.5863489E+00,-1.3389073E-12, 9.9231163E-05, 0.0000000E+00, 3.9879249E-07, 9.8832371E-05, 1.7353467E-10
 4.2959583E+00,-4.4996035E+01,-7.1155195E+01, 1.0129921E-02, 1.2239598E-03, 2.6324110E+00,-1.7044452E-14, 1.6337658E+00, 1.5880866E+00,-1.3576906E-12, 9.9231163E-05, 0.0000000E+00, 4.0223854E-07, 9.8828925E-05, 1.7489191E-10
 4.2982349E+00,-4.4989313E+01,-7.1010416E+01, 1.0111847E-02, 1.2340470E-03, 2.6369642E+00,-1.7553593E-14, 1.6366265E+00, 1.5897791E+00,-1.3420104E-12, 9.9231163E-05, 0.0000000E+00, 4.0576875E-07, 9.8825394E-05, 1.7630570E-10
 4.3005115E+00,-4.4982858E+01,-7.0870120E+01, 1.0093779E-02, 1.2442818E-03, 2.6415174E+00,-1.7311599E-14, 1.6395317E+00, 1.5914272E+00,-1.3263743E-12, 9.9231163E-05, 0.0000000E+00, 4.0938361E-07, 9.8821780E-05, 1.7792308E-10
 4.3027881E+00,-4.4976659E+01,-7.0734192E+01, 1.0075721E-02, 1.2546633E-03, 2.6460706E+00,-1.7391397E-14, 1.6424807E+00, 1.5930314E+00,-1.3656842E-12, 9.9231163E-05, 0.0000000E+00, 4.1308358E-07, 9.8818080E-05, 1.7960833E-10
 4.3050647E+00,-4.4970704E+01,-7.0602515E+01, 1.0057672E-02, 1.2651869E-03, 2.6506238E+00,-1.7040115E-14, 1.6454727E+00, 1.5945925E+00,-1.3020872E-12, 9.9231163E-05, 0.0000000E+00, 4.1686909E-07, 9.8814294E-05, 1.8140667E-10
 4.3073413E+00,-4.4964981E+01,-7.0474977E+01, 1.0039635E-02, 1.2758331E-03, 2.6551770E+00,-1.7723596E-14, 1.6485071E+00, 1.5961113E+00,-1.2660426E-12, 9.9231163E-05, 0.0000000E+00, 4.2074049E-07, 9.8810423E-05, 1.8338598E-10
 4.3096179E+00,-4.4959482E+01,-7.0351465E+01, 1.0021610E-02, 1.2866225E-03, 2.6597302E+00,-1.7422622E-14, 1.6515831E+00, 1.5975885E+00,-1.2369329E-12, 9.9231163E-05, 0.0000000E+00, 4.2469816E-07, 9.8806465E-05, 1.8553495E-10
 4.3118945E+00,-4.4954195E+01,-7.0231870E+01, 1.0003599E-02, 1.2975538E-03, 2.6642834E+00,-1.7338488E-14, 1.6547000E+00, 1.5990249E+00,-1.2215533E-12, 9.9231163E-05, 0.0000000E+00, 4.2874245E-07, 9.8802421E-05, 1.8775178E-10
 4.3141711E+00,-4.4949112E+01,-7.0116084E+01, 9.9856017E-03, 1.3086255E-03, 2.6688366E+00,-1.7375784E-14, 1.6578569E+00, 1.6004211E+00,-1.1994019E-12, 9.9231163E-05, 0.0000000E+00, 4.3287371E-07, 9.8798289E-05, 1.9019481E-10
 4.3164477E+00,-4.4944224E+01,-7.0004002E+01, 9.9676203E-03, 1.3198363E-03, 2.6733898E+00,-1.7074810E-14, 1.6610532E+00, 1.6017781E+00,-1.1024544E-12, 9.9231163E-05, 0.0000000E+00, 4.3709224E-07, 9.8794071E-05, 1.9276226E-10
 4.3187243E+00,-4.4939522E+01,-6.9895519E+01, 9.9496553E-03, 1.3311847E-03, 2.6779431E+00,-1.7131188E-14, 1.6642880E+00, 1.6030965E+00,-1.0329602E-12, 9.9231163E-05, 0.0000000E+00, 4.4139834E-07, 9.8789765E-05, 1.9549936E-10
 4.3210009E+00,-4.4934998E+01,-6.9790533E+01, 9.9317077E-03, 1.3426692E-03, 2.6824963E+00,-1.6487606E-14, 1.6675605E+00, 1.6043772E+00,-1.0722407E-12, 9.9231163E-05, 0.0000000E+00, 4.4579227E-07, 9.8785371E-05, 1.9847399E-10
 4.3232775E+00,-4.4930644E+01,-6.9688945E+01, 9.9137783E-03, 1.3542881E-03, 2.6870495E+00,-1.6176223E-14, 1.6708700E+00, 1.6056209E+00,-1.0978583E-12, 9.9231163E-05, 0.0000000E+00, 4.5027427E-07, 9.8780889E-05, 2.0157302E-10
 4.3255541E+00,-4.4926454E+01,-6.9590657E+01, 9.8958679E-03, 1.3660400E-03, 2.6916027E+00,-1.6655006E-14, 1.6742157E+00, 1.6068285E+00,-1.0760322E-12, 9.9231163E-05, 0.0000000E+00, 4.5484456E-07, 9.8776319E-05, 2.0486433E-10
 4.3278308E+00,-4.4922421E+01,-6.9495572E+01, 9.8779773E-03, 1.3779230E-03, 2.6961559E+00,-1.5980199E-14, 1.6775967E+00, 1.6080006E+00,-1.1488804E-12, 9.9231163E-05, 0.0000000E+00, 4.5950337E-07, 9.8771660E-05, 2.0834792E-10
 4.3301074E+00,-4.4918537E+01,-6.9403598E+01, 9.8601073E-03, 1.3899356E-03, 2.7007091E+00,-1.6171886E-14, 1.6810123E+00, 1.6091382E+00,-1.1540392E-12, 9.9231163E-05, 0.0000000E+00, 4.6425086E-07, 9.8766912E-05, 2.1203509E-10
 4.3323840E+00,-4.4914797E+01,-6.9314642E+01, 9.8422585E-03, 1.4020759E-03, 2.7052623E+00,-1.6312399E-14, 1.6844617E+00, 1.6102420E+00,-1.1120077E-12, 9.9231163E-05, 0.0000000E+00, 4.6908720E-07, 9.8762076E-05, 2.1592585E-10
 4.3346606E+00,-4.4911195E+01,-6.9228615E+01, 9.8244317E-03, 1.4143423E-03, 2.7098155E+00,-1.5762491E-14, 1.6879442E+00, 1.6113128E+00,-1.1306635E-12, 9.9231163E-05, 0.0000000E+00, 4.7401256E-07, 9.8757151E-05, 2.2002020E-10
 4.3369372E+00,-4.4907725E+01,-6.9145429E+01, 9.8066276E-03, 1.4267329E-03, 2.7143687E+00,-1.4909875E-14, 1.6914588E+00, 1.6123513E+00,-1.1694304E-12, 9.9231163E-05, 0.0000000E+00, 4.7902705E-07, 9.8752136E-05, 2.2436337E-10
 4.3392138E+00,-4.4904381E+01,-6.9064999E+01, 9.7888467E-03, 1.4392460E-03, 2.7189219E+00,-1.5588152E-14, 1.6950050E+00, 1.6133584E+00,-1.1074164E-12, 9.9231163E-05, 0.0000000E+00, 4.8413081E-07, 9.8747032E-05, 2.2884227E-10
 4.3414904E+00,-4.4901159E+01,-6.8987242E+01, 9.7710896E-03, 1.4518796E-03, 2.7234751E+00,-1.5941168E-14, 1.6985818E+00, 1.6143348E+00,-1.1125968E-12, 9.9231163E-05, 0.0000000E+00, 4.8932392E-07, 9.8741839E-05, 2.3362655E-10
 4.3437670E+00,-4.4898054E+01,-6.8912075E+01, 9.7533569E-03, 1.4646320E-03, 2.7280283E+00,-1.6483269E-14, 1.7021885E+00, 1.6152812E+00,-1.0776038E-12, 9.9231163E-05, 0.0000000E+00, 4.9460648E-07, 9.8736557E-05, 2.3856917E-10
 4.3460436E+00,-4.4895061E+01,-6.8839419E+01, 9.7356492E-03, 1.4775012E-03, 2.7325815E+00,-1.6867510E-14, 1.7058245E+00, 1.6161985E+00,-1.0092867E-12, 9.9231163E-05, 0.0000000E+00, 4.9997856E-07, 9.8731185E-05, 2.4376062E-10
 4.3483202E+00,-4.4892176E+01,-6.8769197E+01, 9.7179669E-03, 1.4904855E-03, 2.7371347E+00,-1.6713987E-14, 1.7094888E+00, 1.6170874E+00,-9.6785602E-13, 9.9231163E-05, 0.0000000E+00, 5.0544022E-07, 9.8725723E-05, 2.4917828E-10
 4.3505968E+00,-4.4889394E+01,-6.8701333E+01, 9.7003107E-03, 1.5035778E-03, 2.7416879E+00,-1.7074810E-14, 1.7131808E+00, 1.6179485E+00,-9.3987011E-13, 9.9231163E-05, 0.0000000E+00, 5.1099148E-07, 9.8720172E-05, 2.5481083E-10
 4.3528734E+00,-4.4886711E+01,-6.8635754E+01, 9.6826808E-03, 1.5167709E-03, 2.7462411E+00,-1.7323742E-14, 1.7168998E+00, 1.6187827E+00,-9.1861725E-13, 9.9231163E-05, 0.0000000E+00, 5.1663236E-07, 9.8714531E-05, 2.6069221E-10
 4.3551500E+00,-4.4884124E+01,-6.8572388E+01, 9.6650779E-03, 1.5300734E-03, 2.7507943E+00,-1.7746148E-14, 1.7206451E+00, 1.6195907E+00,-8.4424175E-13, 9.9231163E-05, 0.0000000E+00, 5.2236286E-07, 9.8708800E-05, 2.6682242E-10
 4.3574266E+00,-4.4881629E+01,-6.8511165E+01, 9.6475023E-03, 1.5434833E-03, 2.7553475E+00,-1.7276037E-14, 1.7244159E+00, 1.6203731E+00,-7.7670726E-13, 9.9231163E-05, 0.0000000E+00, 5.2818300E-07, 9.8702980E-05, 2.7319014E-10
 4.3597032E+00,-4.4879222E+01,-6.8452017E+01, 9.6299544E-03, 1.5569987E-03, 2.7599007E+00,-1.7169352E-14, 1.7282115E+00, 1.6211307E+00,-7.4250388E-13, 9.9231163E-05, 0.0000000E+00, 5.3409279E-07, 9.8697070E-05, 2.7978408E-10
 4.3619798E+00,-4.4876900E+01,-6.8394878E+01, 9.6124347E-03, 1.5706178E-03, 2.7644539E+00,-1.7653340E-14, 1.7320313E+00, 1.6218641E+00,-6.6867038E-13, 9.9231163E-05, 0.0000000E+00, 5.4009222E-07, 9.8691071E-05, 2.8659291E-10
 4.3642564E+00,-4.4874660E+01,-6.8339685E+01, 9.5949435E-03, 1.5843387E-03, 2.7690071E+00,-1.8401873E-14, 1.7358746E+00, 1.6225740E+00,-6.4131774E-13, 9.9231163E-05, 0.0000000E+00, 5.4618127E-07, 9.8684982E-05, 2.9365056E-10
 4.3665330E+00,-4.4872498E+01,-6.8286373E+01, 9.5774812E-03, 1.5981594E-03, 2.7735604E+00,-1.9156478E-14, 1.7397407E+00, 1.6232611E+00,-5.8102631E-13, 9.9231163E-05, 0.0000000E+00, 5.5235991E-07, 9.8678803E-05, 3.0101360E-10
 4.3688096E+00,-4.4870412E+01,-6.8234884E+01, 9.5600482E-03, 1.6120780E-03, 2.7781136E+00,-1.9547658E-14, 1.7436289E+00, 1.6239261E+00,-6.2639623E-13, 9.9231163E-05, 0.0000000E+00, 5.5862812E-07, 9.8672535E-05, 3.0854629E-10
 4.3710862E+00,-4.4868399E+01,-6.8185157E+01, 9.5426447E-03, 1.6260928E-03, 2.7826668E+00,-1.9158212E-14, 1.7475388E+00, 1.6245694E+00,-6.3871991E-13, 9.9231163E-05, 0.0000000E+00, 5.6498586E-07, 9.8666177E-05, 3.1635043E-10
 4.3733628E+00,-4.4866456E+01,-6.8137136E+01, 9.5252710E-03, 1.6402018E-03, 2.7872200E+00,-1.9219795E-14, 1.7514695E+00, 1.6251919E+00,-7.1676899E-13, 9.9231163E-05, 0.0000000E+00, 5.7143307E-07, 9.8659730E-05, 3.2441471E-10
 4.3756394E+00,-4.4864581E+01,-6.8090764E+01, 9.5079276E-03, 1.6544031E-03, 2.7917732E+00,-1.9613577E-14, 1.7554206E+00, 1.6257941E+00,-7.0923677E-13, 9.9231163E-05, 0.0000000E+00, 5.7796971E-07, 9.8653193E-05, 3.3269389E-10
 4.3779160E+00,-4.4862771E+01,-6.8045988E+01, 9.4906146E-03, 1.6686949E-03, 2.7963264E+00,-1.9559801E-14, 1.7593913E+00, 1.6263765E+00,-8.0009744E-13, 9.9231163E-05, 0.0000000E+00, 5.8459571E-07, 9.8646567E-05, 3.4124451E-10
 4.3801926E+00,-4.4861024E+01,-6.8002755E+01, 9.4733324E-03, 1.6830754E-03, 2.8008796E+00,-1.9503422E-14, 1.7633812E+00, 1.6269398E+00,-7.5317733E-13, 9.9231163E-05, 0.0000000E+00, 5.9131102E-07, 9.8639852E-05, 3.4998741E-10
 4.3824692E+00,-4.4859337E+01,-6.7961015E+01, 9.4560812E-03, 1.6975427E-03, 2.8054328E+00,-1.9750621E-14, 1.7673897E+00, 1.6274845E+00,-7.1292367E-13, 9.9231163E-05, 0.0000000E+00, 5.9811555E-07, 9.8633048E-05, 3.5903569E-10
 4.3847458E+00,-4.4857709E+01,-6.7920717E+01, 9.4388613E-03, 1.7120951E-03, 2.8099860E+00,-2.0799261E-14, 1.7714162E+00, 1.6280113E+00,-6.5318236E-13, 9.9231163E-05, 0.0000000E+00, 6.0500925E-07, 9.8626154E-05, 3.6829886E-10
 4.3870224E+00,-4.4856136E+01,-6.7881814E+01, 9.4216728E-03, 1.7267307E-03, 2.8145392E+00,-2.1915555E-14, 1.7754601E+00, 1.6285206E+00,-6.9144718E-13, 9.9231163E-05, 0.0000000E+00, 6.1199201E-07, 9.8619171E-05, 3.7779955E-10
 4.3892990E+00,-4.4854618E+01,-6.7844260E+01, 9.4045161E-03, 1.7414479E-03, 2.8190924E+00,-2.2043058E-14, 1.7795209E+00, 1.6290129E+00,-6.5143729E-13, 9.9231163E-05, 0.0000000E+00, 6.1906377E-07, 9.8612099E-05, 3.8754907E-10
 4.3915756E+00,-4.4853152E+01,-6.7808010E+01, 9.3873913E-03, 1.7562447E-03, 2.8236456E+00,-2.2666691E-14, 1.7835982E+00, 1.6294889E+00,-6.5056824E-13, 9.9231163E-05, 0.0000000E+00, 6.2622444E-07, 9.8604939E-05, 3.9753611E-10
 4.3938522E+00,-4.4851737E+01,-6.7773019E+01, 9.3702987E-03, 1.7711196E-03, 2.8281988E+00,-2.2928634E-14, 1.7876914E+00, 1.6299489E+00,-5.7823435E-13, 9.9231163E-05, 0.0000000E+00, 6.3347392E-07, 9.8597689E-05, 4.0772673E-10
 4.3961288E+00,-4.4850370E+01,-6.7739245E+01, 9.3532384E-03, 1.7860707E-03, 2.8327520E+00,-2.3056136E-14, 1.7917999E+00, 1.6303935E+00,-5.9044175E-13, 9.9231163E-05, 0.0000000E+00, 6.4081212E-07, 9.8590351E-05, 4.1817750E-10
 4.3984054E+00,-4.4849050E+01,-6.7706649E+01, 9.3362107E-03, 1.8010964E-03, 2.8373052E+00,-2.3413489E-14, 1.7959234E+00, 1.6308232E+00,-5.5725847E-13, 9.9231163E-05, 0.0000000E+00, 6.4823894E-07, 9.8582924E-05, 4.2884315E-10
 4.4006820E+00,-4.4847776E+01,-6.7675188E+01, 9.3192157E-03, 1.8161951E-03, 2.8418584E+00,-2.3052667E-14, 1.8000614E+00, 1.6312385E+00,-5.8240361E-13, 9.9231163E-05, 0.0000000E+00, 6.5575428E-07, 9.8575409E-05, 4.3975764E-10
 4.4029586E+00,-4.4846545E+01,-6.7644827E+01, 9.3022536E-03, 1.8313650E-03, 2.8464116E+00,-2.2340563E-14, 1.8042134E+00, 1.6316397E+00,-6.0101954E-13, 9.9231163E-05, 0.0000000E+00, 6.6335805E-07, 9.8567805E-05, 4.5089833E-10
 4.4052352E+00,-4.4845356E+01,-6.7615526E+01, 9.2853245E-03, 1.8466045E-03, 2.8509648E+00,-2.1906014E-14, 1.8083789E+00, 1.6320274E+00,-6.1958619E-13, 9.9231163E-05, 0.0000000E+00, 6.7105014E-07, 9.8560113E-05, 4.6224261E-10
 4.4075118E+00,-4.4844208E+01,-6.7587250E+01, 9.2684287E-03, 1.8619120E-03, 2.8555180E+00,-2.0695177E-14, 1.8125576E+00, 1.6324019E+00,-5.8653982E-13, 9.9231163E-05, 0.0000000E+00, 6.7883044E-07, 9.8552333E-05, 4.7383572E-10
 4.4097884E+00,-4.4843099E+01,-6.7559965E+01, 9.2515662E-03, 1.8772859E-03, 2.8600712E+00,-2.0814873E-14, 1.8167489E+00, 1.6327638E+00,-5.6645466E-13, 9.9231163E-05, 0.0000000E+00, 6.8669884E-07, 9.8544464E-05, 4.8562110E-10
 4.4120650E+00,-4.4842028E+01,-6.7533635E+01, 9.2347372E-03, 1.8927247E-03, 2.8646244E+00,-2.0898140E-14, 1.8209526E+00, 1.6331133E+00,-5.5285095E-13, 9.9231163E-05, 0.0000000E+00, 6.9465524E-07, 9.8536508E-05, 4.9759876E-10
 4.4143416E+00,-4.4840993E+01,-6.7508229E+01, 9.2179418E-03, 1.9082269E-03, 2.8691777E+00,-2.1947648E-14, 1.8251682E+00, 1.6334509E+00,-4.8792277E-13, 9.9231163E-05, 0.0000000E+00, 7.0269953E-07, 9.8528464E-05, 5.0985918E-10
 4.4166182E+00,-4.4839994E+01,-6.7483715E+01, 9.2011802E-03, 1.9237907E-03, 2.8737309E+00,-2.1559937E-14, 1.8293953E+00, 1.6337770E+00,-4.9369286E-13, 9.9231163E-05, 0.0000000E+00, 7.1083159E-07, 9.8520332E-05, 5.2232318E-10
 4.4188948E+00,-4.4839029E+01,-6.7460063E+01, 9.1844524E-03, 1.9394149E-03, 2.8782841E+00,-2.1628459E-14, 1.8336335E+00, 1.6340920E+00,-4.6743193E-13, 9.9231163E-05, 0.0000000E+00, 7.1905132E-07, 9.8512112E-05, 5.3500208E-10
 4.4211715E+00,-4.4838097E+01,-6.7437242E+01, 9.1677586E-03, 1.9550979E-03, 2.8828373E+00,-2.0997019E-14, 1.8378826E+00, 1.6343961E+00,-4.6042420E-13, 9.9231163E-05, 0.0000000E+00, 7.2735860E-07, 9.8503805E-05, 5.4781670E-10
 4.4234481E+00,-4.4837197E+01,-6.7415224E+01, 9.1510989E-03, 1.9708382E-03, 2.8873905E+00,-2.1840962E-14, 1.8421420E+00, 1.6346899E+00,-4.2150280E-13, 9.9231163E-05, 0.0000000E+00, 7.3575332E-07, 9.8495410E-05, 5.6086885E-10
 4.4268630E+00,-4.4835915E+01,-6.7383905E+01, 9.1261855E-03, 1.9945684E-03, 2.8942203E+00,-2.3355376E-14, 1.8485536E+00, 1.6351082E+00,-4.5891975E-13, 9.9231163E-05, 0.0000000E+00, 7.4854155E-07, 9.8482622E-05, 5.5998664E-10
 4.4302779E+00,-4.4834697E+01,-6.7354214E+01, 9.1013495E-03, 2.0184184E-03, 2.9010501E+00,-2.3712729E-14, 1.8549863E+00, 1.6355052E+00,-4.3257613E-13, 9.9231163E-05, 0.0000000E+00, 7.6152555E-07, 9.8469638E-05, 5.5910443E-10
 4.4336928E+00,-4.4833540E+01,-6.7326068E+01, 9.0765910E-03, 2.0423834E-03, 2.9078799E+00,-2.4065745E-14, 1.8614393E+00, 1.6358821E+00,-4.5712733E-13, 9.9231163E-05, 0.0000000E+00, 7.7470497E-07, 9.8456458E-05, 5.5818829E-10
 4.4371077E+00,-4.4832442E+01,-6.7299387E+01, 9.0519103E-03, 2.0664590E-03, 2.9147097E+00,-2.4423098E-14, 1.8679115E+00, 1.6362397E+00,-4.1821666E-13, 9.9231163E-05, 0.0000000E+00, 7.8807944E-07, 9.8443084E-05, 5.5727215E-10
 4.4405226E+00,-4.4831399E+01,-6.7274097E+01, 9.0273075E-03, 2.0906409E-03, 2.9215395E+00,-2.4549733E-14, 1.8744019E+00, 1.6365791E+00,-5.5653749E-13, 9.9231163E-05, 0.0000000E+00, 8.0164859E-07, 9.8429515E-05, 5.5629946E-10
 4.4439375E+00,-4.4830408E+01,-6.7250125E+01, 9.0027830E-03, 2.1149249E-03, 2.9283693E+00,-2.4618255E-14, 1.8809097E+00, 1.6369011E+00,-6.0595306E-13, 9.9231163E-05, 0.0000000E+00, 8.1541206E-07, 9.8415751E-05, 5.5533808E-10
 4.4473524E+00,-4.4829467E+01,-6.7227404E+01, 8.9783368E-03, 2.1393067E-03, 2.9351991E+00,-2.3521042E-14, 1.8874339E+00, 1.6372066E+00,-6.9297581E-13, 9.9231163E-05, 0.0000000E+00, 8.2936949E-07, 9.8401794E-05, 5.5435408E-10
 4.4507673E+00,-4.4828574E+01,-6.7205870E+01, 8.9539691E-03, 2.1637824E-03, 2.9420289E+00,-2.3933906E-14, 1.8939739E+00, 1.6374965E+00,-7.5451157E-13, 9.9231163E-05, 0.0000000E+00, 8.4352053E-07, 9.8387643E-05, 5.5332484E-10
 4.4541822E+00,-4.4827726E+01,-6.7185461E+01, 8.9296800E-03, 2.1883480E-03, 2.9488587E+00,-2.4093501E-14, 1.9005287E+00, 1.6377714E+00,-8.4091161E-13, 9.9231163E-05, 0.0000000E+00, 8.5786480E-07, 9.8373298E-05, 5.5230691E-10
 4.4575971E+00,-4.4826920E+01,-6.7166118E+01, 8.9054695E-03, 2.2129998E-03, 2.9556885E+00,-2.4111715E-14, 1.9070977E+00, 1.6380323E+00,-7.8292124E-13, 9.9231163E-05, 0.0000000E+00, 8.7240196E-07, 9.8358761E-05, 5.5124374E-10
 4.4610120E+00,-4.4826155E+01,-6.7147787E+01, 8.8813379E-03, 2.2377339E-03, 2.9625184E+00,-2.4163757E-14, 1.9136801E+00, 1.6382797E+00,-7.4390786E-13, 9.9231163E-05, 0.0000000E+00, 8.8713166E-07, 9.8344031E-05, 5.5019188E-10
 4.4644269E+00,-4.4825429E+01,-6.7130416E+01, 8.8572851E-03, 2.2625468E-03, 2.9693482E+00,-2.4770043E-14, 1.9202753E+00, 1.6385143E+00,-6.7384757E-13, 9.9231163E-05, 0.0000000E+00, 9.0205355E-07, 9.8329110E-05, 5.4912870E-10
 4.4678418E+00,-4.4824739E+01,-6.7113953E+01, 8.8333112E-03, 2.2874348E-03, 2.9761780E+00,-2.6241956E-14, 1.9268826E+00, 1.6387368E+00,-6.9123898E-13, 9.9231163E-05, 0.0000000E+00, 9.1716728E-07, 9.8313996E-05, 5.4799767E-10
 4.4712567E+00,-4.4824085E+01,-6.7098353E+01, 8.8094162E-03, 2.3123947E-03, 2.9830078E+00,-2.6365988E-14, 1.9335014E+00, 1.6389478E+00,-6.5262463E-13, 9.9231163E-05, 0.0000000E+00, 9.3247251E-07, 9.8298691E-05, 5.4688925E-10
 4.4746716E+00,-4.4823463E+01,-6.7083570E+01, 8.7856001E-03, 2.3374229E-03, 2.9898376E+00,-2.6227211E-14, 1.9401311E+00, 1.6391480E+00,-7.2582267E-13, 9.9231163E-05, 0.0000000E+00, 9.4796892E-07, 9.8283194E-05, 5.4579215E-10
 4.4780865E+00,-4.4822873E+01,-6.7069561E+01, 8.7618630E-03, 2.3625163E-03, 2.9966674E+00,-2.5956594E-14, 1.9467711E+00, 1.6393377E+00,-7.0586494E-13, 9.9231163E-05, 0.0000000E+00, 9.6365616E-07, 9.8267507E-05, 5.4459325E-10
 4.4815014E+00,-4.4822312E+01,-6.7056287E+01, 8.7382047E-03, 2.3876717E-03, 3.0034972E+00,-2.6593237E-14, 1.9534210E+00, 1.6395176E+00,-6.5508294E-13, 9.9231163E-05, 0.0000000E+00, 9.7953391E-07, 9.8251629E-05, 5.4347353E-10
 4.4849163E+00,-4.4821780E+01,-6.7043709E+01, 8.7146253E-03, 2.4128859E-03, 3.0103270E+00,-2.7843973E-14, 1.9600802E+00, 1.6396882E+00,-6.2299855E-13, 9.9231163E-05, 0.0000000E+00, 9.9560184E-07, 9.8235561E-05, 5.4229725E-10
 4.4883312E+00,-4.4821275E+01,-6.7031791E+01, 8.6911248E-03, 2.4381561E-03, 3.0171568E+00,-2.8241225E-14, 1.9667483E+00, 1.6398500E+00,-6.0950553E-13, 9.9231163E-05, 0.0000000E+00, 1.0118596E-06, 9.8219304E-05, 5.4108705E-10
 4.4917461E+00,-4.4820796E+01,-6.7020498E+01, 8.6677029E-03, 2.4634791E-03, 3.0239866E+00,-2.7327893E-14, 1.9734248E+00, 1.6400033E+00,-6.8209331E-13, 9.9231163E-05, 0.0000000E+00, 1.0283070E-06, 9.8202856E-05, 5.3991077E-10
 4.4951610E+00,-4.4820341E+01,-6.7009798E+01, 8.6443598E-03, 2.4888523E-03, 3.0308164E+00,-2.6562012E-14, 1.9801092E+00, 1.6401487E+00,-6.4400615E-13, 9.9231163E-05, 0.0000000E+00, 1.0449436E-06, 9.8186220E-05, 5.3865532E-10
 4.4985759E+00,-4.4819909E+01,-6.6999659E+01, 8.6210953E-03, 2.5142729E-03, 3.0376462E+00,-2.6034656E-14, 1.9868012E+00, 1.6402865E+00,-6.2442796E-13, 9.9231163E-05, 0.0000000E+00, 1.0617691E-06, 9.8169394E-05, 5.3743380E-10
 4.5000000E+00,-4.4819733E+01,-6.6995527E+01, 8.6114079E-03, 2.5248840E-03, 3.0404944E+00,-2.5598807E-14, 1.9895932E+00, 1.6403427E+00,-6.8510842E-13, 9.9231163E-05, 0.0000000E+00, 1.0688184E-06, 9.8162345E-05, 5.3920953E-10
 4.5021361E+00,-4.4819477E+01,-6.6989536E+01, 8.5969071E-03, 2.5408169E-03, 3.0447666E+00,-2.5734983E-14, 1.9937839E+00, 1.6404241E+00,-6.9041288E-13, 9.9231163E-05, 0.0000000E+00, 1.0794663E-06, 9.8151697E-05, 5.5249919E-10
 4.5053402E+00,-4.4819112E+01,-6.6980994E+01, 8.5752244E-03, 2.5647502E-03, 3.0511749E+00,-2.5247526E-14, 2.0000760E+00, 1.6405404E+00,-6.9529670E-13, 9.9231163E-05, 0.0000000E+00, 1.0956039E-06, 9.8135559E-05, 5.5157174E-10
 4.5085444E+00,-4.4818764E+01,-6.6972874E+01, 8.5536105E-03, 2.5887184E-03, 3.0575832E+00,-2.5360283E-14, 2.0063737E+00, 1.6406509E+00,-6.5145633E-13, 9.9231163E-05, 0.0000000E+00, 1.1119070E-06, 9.8119256E-05, 5.5071215E-10
 4.5117485E+00,-4.4818433E+01,-6.6965155E+01, 8.5320656E-03, 2.6127194E-03, 3.0639915E+00,-2.4228375E-14, 2.0126769E+00, 1.6407560E+00,-6.8677983E-13, 9.9231163E-05, 0.0000000E+00, 1.1283755E-06, 9.8102788E-05, 5.4982995E-10
 4.5149527E+00,-4.4818118E+01,-6.6957818E+01, 8.5105893E-03, 2.6367512E-03, 3.0703998E+00,-2.3733112E-14, 2.0189853E+00, 1.6408559E+00,-6.1277263E-13, 9.9231163E-05, 0.0000000E+00, 1.1450091E-06, 9.8086154E-05, 5.4894774E-10
 4.5181568E+00,-4.4817818E+01,-6.6950844E+01, 8.4891817E-03, 2.6608119E-03, 3.0768081E+00,-2.3413923E-14, 2.0252985E+00, 1.6409510E+00,-6.7226606E-13, 9.9231163E-05, 0.0000000E+00, 1.1618075E-06, 9.8069356E-05, 5.4800898E-10
 4.5213610E+00,-4.4817533E+01,-6.6944215E+01, 8.4678425E-03, 2.6848982E-03, 3.0832164E+00,-2.2900445E-14, 2.0316165E+00, 1.6410413E+00,-6.0458833E-13, 9.9231163E-05, 0.0000000E+00, 1.1787705E-06, 9.8052393E-05, 5.4713808E-10
 4.5245651E+00,-4.4817261E+01,-6.6937913E+01, 8.4465717E-03, 2.7090081E-03, 3.0896247E+00,-2.3182337E-14, 2.0379388E+00, 1.6411273E+00,-5.6732313E-13, 9.9231163E-05, 0.0000000E+00, 1.1958978E-06, 9.8035265E-05, 5.4624457E-10
 4.5277693E+00,-4.4817002E+01,-6.6931923E+01, 8.4253691E-03, 2.7331413E-03, 3.0960330E+00,-2.3448617E-14, 2.0442654E+00, 1.6412090E+00,-6.0248581E-13, 9.9231163E-05, 0.0000000E+00, 1.2131893E-06, 9.8017974E-05, 5.4531712E-10
 4.5325755E+00,-4.4816641E+01,-6.6923589E+01, 8.3937168E-03, 2.7693819E-03, 3.1056454E+00,-2.2673196E-14, 2.0537641E+00, 1.6413227E+00,-7.5114812E-13, 9.9231163E-05, 0.0000000E+00, 1.2394948E-06, 9.7991668E-05, 5.3538663E-10
 4.5373817E+00,-4.4816306E+01,-6.6915858E+01, 8.3622171E-03, 2.8056636E-03, 3.1152579E+00,-2.2437274E-14, 2.0632710E+00, 1.6414283E+00,-8.5708382E-13, 9.9231163E-05, 0.0000000E+00, 1.2661680E-06, 9.7964995E-05, 5.2541090E-10
 4.5421880E+00,-4.4815994E+01,-6.6908687E+01, 8.3308693E-03, 2.8419808E-03, 3.1248703E+00,-2.0893370E-14, 2.0727855E+00, 1.6415262E+00,-9.5649313E-13, 9.9231163E-05, 0.0000000E+00, 1.2932080E-06, 9.7937955E-05, 5.1533338E-10
 4.5469942E+00,-4.4815704E+01,-6.6902036E+01, 8.2996730E-03, 2.8783281E-03, 3.1344828E+00,-1.9814372E-14, 2.0823071E+00, 1.6416171E+00,-1.0136507E-12, 9.9231163E-05, 0.0000000E+00, 1.3206142E-06, 9.7910549E-05, 5.0518800E-10
 4.5518004E+00,-4.4815435E+01,-6.6895866E+01, 8.2686275E-03, 2.9147006E-03, 3.1440952E+00,-1.8986909E-14, 2.0918352E+00, 1.6417014E+00,-1.0050936E-12, 9.9231163E-05, 0.0000000E+00, 1.3483859E-06, 9.7882777E-05, 4.9495214E-10
 4.5566066E+00,-4.4815185E+01,-6.6890144E+01, 8.2377322E-03, 2.9510931E-03, 3.1537077E+00,-1.8003320E-14, 2.1013694E+00, 1.6417797E+00,-9.8471643E-13, 9.9231163E-05, 0.0000000E+00, 1.3765222E-06, 9.7854641E-05, 4.8463710E-10
 4.5614129E+00,-4.4814953E+01,-6.6884836E+01, 8.2069866E-03, 2.9875009E-03, 3.1633201E+00,-1.8738843E-14, 2.1109093E+00, 1.6418523E+00,-1.0295288E-12, 9.9231163E-05, 0.0000000E+00, 1.4050225E-06, 9.7826141E-05, 4.7428813E-10
 4.5662191E+00,-4.4814737E+01,-6.6879912E+01, 8.1763899E-03, 3.0239193E-03, 3.1729326E+00,-1.9718962E-14, 2.1204544E+00, 1.6419196E+00,-8.3214187E-13, 9.9231163E-05, 0.0000000E+00, 1.4338860E-06, 9.7797277E-05, 4.6382606E-10
 4.5710253E+00,-4.4814537E+01,-6.6875345E+01, 8.1459416E-03, 3.0603439E-03, 3.1825450E+00,-2.0062437E-14, 2.1300043E+00, 1.6419822E+00,-8.2413458E-13, 9.9231163E-05, 0.0000000E+00, 1.4631122E-06, 9.7768051E-05, 4.5329613E-10
 4.5758315E+00,-4.4814350E+01,-6.6871109E+01, 8.1156409E-03, 3.0967704E-03, 3.1921575E+00,-2.1188273E-14, 2.1395588E+00, 1.6420401E+00,-7.4570745E-13, 9.9231163E-05, 0.0000000E+00, 1.4927001E-06, 9.7738463E-05, 4.4272095E-10
 4.5806378E+00,-4.4814177E+01,-6.6867180E+01, 8.0854872E-03, 3.1331945E-03, 3.2017699E+00,-2.2156248E-14, 2.1491174E+00, 1.6420939E+00,-6.5010755E-13, 9.9231163E-05, 0.0000000E+00, 1.5226492E-06, 9.7708514E-05, 4.3208922E-10
 4.5854440E+00,-4.4814016E+01,-6.6863535E+01, 8.0554799E-03, 3.1696122E-03, 3.2113824E+00,-2.2808504E-14, 2.1586799E+00, 1.6421439E+00,-5.4330717E-13, 9.9231163E-05, 0.0000000E+00, 1.5529587E-06, 9.7678204E-05, 4.2142357E-10
 4.5902502E+00,-4.4813867E+01,-6.6860155E+01, 8.0256181E-03, 3.2060196E-03, 3.2209948E+00,-2.3240450E-14, 2.1682461E+00, 1.6421902E+00,-4.1373653E-13, 9.9231163E-05, 0.0000000E+00, 1.5836280E-06, 9.7647535E-05, 4.1066742E-10
 4.5950564E+00,-4.4813728E+01,-6.6857019E+01, 7.9959011E-03, 3.2424129E-03, 3.2306073E+00,-2.2385232E-14, 2.1778156E+00, 1.6422331E+00,-3.7200716E-13, 9.9231163E-05, 0.0000000E+00, 1.6146562E-06, 9.7616507E-05, 3.9989997E-10
 4.5998627E+00,-4.4813600E+01,-6.6854111E+01, 7.9663284E-03, 3.2787884E-03, 3.2402197E+00,-2.3642906E-14, 2.1873882E+00, 1.6422730E+00,-4.3485167E-13, 9.9231163E-05, 0.0000000E+00, 1.6460427E-06, 9.7585120E-05, 3.8904204E-10
 4.6046689E+00,-4.4813480E+01,-6.6851413E+01, 7.9368990E-03, 3.3151425E-03, 3.2498322E+00,-2.3559640E-14, 2.1969636E+00, 1.6423100E+00,-3.1230930E-13, 9.9231163E-05, 0.0000000E+00, 1.6777867E-06, 9.7553376E-05, 3.7817279E-10
 4.6094751E+00,-4.4813369E+01,-6.6848910E+01, 7.9076124E-03, 3.3514719E-03, 3.2594446E+00,-2.4125159E-14, 2.2065418E+00, 1.6423443E+00,-2.8268401E-13, 9.9231163E-05, 0.0000000E+00, 1.7098876E-06, 9.7521276E-05, 3.6726962E-10
 4.6142813E+00,-4.4813266E+01,-6.6846589E+01, 7.8784676E-03, 3.3877730E-03, 3.2690571E+00,-2.5538959E-14, 2.2161224E+00, 1.6423761E+00,-1.4962192E-13, 9.9231163E-05, 0.0000000E+00, 1.7423446E-06, 9.7488819E-05, 3.5630989E-10
 4.6190876E+00,-4.4813170E+01,-6.6844436E+01, 7.8494641E-03, 3.4240428E-03, 3.2786695E+00,-2.3524945E-14, 2.2257053E+00, 1.6424057E+00,-1.0332700E-13, 9.9231163E-05, 0.0000000E+00, 1.7751569E-06, 9.7456006E-05, 3.4531623E-10
 4.6238938E+00,-4.4813081E+01,-6.6842439E+01, 7.8206010E-03, 3.4602780E-03, 3.2882820E+00,-2.3040957E-14, 2.2352904E+00, 1.6424330E+00,-1.7751093E-13, 9.9231163E-05, 0.0000000E+00, 1.8083238E-06, 9.7422839E-05, 3.3427733E-10
 4.6287000E+00,-4.4812999E+01,-6.6840587E+01, 7.7918776E-03, 3.4964757E-03, 3.2978944E+00,-2.3847604E-14, 2.2448774E+00, 1.6424585E+00, 5.7119995E-15, 9.9231163E-05, 0.0000000E+00, 1.8418447E-06, 9.7389318E-05, 3.2320450E-10
 4.6335062E+00,-4.4812922E+01,-6.6838868E+01, 7.7632930E-03, 3.5326327E-03, 3.3075069E+00,-2.4805171E-14, 2.2544663E+00, 1.6424820E+00, 1.2535402E-13, 9.9231163E-05, 0.0000000E+00, 1.8757186E-06, 9.7355445E-05, 3.1212036E-10
 4.6383125E+00,-4.4812851E+01,-6.6837275E+01, 7.7348466E-03, 3.5687462E-03, 3.3171193E+00,-2.5105278E-14, 2.2640569E+00, 1.6425039E+00, 1.3641335E-13, 9.9231163E-05, 0.0000000E+00, 1.9099450E-06, 9.7321218E-05, 3.0100229E-10
 4.6431187E+00,-4.4812785E+01,-6.6835796E+01, 7.7065376E-03, 3.6048135E-03, 3.3267318E+00,-2.6012539E-14, 2.2736490E+00, 1.6425242E+00, 1.2473864E-13, 9.9231163E-05, 0.0000000E+00, 1.9445229E-06, 9.7286640E-05, 2.8987291E-10
 4.6479249E+00,-4.4812723E+01,-6.6834425E+01, 7.6783652E-03, 3.6408317E-03, 3.3363442E+00,-2.5722840E-14, 2.2832426E+00, 1.6425430E+00, 1.0180899E-13, 9.9231163E-05, 0.0000000E+00, 1.9794517E-06, 9.7251711E-05, 2.7872090E-10
 4.6527311E+00,-4.4812667E+01,-6.6833153E+01, 7.6503285E-03, 3.6767983E-03, 3.3459567E+00,-2.6090601E-14, 2.2928376E+00, 1.6425605E+00, 1.0720256E-13, 9.9231163E-05, 0.0000000E+00, 2.0147305E-06, 9.7216433E-05, 2.6753497E-10
 4.6575374E+00,-4.4812614E+01,-6.6831973E+01, 7.6224269E-03, 3.7127107E-03, 3.3555691E+00,-2.6753266E-14, 2.3024339E+00, 1.6425767E+00, 7.3170396E-14, 9.9231163E-05, 0.0000000E+00, 2.0503586E-06, 9.7180805E-05, 2.5634904E-10
 4.6647467E+00,-4.4812543E+01,-6.6830388E+01, 7.5808731E-03, 3.7664406E-03, 3.3699878E+00,-2.7317051E-14, 2.3168308E+00, 1.6425984E+00, 1.6823986E-13, 9.9231163E-05, 0.0000000E+00, 2.1045838E-06, 9.7126579E-05, 2.5866766E-10
 4.6719560E+00,-4.4812479E+01,-6.6828970E+01, 7.5396178E-03, 3.8200326E-03, 3.3844065E+00,-2.5634369E-14, 2.3312300E+00, 1.6426179E+00, 1.7321707E-13, 9.9231163E-05, 0.0000000E+00, 2.1595892E-06, 9.7071574E-05, 2.6099759E-10
 4.6791654E+00,-4.4812422E+01,-6.6827700E+01, 7.4986586E-03, 3.8734790E-03, 3.3988251E+00,-2.4737517E-14, 2.3456312E+00, 1.6426354E+00, 9.4646589E-14, 9.9231163E-05, 0.0000000E+00, 2.2153721E-06, 9.7015791E-05, 2.6332752E-10
 4.6863747E+00,-4.4812371E+01,-6.6826563E+01, 7.4579929E-03, 3.9267722E-03, 3.4132438E+00,-2.4158119E-14, 2.3600343E+00, 1.6426510E+00, 1.0540043E-13, 9.9231163E-05, 0.0000000E+00, 2.2719296E-06, 9.6959234E-05, 2.6565745E-10
 4.6935841E+00,-4.4812325E+01,-6.6825546E+01, 7.4176179E-03, 3.9799051E-03, 3.4276625E+00,-2.3523210E-14, 2.3744390E+00, 1.6426649E+00, 1.1054959E-13, 9.9231163E-05, 0.0000000E+00, 2.3292590E-06, 9.6901904E-05, 2.6799869E-10
 4.7007934E+00,-4.4812284E+01,-6.6824635E+01, 7.3775310E-03, 4.0328708E-03, 3.4420812E+00,-2.4145976E-14, 2.3888451E+00, 1.6426775E+00, 7.1600240E-14, 9.9231163E-05, 0.0000000E+00, 2.3873571E-06, 9.6843806E-05, 2.7032863E-10
 4.7080027E+00,-4.4812247E+01,-6.6823819E+01, 7.3377298E-03, 4.0856627E-03, 3.4564998E+00,-2.3566578E-14, 2.4032526E+00, 1.6426887E+00, 1.9757098E-13, 9.9231163E-05, 0.0000000E+00, 2.4462212E-06, 9.6784942E-05, 2.7268118E-10
 4.7152121E+00,-4.4812214E+01,-6.6823089E+01, 7.2982116E-03, 4.1382743E-03, 3.4709185E+00,-2.3811174E-14, 2.4176613E+00, 1.6426987E+00,-3.8280159E-14, 9.9231163E-05, 0.0000000E+00, 2.5058481E-06, 9.6725315E-05, 2.7504504E-10
 4.7224214E+00,-4.4812185E+01,-6.6822436E+01, 7.2589739E-03, 4.1906994E-03, 3.4853372E+00,-2.3648110E-14, 2.4320710E+00, 1.6427077E+00, 5.4492434E-14, 9.9231163E-05, 0.0000000E+00, 2.5662348E-06, 9.6664928E-05, 2.7738628E-10
 4.7296307E+00,-4.4812158E+01,-6.6821851E+01, 7.2200140E-03, 4.2429321E-03, 3.4997559E+00,-2.3873625E-14, 2.4464816E+00, 1.6427157E+00, 1.6833090E-13, 9.9231163E-05, 0.0000000E+00, 2.6273782E-06, 9.6603785E-05, 2.7973884E-10
 4.7368401E+00,-4.4812135E+01,-6.6821327E+01, 7.1813295E-03, 4.2949667E-03, 3.5141745E+00,-2.5375895E-14, 2.4608931E+00, 1.6427229E+00, 3.0301319E-13, 9.9231163E-05, 0.0000000E+00, 2.6892750E-06, 9.6541888E-05, 2.8206877E-10
 4.7440494E+00,-4.4812113E+01,-6.6820858E+01, 7.1429178E-03, 4.3467975E-03, 3.5285932E+00,-2.5655186E-14, 2.4753053E+00, 1.6427294E+00, 2.2646418E-13, 9.9231163E-05, 0.0000000E+00, 2.7519220E-06, 9.6479241E-05, 2.8445525E-10
 4.7512588E+00,-4.4812095E+01,-6.6820438E+01, 7.1047764E-03, 4.3984193E-03, 3.5430119E+00,-2.6052437E-14, 2.4897182E+00, 1.6427351E+00, 1.2358339E-13, 9.9231163E-05, 0.0000000E+00, 2.8153160E-06, 9.6415847E-05, 2.8678518E-10
 4.7584681E+00,-4.4812078E+01,-6.6820062E+01, 7.0669029E-03, 4.4498268E-03, 3.5574306E+00,-2.6189480E-14, 2.5041317E+00, 1.6427403E+00, 1.7134427E-13, 9.9231163E-05, 0.0000000E+00, 2.8794536E-06, 9.6351710E-05, 2.8914905E-10
 4.7656774E+00,-4.4812062E+01,-6.6819726E+01, 7.0292948E-03, 4.5010151E-03, 3.5718492E+00,-2.7081128E-14, 2.5185458E+00, 1.6427449E+00, 1.4940674E-13, 9.9231163E-05, 0.0000000E+00, 2.9443315E-06, 9.6286832E-05, 2.9150160E-10
 4.7728868E+00,-4.4812049E+01,-6.6819425E+01, 6.9919497E-03, 4.5519794E-03, 3.5862679E+00,-2.8652788E-14, 2.5329603E+00, 1.6427491E+00, 9.5715543E-14, 9.9231163E-05, 0.0000000E+00, 3.0099462E-06, 9.6221217E-05, 2.9383153E-10
 4.7800961E+00,-4.4812036E+01,-6.6819155E+01, 6.9548651E-03, 4.6027150E-03, 3.6006866E+00,-2.9527088E-14, 2.5473753E+00, 1.6427528E+00, 2.6496160E-14, 9.9231163E-05, 0.0000000E+00, 3.0762941E-06, 9.6154869E-05, 2.9620670E-10
 4.7909101E+00,-4.4812021E+01,-6.6818811E+01, 6.8998112E-03, 4.6782764E-03, 3.6223146E+00,-3.0234856E-14, 2.5689985E+00, 1.6427575E+00, 6.3264236E-14, 9.9231163E-05, 0.0000000E+00, 3.1774538E-06, 9.6053709E-05, 3.3091816E-10
 4.8017241E+00,-4.4812008E+01,-6.6818518E+01, 6.8453277E-03, 4.7532953E-03, 3.6439426E+00,-3.3235927E-14, 2.5906225E+00, 1.6427615E+00, 7.3431194E-14, 9.9231163E-05, 0.0000000E+00, 3.2802390E-06, 9.5950924E-05, 3.6562962E-10
 4.8125381E+00,-4.4811996E+01,-6.6818269E+01, 6.7914068E-03, 4.8277582E-03, 3.6655706E+00,-3.2028560E-14, 2.6122471E+00, 1.6427649E+00,-6.7839522E-14, 9.9231163E-05, 0.0000000E+00, 3.3846373E-06, 9.5846526E-05, 4.0018273E-10
 4.8233521E+00,-4.4811987E+01,-6.6818057E+01, 6.7380408E-03, 4.9016523E-03, 3.6871986E+00,-3.0557514E-14, 2.6338722E+00, 1.6427679E+00,-1.9210526E-13, 9.9231163E-05, 0.0000000E+00, 3.4906360E-06, 9.5740527E-05, 4.3464536E-10
 4.8341661E+00,-4.4811978E+01,-6.6817877E+01, 6.6852221E-03, 4.9749655E-03, 3.7088266E+00,-3.5851890E-14, 2.6554978E+00, 1.6427703E+00, 8.7820448E-14, 9.9231163E-05, 0.0000000E+00, 3.5982223E-06, 9.5632941E-05, 4.6901751E-10
 4.8449801E+00,-4.4811971E+01,-6.6817723E+01, 6.6329433E-03, 5.0476861E-03, 3.7304546E+00,-3.4200433E-14, 2.6771237E+00, 1.6427724E+00,-8.2240721E-14, 9.9231163E-05, 0.0000000E+00, 3.7073831E-06, 9.5523780E-05, 5.0327655E-10
 4.8557941E+00,-4.4811966E+01,-6.6817593E+01, 6.5811970E-03, 5.1198033E-03, 3.7520827E+00,-3.3315724E-14, 2.6987499E+00, 1.6427742E+00, 1.1251766E-13, 9.9231163E-05, 0.0000000E+00, 3.8181051E-06, 9.5413058E-05, 5.3738856E-10
 4.8666082E+00,-4.4811961E+01,-6.6817482E+01, 6.5299759E-03, 5.1913068E-03, 3.7737107E+00,-3.3700833E-14, 2.7203764E+00, 1.6427758E+00, 2.8498887E-13, 9.9231163E-05, 0.0000000E+00, 3.9303748E-06, 9.5300788E-05, 5.7137616E-10
 4.8774222E+00,-4.4811956E+01,-6.6817388E+01, 6.4792731E-03, 5.2621869E-03, 3.7953387E+00,-3.2004273E-14, 2.7420031E+00, 1.6427771E+00, 5.3678240E-13, 9.9231163E-05, 0.0000000E+00, 4.0441786E-06, 9.5186985E-05, 6.0521672E-10
 4.8882362E+00,-4.4811953E+01,-6.6817307E+01, 6.4290814E-03, 5.3324343E-03, 3.8169667E+00,-2.9933014E-14, 2.7636300E+00, 1.6427782E+00, 3.1242602E-13, 9.9231163E-05, 0.0000000E+00, 4.1595027E-06, 9.5071660E-05, 6.3886500E-10
 4.8990502E+00,-4.4811949E+01,-6.6817239E+01, 6.3793941E-03, 5.4020403E-03, 3.8385947E+00,-3.2385913E-14, 2.7852571E+00, 1.6427791E+00, 5.4658230E-13, 9.9231163E-05, 0.0000000E+00, 4.2763330E-06, 9.4954830E-05, 6.7236626E-10
 4.9098642E+00,-4.4811947E+01,-6.6817181E+01, 6.3302044E-03, 5.4709968E-03, 3.8602227E+00,-3.2802246E-14, 2.8068843E+00, 1.6427799E+00, 4.8903401E-13, 9.9231163E-05, 0.0000000E+00, 4.3946554E-06, 9.4836508E-05, 7.0568654E-10
 4.9260852E+00,-4.4811944E+01,-6.6817112E+01, 6.2575073E-03, 5.5729269E-03, 3.8926647E+00,-3.1345079E-14, 2.8393253E+00, 1.6427809E+00, 2.2293107E-13, 9.9231163E-05, 0.0000000E+00, 4.5754471E-06, 9.4655716E-05, 6.8602916E-10
 4.9423062E+00,-4.4811941E+01,-6.6817057E+01, 6.1858865E-03, 5.6733501E-03, 3.9251068E+00,-3.0096078E-14, 2.8717666E+00, 1.6427816E+00,-2.2132906E-13, 9.9231163E-05, 0.0000000E+00, 4.7594977E-06, 9.4471665E-05, 6.6660929E-10
 4.9585272E+00,-4.4811939E+01,-6.6817014E+01, 6.1153209E-03, 5.7722455E-03, 3.9575488E+00,-3.2913269E-14, 2.9042080E+00, 1.6427822E+00,-1.5626661E-13, 9.9231163E-05, 0.0000000E+00, 4.9467576E-06, 9.4284406E-05, 6.4737039E-10
 4.9747482E+00,-4.4811938E+01,-6.6816980E+01, 6.0457899E-03, 5.8695945E-03, 3.9899908E+00,-2.8278087E-14, 2.9366496E+00, 1.6427827E+00,-3.9274766E-13, 9.9231163E-05, 0.0000000E+00, 5.1371763E-06, 9.4093987E-05, 6.2828983E-10
 4.9909692E+00,-4.4811936E+01,-6.6816952E+01, 5.9772736E-03, 5.9653803E-03, 4.0224328E+00,-2.8278087E-14, 2.9690912E+00, 1.6427830E+00,-2.0702902E-13, 9.9231163E-05, 0.0000000E+00, 5.3307031E-06, 9.3900460E-05, 6.0943548E-10
 5.0000000E+00,-4.4811936E+01,-6.6816939E+01, 5.9394462E-03, 6.0182315E-03, 4.0404944E+00,-2.8881771E-14, 2.9871526E+00, 1.6427832E+00,-1.4387539E-14, 9.9231163E-05, 0.0000000E+00, 5.4394006E-06, 9.3791763E-05, 6.1906059E-10
